scenario_id,model_label,parameter,true_value,n_reps,empirical_coverage,mean_bias,median_bias,rmse,mean_ci_width,mean_posterior_sd,max_rhat_worst,min_ess_worst,pct_rhat_bad,mean_n_divergent,max_n_divergent,pct_reps_with_divergence,pct_reps_many_divergence,mean_n_max_treedepth,min_ebfmi_worst
A1,default,time_trend_mean,-0.08888888888888889,25,1,-0.0023061108847111074,-0.0015531882626111104,0.008706605622249213,0.03969254539,0.012162628446123843,1.488728125803548,4.366707084539907,0.12,104.44,764,1,0.88,0,0.1427341624126408
A1,default,time_trend_sd,0.044444444444444446,25,0.92,0.0024588766842715544,0.0019852829955555526,0.009519497904024557,0.033943135283999996,0.010590266546683104,1.488728125803548,4.366707084539907,0.12,104.44,764,1,0.88,0,0.1427341624126408
A1,default,treatment_effect_mean,-0.3333333333333333,25,0.92,0.0039253019975333085,0.0011308959983333255,0.02275443310753708,0.06847059230000001,0.02120745953432351,1.488728125803548,4.366707084539907,0.12,104.44,764,1,0.88,0,0.1427341624126408
A1,default,treatment_effect_sd,0.06666666666666667,25,0.84,0.015678043421553337,0.01366798690783333,0.020838889218349626,0.054581428493999995,0.017191757343632916,1.488728125803548,4.366707084539907,0.12,104.44,764,1,0.88,0,0.1427341624126408
A10,default,baseline_control_mean,0.45,25,0.96,0.0013244882033999893,0.004174343954999993,0.011109061681904973,0.04474428260000002,0.013643704378521573,1.0321086167084539,101.95858127615058,0,44.28,120,1,0.88,0,0.2350011500572205
A10,default,time_trend_mean,-0.04,25,0.84,-0.002570440971531999,-0.0016824149930000018,0.00818445119341588,0.022589538908,0.006894736008780117,1.0321086167084539,101.95858127615058,0,44.28,120,1,0.88,0,0.2350011500572205
A10,default,time_trend_sd,0.02,25,0.92,4.562809293068593e-4,0.0018630695749499993,0.005635528407920741,0.02145673816696,0.006614802493115708,1.0321086167084539,101.95858127615058,0,44.28,120,1,0.88,0,0.2350011500572205
A10,default,treatment_effect_mean,-0.15,25,0.84,0.0026847927025399933,0.0027233375899999857,0.009287374967054722,0.026083604160000003,0.007958213310240039,1.0321086167084539,101.95858127615058,0,44.28,120,1,0.88,0,0.2350011500572205
A10,default,treatment_effect_sd,0.03,25,0.8,5.701279677300136e-5,-0.001066277026749999,0.0067634599573747805,0.020869873467399998,0.006392082431926985,1.0321086167084539,101.95858127615058,0,44.28,120,1,0.88,0,0.2350011500572205
A11,default,time_trend_mean,-0.08888888888888889,25,0.92,-0.0026503096618511073,-0.0031973986536111138,0.010248995746068718,0.040203689753999995,0.012298497885119497,1.0664363704436246,35.086734738232565,0.08,69.28,271,1,0.76,0,0.3507613312123805
A11,default,time_trend_sd,0.044444444444444446,25,0.96,0.0019869999465659547,0.0024939571370555524,0.008678871428431106,0.034397999221799994,0.010744248289510145,1.0664363704436246,35.086734738232565,0.08,69.28,271,1,0.76,0,0.3507613312123805
A11,default,treatment_effect_mean,-0.3333333333333333,25,0.96,-0.006727754764866685,-0.008997308326666675,0.019918753239663665,0.06870884332,0.021093408868278395,1.0664363704436246,35.086734738232565,0.08,69.28,271,1,0.76,0,0.3507613312123805
A11,default,treatment_effect_sd,0.06666666666666667,25,0.6,0.018643522162883334,0.021484611602333337,0.025344623170742618,0.056683484189999994,0.017572932784098584,1.0664363704436246,35.086734738232565,0.08,69.28,271,1,0.76,0,0.3507613312123805
A12,individual,time_trend_mean,-0.08888888888888889,25,0.96,-0.003535364379831108,-0.003562569727111109,0.01127783460469896,0.03942929872,0.012068849879934528,1.0535289069598415,36.410058327732784,0.04,65.24,244,1,0.92,0,0.12455766490520519
A12,individual,time_trend_sd,0.044444444444444446,25,0.88,0.0012216689034755548,0.003867130291555554,0.010444421664180916,0.03413587396059999,0.010575183088709875,1.0535289069598415,36.410058327732784,0.04,65.24,244,1,0.92,0,0.12455766490520519
A12,individual,treatment_effect_mean,-0.3333333333333333,25,0.88,-0.00515965576586668,-0.0031290251366666855,0.02177630345981301,0.06831446139999998,0.020816491051655353,1.0535289069598415,36.410058327732784,0.04,65.24,244,1,0.92,0,0.12455766490520519
A12,individual,treatment_effect_sd,0.06666666666666667,25,0.72,0.016563599601661334,0.012893338094333337,0.024319977164973475,0.05637786122799999,0.017648821231207375,1.0535289069598415,36.410058327732784,0.04,65.24,244,1,0.92,0,0.12455766490520519
A12,summary,time_trend_mean,-0.08888888888888889,25,0.92,-0.0034172899810311097,-0.002992085765111105,0.011617751465410412,0.0391183283,0.01197936308773648,1.1200688707837798,21.531800795715686,0.08,84.44,650,1,0.88,0,0.20055551818255893
A12,summary,time_trend_sd,0.044444444444444446,25,0.92,0.001141814696067354,0.0031636404160555534,0.010346349791536672,0.034619632039,0.010760906610718945,1.1200688707837798,21.531800795715686,0.08,84.44,650,1,0.88,0,0.20055551818255893
A12,summary,treatment_effect_mean,-0.3333333333333333,25,0.88,-0.005329253826266689,-0.003349742441666692,0.021389071913108345,0.06725631946,0.020508187460767355,1.1200688707837798,21.531800795715686,0.08,84.44,650,1,0.88,0,0.20055551818255893
A12,summary,treatment_effect_sd,0.06666666666666667,25,0.72,0.016693566983593335,0.014294338594833339,0.0244687303125642,0.054901257871999995,0.01709354633160172,1.1200688707837798,21.531800795715686,0.08,84.44,650,1,0.88,0,0.20055551818255893
A13,hierarchical_rho,time_trend_mean,-0.08888888888888889,25,0.88,-0.003939977971647108,-0.004592859406111108,0.013062175581913365,0.044928037042,0.013797570571778939,1.2851971413879375,5.5671515006683405,0.16,124.8,669,1,0.92,4.52,0.13323662223552712
A13,hierarchical_rho,time_trend_sd,0.044444444444444446,25,0.64,0.009310233824032954,0.0091263110505555509,0.016245962706272023,0.037624678848,0.011706996262727719,1.2851971413879375,5.5671515006683405,0.16,124.8,669,1,0.92,4.52,0.13323662223552712
A13,hierarchical_rho,treatment_effect_mean,-0.3333333333333333,25,0.96,0.002997461248333315,0.006608611713333323,0.018544662174563926,0.06817391958,0.020979015480024895,1.2851971413879375,5.5671515006683405,0.16,124.8,669,1,0.92,4.52,0.13323662223552712
A13,hierarchical_rho,treatment_effect_sd,0.06666666666666667,25,0.64,0.018721801737985336,0.016599830179333336,0.024357812676947962,0.057080428934,0.017706654303111958,1.2851971413879375,5.5671515006683405,0.16,124.8,669,1,0.92,4.52,0.13323662223552712
A13,known_rho,time_trend_mean,-0.08888888888888889,25,0.88,-0.004662905307931107,-0.0032688423261111044,0.013357347735903786,0.042302724162,0.012710148160696004,2.033178709327939,2.7526730251980647,1,1994.44,2000,1,1,0,0.2235181091073317
A13,known_rho,time_trend_sd,0.044444444444444446,25,0.72,0.008609708264707553,0.00925836351105555,0.016845685335478304,0.0376487971706,0.011779781813731984,2.033178709327939,2.7526730251980647,1,1994.44,2000,1,1,0,0.2235181091073317
A13,known_rho,treatment_effect_mean,-0.3333333333333333,25,0.84,2.112174045333215e-4,-5.262797516666917e-4,0.02000105960886431,0.06496226602,0.019578230660862752,2.033178709327939,2.7526730251980647,1,1994.44,2000,1,1,0,0.2235181091073317
A13,known_rho,treatment_effect_sd,0.06666666666666667,25,0.56,0.019659675115413337,0.019179276568333334,0.02607643369396455,0.052918880423999996,0.01635910638246122,2.033178709327939,2.7526730251980647,1,1994.44,2000,1,1,0,0.2235181091073317
A14,default,time_trend_mean,-0.08888888888888889,25,0.92,0.0037262374831688915,0.00490271029388889,0.010220600070836817,0.040713452414,0.012530977680381073,1.324030788381939,5.646777311427147,0.04,91.44,1016,1,0.92,36.84,0.13862166531245237
A14,default,time_trend_sd,0.044444444444444446,25,0.88,0.003185910628400154,0.0021392934320555515,0.010367366317252337,0.034636172965999995,0.01079145925269271,1.324030788381939,5.646777311427147,0.04,91.44,1016,1,0.92,36.84,0.13862166531245237
A14,default,treatment_effect_mean,0.3333333333333333,25,0.96,0.0011518121960666838,0.005146613121666699,0.017594627734183643,0.06839364922000002,0.021044825045361572,1.324030788381939,5.646777311427147,0.04,91.44,1016,1,0.92,36.84,0.13862166531245237
A14,default,treatment_effect_sd,0.06666666666666667,25,0.8,0.016022194862173336,0.017135352115833336,0.02251258870636082,0.055380330384,0.017405859455484417,1.324030788381939,5.646777311427147,0.04,91.44,1016,1,0.92,36.84,0.13862166531245237
A15,default,time_trend_mean,-0.08888888888888889,25,0.96,0.004738041737648893,6.21316742888886e-4,0.01109178709772079,0.042103221451999996,0.012991252940664902,2.33741342306026,2.487403182870403,0.08,76.48,214,1,0.92,40,0.08580812228328988
A15,default,time_trend_sd,0.044444444444444446,25,0.8,0.005722317391993584,0.004493002068555553,0.013112912165993862,0.03641766765253282,0.011316652850395167,2.33741342306026,2.487403182870403,0.08,76.48,214,1,0.92,40,0.08580812228328988
A15,default,treatment_effect_mean,0,25,0.88,-0.007315243966678599,-0.008172198114682,0.020243518580281,0.06290289607302,0.019254990544132967,2.33741342306026,2.487403182870403,0.08,76.48,214,1,0.92,40,0.08580812228328988
A15,default,treatment_effect_sd,0.06666666666666667,25,0.88,0.0076026299713853615,0.009273720848333333,0.01616827922217339,0.051726474343999976,0.01650112000098016,2.33741342306026,2.487403182870403,0.08,76.48,214,1,0.92,40,0.08580812228328988
A16,default,time_trend_mean,0.08888888888888889,25,0.92,-9.41006822128892e-4,-0.003944752903388887,0.010639186351020392,0.040886619108,0.012586417781229596,1.3099835218131073,6.322617136082123,0.12,138.56,639,1,1,0,0.11938382002847474
A16,default,time_trend_sd,0.044444444444444446,25,0.92,0.004100838667937554,0.0036983969530555508,0.009668092320869251,0.035422659364,0.011082515930260325,1.3099835218131073,6.322617136082123,0.12,138.56,639,1,1,0,0.11938382002847474
A16,default,treatment_effect_mean,-0.3333333333333333,25,0.92,-0.0030971052732666894,-0.0032837008666666834,0.0159889886054102,0.06435481917999998,0.01963257077306793,1.3099835218131073,6.322617136082123,0.12,138.56,639,1,1,0,0.11938382002847474
A16,default,treatment_effect_sd,0.06666666666666667,25,0.72,0.013956180189875333,0.009051471783333334,0.021777376499446693,0.05466524831399999,0.016859704965895644,1.3099835218131073,6.322617136082123,0.12,138.56,639,1,1,0,0.11938382002847474
A17,default,time_trend_mean,0.08888888888888889,25,0.92,6.00034946787108e-4,-0.0012629449958888872,0.01624866959247589,0.05061114296199999,0.015447054967883045,1.1878603637617116,24.786107195855326,0.08,91.12,706,1,0.84,0,0.3795194281580504
A17,default,time_trend_sd,0.044444444444444446,25,0.88,-0.001558440570183226,-0.0030667085559444446,0.01514256515334784,0.045952664169359995,0.01421477755645562,1.1878603637617116,24.786107195855326,0.08,91.12,706,1,0.84,0,0.3795194281580504
A17,default,treatment_effect_mean,-0.3333333333333333,25,0.88,-0.0035628256454666852,-0.009113080611666713,0.02105180108815618,0.06635966412000001,0.020339633020060265,1.1878603637617116,24.786107195855326,0.08,91.12,706,1,0.84,0,0.3795194281580504
A17,default,treatment_effect_sd,0.06666666666666667,25,0.8,0.013123608398995335,0.010857548606833328,0.019616288446774467,0.05062117354199999,0.015577703034641985,1.1878603637617116,24.786107195855326,0.08,91.12,706,1,0.84,0,0.3795194281580504
A18,default,time_trend_mean,0.08888888888888889,25,0.92,0.003982248961677107,0.004770442371111114,0.013634923376541373,0.04266260630199999,0.013007427609547153,1.5981798115916985,6.848844738845657,0.12,97.36,596,0.96,0.76,0,0.1419022046695263
A18,default,time_trend_sd,0.044444444444444446,25,0.84,0.006036219475980355,0.0066830222685555565,0.013510744306586324,0.037161275884,0.011561313498443804,1.5981798115916985,6.848844738845657,0.12,97.36,596,0.96,0.76,0,0.1419022046695263
A18,default,treatment_effect_mean,0.3333333333333333,25,0.92,0.004038520811066686,-7.761915483333048e-4,0.019600128774900027,0.06543726808,0.020141958178359367,1.5981798115916985,6.848844738845657,0.12,97.36,596,0.96,0.76,0,0.1419022046695263
A18,default,treatment_effect_sd,0.06666666666666667,25,0.84,0.012296404829013334,0.01247433360533333,0.018172082683680278,0.05345842903,0.016636518633718938,1.5981798115916985,6.848844738845657,0.12,97.36,596,0.96,0.76,0,0.1419022046695263
A2,default,time_trend_mean,-0.08888888888888889,25,0.88,-0.0017414392417711073,-0.0015252015016111037,0.006542091838584921,0.023283339734,0.007066918320062686,1.1445759853114674,9.788140298238082,0.08,85.8,457,0.84,0.72,0.12,0.04881192577511822
A2,default,time_trend_sd,0.044444444444444446,25,0.8,0.004208459366455554,0.0037675543910555553,0.006815626285530767,0.018626892115999997,0.0057169644122815515,1.1445759853114674,9.788140298238082,0.08,85.8,457,0.84,0.72,0.12,0.04881192577511822
A2,default,treatment_effect_mean,-0.3333333333333333,25,0.84,-0.005297100415466683,-0.005143650581666659,0.012276258436171222,0.03652686209999999,0.011160654817446103,1.1445759853114674,9.788140298238082,0.08,85.8,457,0.84,0.72,0.12,0.04881192577511822
A2,default,treatment_effect_sd,0.06666666666666667,25,0.6,0.012548105167293334,0.013091783835833329,0.01522439051541667,0.028924606107999996,0.008902264945325089,1.1445759853114674,9.788140298238082,0.08,85.8,457,0.84,0.72,0.12,0.04881192577511822
A3,default,time_trend_mean,-0.08888888888888889,25,0.96,-6.48558592492287e-4,-0.002605861983016114,0.022326464613710024,0.11194710689050999,0.036080530225022715,2.2330184353011444,9.5629640512788,0.08,102.96,978,1,1,0,0.5003728670212324
A3,default,time_trend_sd,0.044444444444444446,25,0.88,0.02321752977589606,0.02293780898010555,0.03834426779527311,0.13469042939979997,0.046315992090708136,2.2330184353011444,9.5629640512788,0.08,102.96,978,1,1,0,0.5003728670212324
A3,default,treatment_effect_mean,-0.3333333333333333,25,0.92,-0.008642824725976684,-0.009685027495116683,0.039918391860958524,0.16010826386,0.05121818002120809,2.2330184353011444,9.5629640512788,0.08,102.96,978,1,1,0,0.5003728670212324
A3,default,treatment_effect_sd,0.06666666666666667,25,0.84,0.031205151668526394,0.03275255133358833,0.0509066006209497,0.18377426200219998,0.06441347344619794,2.2330184353011444,9.5629640512788,0.08,102.96,978,1,1,0,0.5003728670212324
A4,default,time_trend_mean,-0.08888888888888889,25,0.96,-1.3011982877110805e-4,-2.0999375961110178e-4,0.004689854650853271,0.018090437219999995,0.0055372341301781714,1.1717484972110825,8.535396484034603,0.08,98.08,582,0.92,0.76,1.64,0.025914980182465013
A4,default,time_trend_sd,0.044444444444444446,25,0.68,0.0041313512276955535,0.004998043495055553,0.006883657605003668,0.014233549779999998,0.004365517365854979,1.1717484972110825,8.535396484034603,0.08,98.08,582,0.92,0.76,1.64,0.025914980182465013
A4,default,treatment_effect_mean,-0.3333333333333333,25,0.84,-0.005801133576466686,-0.008063099396666662,0.010733799589156703,0.02856378115999999,0.008724568748124537,1.1717484972110825,8.535396484034603,0.08,98.08,582,0.92,0.76,1.64,0.025914980182465013
A4,default,treatment_effect_sd,0.06666666666666667,25,0.48,0.012888814427853335,0.01042547506533334,0.014773347815444128,0.022358029826,0.0068325911664355405,1.1717484972110825,8.535396484034603,0.08,98.08,582,0.92,0.76,1.64,0.025914980182465013
A5,default,time_trend_mean,-0.08888888888888889,25,0.92,-0.014287642828832508,-0.011096922896111111,0.027801331806407502,0.07646175606399999,0.023981266225852896,2.3006829426820734,2.5286725369173086,0.12,40.2,337,0.84,0.52,295,0.13320620727468185
A5,default,time_trend_sd,0.044444444444444446,25,0.68,0.022015146764964792,0.01712531134090555,0.03682585372773486,0.0697299528212,0.021388537862518722,2.3006829426820734,2.5286725369173086,0.12,40.2,337,0.84,0.52,295,0.13320620727468185
A5,default,treatment_effect_mean,-0.3333333333333333,25,0.84,-0.0045900610968666825,-0.010567272691666685,0.021941406234410866,0.07127282868,0.02182343872869161,2.3006829426820734,2.5286725369173086,0.12,40.2,337,0.84,0.52,295,0.13320620727468185
A5,default,treatment_effect_sd,0.06666666666666667,25,0.68,0.017906069815913334,0.01595867848233333,0.025324841491552025,0.05622712702399999,0.017333641411960983,2.3006829426820734,2.5286725369173086,0.12,40.2,337,0.84,0.52,295,0.13320620727468185
A6,default,time_trend_mean,-0.22222222222222224,25,1,-0.0060964501637377645,-0.0026699302977777617,0.01505844526672822,0.07559016514,0.023148896517119107,1.1184795624241721,11.128171663675754,0.08,81.68,640,1,0.92,0,0.5100615455254605
A6,default,time_trend_sd,0.022222222222222223,25,0.72,0.02434523269636804,0.026069866934077774,0.0315892935324638,0.0700233131552,0.02196773844419486,1.1184795624241721,11.128171663675754,0.08,81.68,640,1,0.92,0,0.5100615455254605
A6,default,treatment_effect_mean,-0.3333333333333333,25,1,-5.388533788666883e-4,1.6806922333328922e-4,0.021327425948865622,0.0856315428,0.026112081728725978,1.1184795624241721,11.128171663675754,0.08,81.68,640,1,0.92,0,0.5100615455254605
A6,default,treatment_effect_sd,0.06666666666666667,25,0.8,0.009317567551688773,0.005937773366333332,0.021568386391183584,0.0702698418714,0.021706313552483543,1.1184795624241721,11.128171663675754,0.08,81.68,640,1,0.92,0,0.5100615455254605
A7,default,beta_cov[dose],-0.08888888888888889,25,0.8,0.003806724935424091,0.004957732133188897,0.023741778005477575,0.07087399868399999,0.021550724480869702,1.0544762478730152,46.9791108542428,0.04,51.44,197,0.96,0.76,0,0.1546619049838253
A7,default,time_trend_mean,-0.08888888888888889,25,1,9.335117748088911e-4,0.004687293960388889,0.0075463344275881064,0.033137998178,0.010078120001231542,1.0544762478730152,46.9791108542428,0.04,51.44,197,0.96,0.76,0,0.1546619049838253
A7,default,time_trend_sd,0.044444444444444446,25,0.8,0.0019626872408977534,0.003079086605055556,0.010247022000889313,0.027404729249999996,0.00844477281684437,1.0544762478730152,46.9791108542428,0.04,51.44,197,0.96,0.76,0,0.1546619049838253
A7,default,treatment_effect_mean,-0.5555555555555556,25,0.84,-0.013345986147044417,-0.014643973124444432,0.022424368742096898,0.06365012302000002,0.019442527359226542,1.0544762478730152,46.9791108542428,0.04,51.44,197,0.96,0.76,0,0.1546619049838253
A7,default,treatment_effect_sd,0.06666666666666667,25,0.16,0.03355170594607333,0.03331851571283334,0.037229111881667415,0.05198723148799999,0.01598430831708413,1.0544762478730152,46.9791108542428,0.04,51.44,197,0.96,0.76,0,0.1546619049838253
A8,default,time_trend_mean,-0.08888888888888889,25,0.88,-4.212924674711066e-4,0.002306199338888898,0.010402154384414978,0.032693143088,0.00987181122969247,1.2579394398490509,5.665686290227518,0.16,136.44,565,1,0.88,0.04,0.13296843436469052
A8,default,time_trend_sd,0.044444444444444446,25,0.84,0.0016342668690755547,6.816589180555568e-4,0.007623165727337816,0.025317206937999995,0.007856352635520144,1.2579394398490509,5.665686290227518,0.16,136.44,565,1,0.88,0.04,0.13296843436469052
A8,default,treatment_effect_mean,-0.3333333333333333,25,0.88,-0.0030965355418666783,-0.00491923489666668,0.014502867118220613,0.047725852459999996,0.014644414166160118,1.2579394398490509,5.665686290227518,0.16,136.44,565,1,0.88,0.04,0.13296843436469052
A8,default,treatment_effect_sd,0.06666666666666667,25,0.92,0.0032508807959733335,0.003930662394833334,0.012914605419149234,0.037450035035999994,0.011521021562263992,1.2579394398490509,5.665686290227518,0.16,136.44,565,1,0.88,0.04,0.13296843436469052
A9,default,baseline_control_mean,0.45,25,0.92,3.941650831999843e-4,9.404606499996415e-5,0.011202934267509939,0.039360253500000005,0.012030844976367222,1.0560428565472324,31.256423142444707,0.04,48.8,228,0.96,0.8,0,0.20149331680252633
A9,default,time_trend_mean,-0.04,25,0.88,9.062453975800008e-4,0.0012544621059999983,0.005649302232857943,0.018051079205999996,0.005514435119407843,1.0560428565472324,31.256423142444707,0.04,48.8,228,0.96,0.8,0,0.20149331680252633
A9,default,time_trend_sd,0.02,25,0.92,5.612387646677996e-4,7.238360052500004e-4,0.00417733870485134,0.015596405403599998,0.004851269651867029,1.0560428565472324,31.256423142444707,0.04,48.8,228,0.96,0.8,0,0.20149331680252633
A9,default,treatment_effect_mean,-0.15,25,0.92,0.0014048891109599948,0.0011440135649999905,0.006471927341418638,0.026672070380000003,0.008183891432665163,1.0560428565472324,31.256423142444707,0.04,48.8,228,0.96,0.8,0,0.20149331680252633
A9,default,treatment_effect_sd,0.03,25,0.88,0.0017175784603000017,0.0019837643840000044,0.006750931932021036,0.021957547799999998,0.006838344912975502,1.0560428565472324,31.256423142444707,0.04,48.8,228,0.96,0.8,0,0.20149331680252633
F1,default,time_trend_mean,-0.08888888888888889,25,0.72,-0.042103857520471105,-0.029474452690111105,0.05481454869977219,0.086959564558,0.030684308866868893,2.4569243051410092,2.4346419181953967,1,38.56,230,0.56,0.48,1763.44,0.003323828230055036
F1,default,time_trend_sd,0.044444444444444446,25,0.8,0.056865606916840165,0.054657581564055556,0.0710253992379982,0.12417797679619999,0.045394931847472356,2.4569243051410092,2.4346419181953967,1,38.56,230,0.56,0.48,1763.44,0.003323828230055036
F1,default,treatment_effect_mean,-0.3333333333333333,25,0.84,-0.015175609991666686,-0.006451316476666691,0.029418526760985577,0.07952008869999999,0.02655683740076331,2.4569243051410092,2.4346419181953967,1,38.56,230,0.56,0.48,1763.44,0.003323828230055036
F1,default,treatment_effect_sd,0.06666666666666667,25,0.8,0.022025113890200627,0.00819457003433334,0.043667820607835785,0.09624163059969999,0.03471402323008338,2.4569243051410092,2.4346419181953967,1,38.56,230,0.56,0.48,1763.44,0.003323828230055036
F2,default,time_trend_mean,0,25,0.76,1.1834872020135901e-4,4.11229954786238e-4,0.004685758534862484,0.010548353071839999,0.0032169559629767067,1.1996108844994608,7.868558037805762,0.08,103.28,879,0.92,0.68,0,0.11663742445231347
F2,default,time_trend_sd,0,25,0,0.007065869475803838,0.006636069930593,0.007515905003965469,0.01329921721394,0.004138995288042486,1.1996108844994608,7.868558037805762,0.08,103.28,879,0.92,0.68,0,0.11663742445231347
F2,default,treatment_effect_mean,-0.3333333333333333,25,0.88,-0.001007782880066681,-6.913727266666947e-4,0.00530959678878082,0.01676372355999999,0.005101878851482598,1.1996108844994608,7.868558037805762,0.08,103.28,879,0.92,0.68,0,0.11663742445231347
F2,default,treatment_effect_sd,0.06666666666666667,25,0.84,-7.650524923666646e-4,-5.498691816666623e-4,0.004255575379971502,0.012877924664,0.003929109364573907,1.1996108844994608,7.868558037805762,0.08,103.28,879,0.92,0.68,0,0.11663742445231347
F3,default,baseline_control_mean,0.45,25,0.88,3.8187761439998356e-4,9.89911720000014e-4,0.005788418899388364,0.01584417583999999,0.004830680793361546,1.287728748124921,5.3745016256885085,0.04,48.4,339,0.76,0.44,0.24,0.04178965458517866
F3,default,time_trend_mean,-0.04,25,0.92,2.0316109972000007e-4,8.830724565000031e-4,0.0027121870850474895,0.008610360512,0.0026187074777286232,1.287728748124921,5.3745016256885085,0.04,48.4,339,0.76,0.44,0.24,0.04178965458517866
F3,default,time_trend_sd,0.02,25,1,8.835654684799992e-4,0.001269035169499999,0.001960428569229464,0.0070942040799999995,0.0021797379221352928,1.287728748124921,5.3745016256885085,0.04,48.4,339,0.76,0.44,0.24,0.04178965458517866
F3,default,treatment_effect_mean,-0.15,25,0.88,4.5436501599999455e-4,0.001176928539999983,0.0030263690032929064,0.009672193580000002,0.0029538778337036575,1.287728748124921,5.3745016256885085,0.04,48.4,339,0.76,0.44,0.24,0.04178965458517866
F3,default,treatment_effect_sd,0.03,25,0.84,1.4724767876000107e-4,4.1888485449999985e-4,0.0019799225283254622,0.006918635457999999,0.002110736277901382,1.287728748124921,5.3745016256885085,0.04,48.4,339,0.76,0.44,0.24,0.04178965458517866
F4,default,time_trend_mean,-0.08888888888888889,25,0.44,-0.05601571578332171,-0.037990477631111116,0.07095529320056414,0.095746424994,0.03473708956994411,2.987189169901973,2.2765375319556926,1,134.52,995,0.52,0.48,1865.44,0.0016962997494973189
F4,default,time_trend_sd,0.044444444444444446,25,0.52,0.07383792294245603,0.07094883019205556,0.0872177212690167,0.12744797387664,0.04742000632247042,2.987189169901973,2.2765375319556926,1,134.52,995,0.52,0.48,1865.44,0.0016962997494973189
F4,default,treatment_effect_mean,-0.3333333333333333,25,0.76,-0.04736963503266668,-0.04121738719666668,0.06572988623595766,0.13968656466,0.05315645666571871,2.987189169901973,2.2765375319556926,1,134.52,995,0.52,0.48,1865.44,0.0016962997494973189
F4,default,treatment_effect_sd,0.06666666666666667,25,0.8,0.033056392454520536,0.02674548179283333,0.047468632239080225,0.10965869397976,0.04234343770779925,2.987189169901973,2.2765375319556926,1,134.52,995,0.52,0.48,1865.44,0.0016962997494973189
F5,default,time_trend_mean,-0.22222222222222224,25,0.8,-0.0026496773445777635,-0.003985419707777771,0.005650714551352194,0.014776785339999996,0.004492710767044232,1.2092569223976783,7.247753313273229,0.2,132.68,707,0.88,0.52,40.24,0.06908720012837491
F5,default,time_trend_sd,0.022222222222222223,25,0,0.015051489179457776,0.015379495174277776,0.01554369274164301,0.012473573044,0.0037969112440956357,1.2092569223976783,7.247753313273229,0.2,132.68,707,0.88,0.52,40.24,0.06908720012837491
F5,default,treatment_effect_mean,-0.3333333333333333,25,0.84,-0.005257135488266682,-0.005172941776666662,0.008279839073291103,0.023472105679999987,0.007175906228217877,1.2092569223976783,7.247753313273229,0.2,132.68,707,0.88,0.52,40.24,0.06908720012837491
F5,default,treatment_effect_sd,0.06666666666666667,25,0.04,0.018803669881373334,0.01808048850933333,0.01956628875719925,0.017630785732,0.005385264964073916,1.2092569223976783,7.247753313273229,0.2,132.68,707,0.88,0.52,40.24,0.06908720012837491
F6,default,beta_cov[dose],-0.08888888888888889,25,0.88,-0.0011051374798511076,-2.683933466111066e-4,0.009439746969329452,0.026070138192000002,0.007986121828993142,1.13843587626843,10.775621986287463,0.12,96.52,585,0.88,0.6,5.32,0.013557059200410072
F6,default,time_trend_mean,-0.08888888888888889,25,0.96,-7.747723575711063e-4,-0.0011032538481111076,0.003461990006827062,0.012471529849999998,0.003837546432271517,1.13843587626843,10.775621986287463,0.12,96.52,585,0.88,0.6,5.32,0.013557059200410072
F6,default,time_trend_sd,0.044444444444444446,25,0.8,0.002657165734055554,0.002627242987055557,0.004432971979410299,0.009934611543999999,0.0030255737250944894,1.13843587626843,10.775621986287463,0.12,96.52,585,0.88,0.6,5.32,0.013557059200410072
F6,default,treatment_effect_mean,-0.5555555555555556,25,0.88,-0.0062121157936444234,-0.006993862779444471,0.009158739851932244,0.02354355462,0.0072055600306489475,1.13843587626843,10.775621986287463,0.12,96.52,585,0.88,0.6,5.32,0.013557059200410072
F6,default,treatment_effect_sd,0.06666666666666667,25,0,0.027716789322073335,0.027317612377333336,0.028594264593001375,0.01746002536,0.005339292488932008,1.13843587626843,10.775621986287463,0.12,96.52,585,0.88,0.6,5.32,0.013557059200410072
F7,default,time_trend_mean,-0.08888888888888889,25,0.72,-0.006923033662011109,-0.004987577950611111,0.015583310801870982,0.03348562381,0.010178623251885777,2.081996158947591,2.660391598067053,0.6,224.72,1101,1,0.96,1715.32,0.0256064303656445
F7,default,time_trend_sd,0.044444444444444446,25,0.68,0.008946910268215555,0.008353433228555557,0.01296616152342364,0.031825891067999997,0.010237072763352593,2.081996158947591,2.660391598067053,0.6,224.72,1101,1,0.96,1715.32,0.0256064303656445
F7,default,treatment_effect_mean,-0.3333333333333333,25,0.88,-0.004866365940266686,-0.0059203391716666776,0.014586629816997019,0.047627712819999994,0.014433094625543295,2.081996158947591,2.660391598067053,0.6,224.72,1101,1,0.96,1715.32,0.0256064303656445
F7,default,treatment_effect_mean_pp,-0.5111111111111111,25,0,0.18038356839291106,0.17853796738611105,0.18154952193745633,0.06697938301999999,0.020469097278205936,2.081996158947591,2.660391598067053,0.6,224.72,1101,1,0.96,1715.32,0.0256064303656445
F7,default,treatment_effect_mean_rct,-0.11111111111111108,25,0,-0.2594231597006889,-0.23276592616888894,0.2652958468074549,0.22137810394000002,0.07445841206349452,2.081996158947591,2.660391598067053,0.6,224.72,1101,1,0.96,1715.32,0.0256064303656445
F7,default,treatment_effect_sd,0.06666666666666667,25,0.56,0.013115034523125535,0.01248854509483334,0.015510502951887222,0.030056009938,0.00916208021006513,2.081996158947591,2.660391598067053,0.6,224.72,1101,1,0.96,1715.32,0.0256064303656445
F8,default,time_trend_mean,-0.08888888888888889,25,0.96,-2.1710774773110785e-4,-3.0401672811110336e-4,0.002916711054401136,0.011976859563999999,0.0036578922226738844,1.4112276918912707,4.201890250897874,0.12,91.84,772,0.92,0.6,5.28,0.009280120554309575
F8,default,time_trend_sd,0.044444444444444446,25,0.92,3.839139924155546e-4,6.873552185555562e-4,0.003006392607106399,0.009464048907999999,0.002897831055073653,1.4112276918912707,4.201890250897874,0.12,91.84,772,0.92,0.6,5.28,0.009280120554309575
F8,default,treatment_effect_mean,-0.3333333333333333,25,0.96,-0.001114473687266686,-0.001262384036666675,0.004082995688458335,0.017619654140000003,0.005355409629462607,1.4112276918912707,4.201890250897874,0.12,91.84,772,0.92,0.6,5.28,0.009280120554309575
F8,default,treatment_effect_sd,0.06666666666666667,25,0.92,7.03277398073335e-4,3.638902253333409e-4,0.0036020841021305004,0.013726874940000001,0.004169915643436551,1.4112276918912707,4.201890250897874,0.12,91.84,772,0.92,0.6,5.28,0.009280120554309575
B1,full,time_trend_mean,-0.22222222222222224,25,0.92,8.217535479422411e-4,1.8393530722224383e-4,0.01894479275007567,0.07643144634,0.023493517638642835,1.1038444507633756,13.250730134543986,0.04,97.12,522,0.96,0.96,0,0.6457794233517589
B1,full,time_trend_sd,0.022222222222222223,25,0.68,0.027885580660623,0.029782132815927776,0.03530617902825984,0.07239891941059999,0.02256426271391323,1.1038444507633756,13.250730134543986,0.04,97.12,522,0.96,0.96,0,0.6457794233517589
B1,full,treatment_effect_mean,-0.3333333333333333,25,0.96,-0.00647339350466668,-0.007165100861666662,0.025543414751757802,0.08672960994,0.026532189641887048,1.1038444507633756,13.250730134543986,0.04,97.12,522,0.96,0.96,0,0.6457794233517589
B1,full,treatment_effect_sd,0.06666666666666667,25,0.68,0.01298565669437496,0.01836883389333334,0.024503641992468597,0.07351254658879999,0.022667505901763134,1.1038444507633756,13.250730134543986,0.04,97.12,522,0.96,0.96,0,0.6457794233517589
B1,naive,time_trend_mean,-0.22222222222222224,25,0.88,0.008133298057996436,0.012366461532222234,0.021931383226507648,0.09743947864,0.03159847888089051,1.1102961902934425,14.183738853965362,0.08,97.96,370,1,1,0,0.57469747498584
B1,naive,time_trend_sd,0.022222222222222223,25,0.84,0.030562325309738878,0.02629283544446778,0.041670634490893,0.11329444299379998,0.039559377420181445,1.1102961902934425,14.183738853965362,0.08,97.96,370,1,1,0,0.57469747498584
B1,naive,treatment_effect_mean,-0.3333333333333333,25,0,-0.19161161486086667,-0.19216050656666667,0.19243202360593714,0.08068990059999999,0.024650725978936628,1.1102961902934425,14.183738853965362,0.08,97.96,370,1,1,0,0.57469747498584
B1,naive,treatment_effect_sd,0.06666666666666667,25,0,0.06385388705029334,0.06262763994833333,0.06624598296556741,0.062840823994,0.019536039993115338,1.1102961902934425,14.183738853965362,0.08,97.96,370,1,1,0,0.57469747498584
B2,full,time_trend_mean,0,25,0.96,-0.006753871290084597,-0.0055338375240727,0.015145452210648811,0.045737198574192,0.014472107264459515,1.8620613951403089,2.883940494273939,0.24,39.64,242,0.88,0.64,431.84,0.14859283236303206
B2,full,time_trend_sd,0,25,0,0.0215254279340839,0.0143333309751782,0.030102862732312864,0.05503303222481999,0.019451453015803484,1.8620613951403089,2.883940494273939,0.24,39.64,242,0.88,0.64,431.84,0.14859283236303206
B2,full,treatment_effect_mean,-0.3333333333333333,25,0.96,0.002487761375133315,0.006018760628333342,0.017050005697269083,0.05917186178,0.01813797822517678,1.8620613951403089,2.883940494273939,0.24,39.64,242,0.88,0.64,431.84,0.14859283236303206
B2,full,treatment_effect_sd,0.06666666666666667,25,0.76,-7.049561993746567e-5,-0.002472256756666666,0.014884323032770267,0.04165429838399999,0.013630603589475543,1.8620613951403089,2.883940494273939,0.24,39.64,242,0.88,0.64,431.84,0.14859283236303206
B2,naive,time_trend_mean,0,25,0.96,-0.004449562337029404,-0.0048460270589184996,0.008508867468054017,0.03271887588564,0.010076389225915357,1.3789963896312756,4.396008817522832,0.16,105.2,548,1,0.96,0,0.3784338531707138
B2,naive,time_trend_sd,0,25,0,0.015320138797865089,0.014107467779429,0.016124599845579516,0.03378570879654,0.011010495230027293,1.3789963896312756,4.396008817522832,0.16,105.2,548,1,0.96,0,0.3784338531707138
B2,naive,treatment_effect_mean,-0.3333333333333333,25,0.88,0.0029880497183333186,0.004406029203333328,0.015525058492347815,0.04531352320000001,0.013889300596455397,1.3789963896312756,4.396008817522832,0.16,105.2,548,1,0.96,0,0.3784338531707138
B2,naive,treatment_effect_sd,0.06666666666666667,25,0.72,0.0018781674177133349,4.1282602933333246e-4,0.013453586508869252,0.03624140694399999,0.01118122625122615,1.3789963896312756,4.396008817522832,0.16,105.2,548,1,0.96,0,0.3784338531707138
B3,full,time_trend_mean,-0.08888888888888889,25,0.36,0.06400528760540011,0.0667776441490594,0.06814788390009417,0.0857684026942,0.026788085741404583,1.0495908642151852,45.64695509891764,0,38.44,164,1,0.88,0,0.328934060843001
B3,full,time_trend_sd,0.044444444444444446,25,0.92,0.013113869072722535,0.015666556857255556,0.026113636347760406,0.0796144077738,0.025380001526791686,1.0495908642151852,45.64695509891764,0,38.44,164,1,0.88,0,0.328934060843001
B3,full,treatment_effect_mean,-0.3333333333333333,25,0.24,-0.08913261720366668,-0.08136233106166668,0.09358156854575206,0.13084038739999998,0.03986136703075397,1.0495908642151852,45.64695509891764,0,38.44,164,1,0.88,0,0.328934060843001
B3,full,treatment_effect_sd,0.06666666666666667,25,0.16,0.06921516313512734,0.06740656564583335,0.07330381345910508,0.107950778842,0.03335929740746878,1.0495908642151852,45.64695509891764,0,38.44,164,1,0.88,0,0.328934060843001
B3,naive,time_trend_mean,-0.08888888888888889,25,0,0.0894503025558916,0.08828639934503629,0.09039340706145978,0.05833465373586,0.018127456657935664,1.020885687649236,193.78543278069822,0,39.04,239,1,0.92,0,0.3266764039052076
B3,naive,time_trend_sd,0.044444444444444446,25,1,0.0022745470178351843,0.005559205175655557,0.013150919446111208,0.05717193016719999,0.018658229230299233,1.020885687649236,193.78543278069822,0,39.04,239,1,0.92,0,0.3266764039052076
B3,naive,treatment_effect_mean,-0.3333333333333333,25,0,-0.11448041365486669,-0.11657230374166666,0.1159039011345002,0.11602650538,0.035448826736921984,1.020885687649236,193.78543278069822,0,39.04,239,1,0.92,0,0.3266764039052076
B3,naive,treatment_effect_sd,0.06666666666666667,25,0,0.08704659094225334,0.08912234962883332,0.08924763158172087,0.09175355156399999,0.028553924085497284,1.020885687649236,193.78543278069822,0,39.04,239,1,0.92,0,0.3266764039052076
B4,correlated,time_trend_mean,-0.08888888888888889,25,0.88,6.628728590889255e-5,0.002202558097388896,0.010093768651565187,0.032094108262,0.009783835969819639,1.4793640039077443,8.734149438031487,0.08,126.72,742,1,0.88,0.84,0.12240400569487611
B4,correlated,time_trend_sd,0.044444444444444446,25,0.92,7.125490768475541e-4,6.247084495555541e-4,0.007418570065898766,0.025123064302,0.007790382939710144,1.4793640039077443,8.734149438031487,0.08,126.72,742,1,0.88,0.84,0.12240400569487611
B4,correlated,treatment_effect_mean,-0.3333333333333333,25,0.92,0.0025424263273333115,0.0013564912033333099,0.01566214410559835,0.04823825624,0.014641471022877115,1.4793640039077443,8.734149438031487,0.08,126.72,742,1,0.88,0.84,0.12240400569487611
B4,correlated,treatment_effect_sd,0.06666666666666667,25,0.88,0.003506159180933335,0.0017550244553333344,0.01176676648156504,0.037546709989999996,0.011654901985966765,1.4793640039077443,8.734149438031487,0.08,126.72,742,1,0.88,0.84,0.12240400569487611
B4,independent,time_trend_mean,-0.08888888888888889,25,0.88,-1.998259206311065e-4,0.0013892936993888938,0.009836210841865761,0.033815759215999996,0.01032905060842011,1.060258346994001,26.355377804438923,0.08,86.96,340,1,0.88,0,0.1848284803009282
B4,independent,time_trend_sd,0.044444444444444446,25,0.88,0.004567147581327555,0.004504491898555556,0.009399120985552694,0.027965795245999996,0.008593064646625332,1.060258346994001,26.355377804438923,0.08,86.96,340,1,0.88,0,0.1848284803009282
B4,independent,treatment_effect_mean,-0.3333333333333333,25,0.92,0.00244718924553331,0.002399368283333314,0.0157213433384913,0.05127232134,0.015641149770591656,1.060258346994001,26.355377804438923,0.08,86.96,340,1,0.88,0,0.1848284803009282
B4,independent,treatment_effect_sd,0.06666666666666667,25,0.8,0.010612793278833334,0.010005853438333337,0.015697141380399657,0.042506872386,0.013088194061708863,1.060258346994001,26.355377804438923,0.08,86.96,340,1,0.88,0,0.1848284803009282
B5,full,time_trend_mean,-0.08888888888888889,25,0.88,-0.013885280982215528,-0.004514027965611109,0.04292683903420445,0.090279220594,0.02882661272468118,2.026255804315027,2.7073707658030415,0.4,62.36,457,0.88,0.6,750.92,0.13753294330088356
B5,full,time_trend_sd,0.044444444444444446,25,0.8,0.02013479574275529,0.0020935497275555506,0.056505970876061726,0.10286581390973999,0.033654803214231595,2.026255804315027,2.7073707658030415,0.4,62.36,457,0.88,0.6,750.92,0.13753294330088356
B5,full,treatment_effect_mean,-0.3333333333333333,25,0.36,0.05500182289365331,0.06177273347833334,0.06188998484481832,0.10097738346,0.03184394773049027,2.026255804315027,2.7073707658030415,0.4,62.36,457,0.88,0.6,750.92,0.13753294330088356
B5,full,treatment_effect_sd,0.06666666666666667,25,0.36,0.03597297958678913,0.033317471091833334,0.04952838057948646,0.08701922134739999,0.02753140545582161,2.026255804315027,2.7073707658030415,0.4,62.36,457,0.88,0.6,750.92,0.13753294330088356
B5,naive,time_trend_mean,-0.08888888888888889,25,0.8,-0.1040769774227561,-0.1009156924081611,0.14504606195197955,0.3093639195366,0.11189363262021541,2.757190971237737,2.369798077459597,0.8,9.72,39,0.8,0.4,1078.88,0.00284292000345432
B5,naive,time_trend_sd,0.044444444444444446,25,0.76,0.15692051795823236,0.15915474854105555,0.22230185275956274,0.3510697735688,0.12752751590240924,2.757190971237737,2.369798077459597,0.8,9.72,39,0.8,0.4,1078.88,0.00284292000345432
B5,naive,treatment_effect_mean,-0.3333333333333333,25,0.12,0.09756383218112731,0.08696894113333331,0.1196382842806026,0.1641521856556,0.0590985817055252,2.757190971237737,2.369798077459597,0.8,9.72,39,0.8,0.4,1078.88,0.00284292000345432
B5,naive,treatment_effect_sd,0.06666666666666667,25,0.36,0.04669601890372135,0.044786765265833334,0.061058681255330975,0.112376337212584,0.03722340997029114,2.757190971237737,2.369798077459597,0.8,9.72,39,0.8,0.4,1078.88,0.00284292000345432
B6,full,time_trend_mean,-0.08888888888888889,25,0.92,-0.05837834728889911,-0.039019112279111104,0.0880641795852753,0.18419518986,0.06365463950294135,2.197344414620193,2.5731723593983062,0.88,26.96,268,0.4,0.24,1553.88,0.05471372132186055
B6,full,time_trend_sd,0.044444444444444446,25,0.72,0.08378036814673392,0.07895727492155555,0.10742998625194808,0.21246840136611997,0.07596797096783374,2.197344414620193,2.5731723593983062,0.88,26.96,268,0.4,0.24,1553.88,0.05471372132186055
B6,full,treatment_effect_mean,-0.3333333333333333,25,0.96,0.010082267533333316,0.01181726738833333,0.023420594075462976,0.09132670668,0.029760807089008617,2.197344414620193,2.5731723593983062,0.88,26.96,268,0.4,0.24,1553.88,0.05471372132186055
B6,full,treatment_effect_sd,0.06666666666666667,25,1,0.013783826997919035,0.007512866105833335,0.03340975352513689,0.09556160791588,0.03245938289337984,2.197344414620193,2.5731723593983062,0.88,26.96,268,0.4,0.24,1553.88,0.05471372132186055
B6,naive,time_trend_mean,-0.08888888888888889,25,0.68,-0.1868664159873111,-0.2156712283201111,0.2410016452743768,0.328084482856,0.12244177683469581,2.875944305231633,2.308588811598178,0.88,1.4,23,0.24,0.04,1415.72,7.714971329936365e-4
B6,naive,time_trend_sd,0.044444444444444446,25,0.56,0.19964919482433408,0.19523602927955555,0.22854847627940433,0.275211542404,0.1020495026104148,2.875944305231633,2.308588811598178,0.88,1.4,23,0.24,0.04,1415.72,7.714971329936365e-4
B6,naive,treatment_effect_mean,-0.3333333333333333,25,0.04,0.1528959406757453,0.17641112600188333,0.17362022170299524,0.176108677478,0.07253830985994096,2.875944305231633,2.308588811598178,0.88,1.4,23,0.24,0.04,1415.72,7.714971329936365e-4
B6,naive,treatment_effect_sd,0.06666666666666667,25,0.96,-0.00229949957066002,0.006114164349833334,0.02860311524569313,0.0899153238277032,0.032194502705291006,2.875944305231633,2.308588811598178,0.88,1.4,23,0.24,0.04,1415.72,7.714971329936365e-4
B7,control_latent,time_trend_mean,-0.08888888888888889,25,0.76,-0.0011641664481911085,3.0350698738888793e-4,0.013216224666446882,0.033314939967999994,0.010190932736631471,1.0644687182569075,32.672196698750064,0.16,90.16,352,1,0.8,0,0.11590536499472667
B7,control_latent,time_trend_sd,0.044444444444444446,25,0.84,0.0033173373176395536,0.005753577151555556,0.008294741037417369,0.027773209634,0.008549115370012914,1.0644687182569075,32.672196698750064,0.16,90.16,352,1,0.8,0,0.11590536499472667
B7,control_latent,treatment_effect_mean,-0.3333333333333333,25,0.96,-0.006000776735466686,-0.004509542286666668,0.01846727582052267,0.05483312584000002,0.016735731539874357,1.0644687182569075,32.672196698750064,0.16,90.16,352,1,0.8,0,0.11590536499472667
B7,control_latent,treatment_effect_sd,0.06666666666666667,25,0.64,0.017780098736393336,0.015627231086333335,0.021963829372111842,0.043976067843999996,0.013529038545512084,1.0644687182569075,32.672196698750064,0.16,90.16,352,1,0.8,0,0.11590536499472667
B7,treatment_latent,time_trend_mean,-0.08888888888888889,25,0.76,-8.116947878911085e-4,-0.0012220043891111032,0.013202585039785247,0.033279153526,0.010189661320266108,1.2164460378068842,6.710226604918463,0.08,114.56,599,0.96,0.84,0.96,0.1101703369161045
B7,treatment_latent,time_trend_sd,0.044444444444444446,25,0.84,0.0033913079100955546,0.005985050070055557,0.008277875913315432,0.027665308839999996,0.0085271778782756,1.2164460378068842,6.710226604918463,0.08,114.56,599,0.96,0.84,0.96,0.1101703369161045
B7,treatment_latent,treatment_effect_mean,-0.3333333333333333,25,0.84,-0.006518689948066687,-0.005901300701666667,0.01855590213039557,0.05520231901999999,0.016936310503355492,1.2164460378068842,6.710226604918463,0.08,114.56,599,0.96,0.84,0.96,0.1101703369161045
B7,treatment_latent,treatment_effect_sd,0.06666666666666667,25,0.6,0.017945791548313335,0.016962523317333333,0.021868427202743245,0.044367015675999995,0.013727501770507435,1.2164460378068842,6.710226604918463,0.08,114.56,599,0.96,0.84,0.96,0.1101703369161045
C1,normal,time_trend_mean,-0.08888888888888889,25,0.96,0.0010765426963288921,0.001972364570888896,0.00962839016225647,0.043452388798,0.013280113422802647,1.2251783412418855,6.704167301392295,0.04,78.88,388,0.96,0.72,0,0.16314315063362095
C1,normal,time_trend_sd,0.044444444444444446,25,0.88,0.007255023490707554,0.011117880181555552,0.01299503396421439,0.036364930951999996,0.01138018370269543,1.2251783412418855,6.704167301392295,0.04,78.88,388,0.96,0.72,0,0.16314315063362095
C1,normal,treatment_effect_mean,-0.3333333333333333,25,0.88,-0.008168604557466682,-0.007557523596666671,0.028065831407309425,0.08628796436000001,0.026545787785670447,1.2251783412418855,6.704167301392295,0.04,78.88,388,0.96,0.72,0,0.16314315063362095
C1,normal,treatment_effect_sd,0.06666666666666667,25,0.2,0.04592604363995333,0.04705104782933334,0.051190809246938494,0.069451461646,0.02165382861338734,1.2251783412418855,6.704167301392295,0.04,78.88,388,0.96,0.72,0,0.16314315063362095
C1,robust,time_trend_mean,-0.08888888888888889,25,0.96,0.001253234751892892,6.517985248888913e-4,0.009738312362466094,0.043671955651999994,0.013395239774815102,1.083915969015004,23.671482025130416,0.08,90.52,403,1,0.92,0,0.20700947322369923
C1,robust,time_trend_sd,0.044444444444444446,25,0.88,0.0073385685040839544,0.010751816373555552,0.013148699315220102,0.03676367997,0.011471950645988509,1.083915969015004,23.671482025130416,0.08,90.52,403,1,0.92,0,0.20700947322369923
C1,robust,treatment_effect_mean,-0.3333333333333333,25,0.88,-0.009137083614266676,-0.007924493511666686,0.02395392140730919,0.0814077064,0.024779888567696483,1.083915969015004,23.671482025130416,0.08,90.52,403,1,0.92,0,0.20700947322369923
C1,robust,treatment_effect_sd,0.06666666666666667,25,0.56,0.029782616682953334,0.02657915334033334,0.03705921346581615,0.07678646422999999,0.023829402088747658,1.083915969015004,23.671482025130416,0.08,90.52,403,1,0.92,0,0.20700947322369923
C2,normal,time_trend_mean,-0.08888888888888889,25,0.88,0.0025977269038968925,0.0012000318113888908,0.012399612528226571,0.041303574073999996,0.012752642686925064,1.581428297523151,3.4480542532137184,0.04,60.52,559,0.96,0.84,0,0.13617016637871016
C2,normal,time_trend_sd,0.044444444444444446,25,1,0.002736347632871874,0.002543668094055554,0.01097939857279529,0.0357871159498,0.011176350592504351,1.581428297523151,3.4480542532137184,0.04,60.52,559,0.96,0.84,0,0.13617016637871016
C2,normal,treatment_effect_mean,-0.3333333333333333,25,0.84,-0.002569992887306687,-0.0036510503366666835,0.042893261316557324,0.12593747154,0.03859420283330144,1.581428297523151,3.4480542532137184,0.04,60.52,559,0.96,0.84,0,0.13617016637871016
C2,normal,treatment_effect_sd,0.06666666666666667,25,0,0.09807359290941334,0.09963124777083333,0.0994875075392528,0.09697953393199998,0.030280061808923748,1.581428297523151,3.4480542532137184,0.04,60.52,559,0.96,0.84,0,0.13617016637871016
C2,robust,time_trend_mean,-0.08888888888888889,25,0.84,0.0020968843841208916,0.001990555674888886,0.012071843712132258,0.040884589891999994,0.012566549902885565,1.0517899845555614,32.27362883636229,0.08,60.08,263,1,0.84,0,0.12129288350452924
C2,robust,time_trend_sd,0.044444444444444446,25,0.96,0.002529500008322746,0.0017999429350555526,0.011109555639115247,0.035300713287999996,0.010949571490262901,1.0517899845555614,32.27362883636229,0.08,60.08,263,1,0.84,0,0.12129288350452924
C2,robust,treatment_effect_mean,-0.3333333333333333,25,0.92,-0.0014915998828666898,-0.008539051996666658,0.03369266918830832,0.11553903407999999,0.03524749075587405,1.0517899845555614,32.27362883636229,0.08,60.08,263,1,0.84,0,0.12129288350452924
C2,robust,treatment_effect_sd,0.06666666666666667,25,0.12,0.06931604307019333,0.06860944024833333,0.07036344442992838,0.114188943176,0.03511361372362594,1.0517899845555614,32.27362883636229,0.08,60.08,263,1,0.84,0,0.12129288350452924
C3,normal,time_trend_mean,-0.08888888888888889,25,0.92,-0.0015225213041111063,-1.2920722111110783e-4,0.011093853432685277,0.041790065971999996,0.012736464440143258,1.358956834687304,6.076484292650967,0.2,140.72,777,1,0.96,0,0.14645198396910927
C3,normal,time_trend_sd,0.044444444444444446,25,0.84,0.004475465284071553,0.0028507469740555527,0.012384263913703928,0.035012956911999994,0.010979733371951524,1.358956834687304,6.076484292650967,0.2,140.72,777,1,0.96,0,0.14645198396910927
C3,normal,treatment_effect_mean,-0.3333333333333333,25,0.88,0.001893509582133317,-2.4862901666666826e-4,0.025229992582957553,0.08877943146,0.027299953402183063,1.358956834687304,6.076484292650967,0.2,140.72,777,1,0.96,0,0.14645198396910927
C3,normal,treatment_effect_sd,0.06666666666666667,25,0.2,0.04690110063167333,0.03486331301033334,0.057580685851333954,0.070455042302,0.022498705593553915,1.358956834687304,6.076484292650967,0.2,140.72,777,1,0.96,0,0.14645198396910927
C3,robust,time_trend_mean,-0.08888888888888889,25,0.92,-0.0013582572848511076,3.2115468038888817e-4,0.011013027046812647,0.041008132557999996,0.012562518556571449,1.0479010834210378,30.022811071090807,0,93.36,243,1,1,0,0.1840059449535762
C3,robust,time_trend_sd,0.044444444444444446,25,0.84,0.004663295439393555,0.0023534110350555554,0.011964943552011924,0.035055532673999995,0.010845878799005108,1.0479010834210378,30.022811071090807,0,93.36,243,1,1,0,0.1840059449535762
C3,robust,treatment_effect_mean,-0.3333333333333333,25,0.88,0.0025785532715333127,1.504027183333312e-4,0.024139673825106553,0.08692227638,0.026504532842130103,1.0479010834210378,30.022811071090807,0,93.36,243,1,1,0,0.1840059449535762
C3,robust,treatment_effect_sd,0.06666666666666667,25,0.6,0.03593441032209333,0.02673080461433333,0.04442920810062538,0.075769562684,0.02348843581177115,1.0479010834210378,30.022811071090807,0,93.36,243,1,1,0,0.1840059449535762
C4,normal,time_trend_mean,-0.08888888888888889,25,0.92,-0.0016729505596311078,-1.442971956111122e-4,0.011862582831315688,0.043351280933999994,0.013328821493514623,1.2116413477170498,7.218875059389939,0.08,83.56,353,1,0.92,0,0.09975524247391093
C4,normal,time_trend_sd,0.044444444444444446,25,0.72,0.007584718747583555,0.005837769409555556,0.013751025840845959,0.03564370088,0.01113487906844528,1.2116413477170498,7.218875059389939,0.08,83.56,353,1,0.92,0,0.09975524247391093
C4,normal,treatment_effect_mean,-0.3333333333333333,25,0.96,0.0017417295143333123,0.005052267228333296,0.0158412112494384,0.06317295692000001,0.019434585339450708,1.2116413477170498,7.218875059389939,0.08,83.56,353,1,0.92,0,0.09975524247391093
C4,normal,treatment_effect_sd,0.06666666666666667,25,0.68,0.010821375389783333,0.011180208469333333,0.024054890562371634,0.052737759902,0.01638580205183834,1.2116413477170498,7.218875059389939,0.08,83.56,353,1,0.92,0,0.09975524247391093
C4,robust,time_trend_mean,-0.08888888888888889,25,0.96,-0.0016227384160711073,1.31447543888899e-4,0.011764818037560205,0.044035321367999994,0.013454833568852211,1.0400935509011051,50.24762605203592,0,82.56,255,1,0.96,0,0.23487769858129465
C4,robust,time_trend_sd,0.044444444444444446,25,0.68,0.0076836379742735526,0.00546888416955555,0.013731935159773272,0.03582710206,0.01115977906297383,1.0400935509011051,50.24762605203592,0,82.56,255,1,0.96,0,0.23487769858129465
C4,robust,treatment_effect_mean,-0.3333333333333333,25,1,0.002683239282333316,0.004187194673333339,0.01541593362741808,0.06401571482,0.019475488329750906,1.0400935509011051,50.24762605203592,0,82.56,255,1,0.96,0,0.23487769858129465
C4,robust,treatment_effect_sd,0.06666666666666667,25,0.76,0.005432505315321335,0.006044703221333339,0.020190140785127094,0.054138027071999995,0.016845903190949755,1.0400935509011051,50.24762605203592,0,82.56,255,1,0.96,0,0.23487769858129465
C5,normal,time_trend_mean,-0.08888888888888889,25,0.96,0.010261260731472089,0.010497286111048887,0.02212333229593126,0.11775980698511998,0.039235868180851736,1.0302885770032655,79.40453865426292,0,38.8,95,1,1,0,0.5091243197519015
C5,normal,time_trend_sd,0.044444444444444446,25,0.84,0.024733298859287663,0.01990246187194556,0.04877034607570628,0.13815031017183999,0.05222775146481497,1.0302885770032655,79.40453865426292,0,38.8,95,1,1,0,0.5091243197519015
C5,normal,treatment_effect_mean,-0.3333333333333333,25,1,-0.024794806957436084,-0.03850870077356666,0.06503533575211397,0.370352704202,0.11684032803791687,1.0302885770032655,79.40453865426292,0,38.8,95,1,1,0,0.5091243197519015
C5,normal,treatment_effect_sd,0.06666666666666667,25,0.04,0.16894491740221335,0.1701693273123333,0.17501133751512063,0.38787410658199994,0.13164449772760606,1.0302885770032655,79.40453865426292,0,38.8,95,1,1,0,0.5091243197519015
C5,robust,time_trend_mean,-0.08888888888888889,25,0.96,0.009129103490239333,0.006935432518353893,0.023555018969618303,0.1258017145342,0.038200926463957834,1.0889989608147779,26.402816414681965,0.12,70.52,236,1,0.92,0,0.5271062947790863
C5,robust,time_trend_sd,0.044444444444444446,25,0.84,0.024402960972386506,0.01879961514108055,0.046635695841132654,0.14192448201279997,0.04872490999340187,1.0889989608147779,26.402816414681965,0.12,70.52,236,1,0.92,0,0.5271062947790863
C5,robust,treatment_effect_mean,-0.3333333333333333,25,1,-0.02098070655055359,-0.02425415458441671,0.059782087553390324,0.3658156746986,0.130616929752002,1.0889989608147779,26.402816414681965,0.12,70.52,236,1,0.92,0,0.5271062947790863
C5,robust,treatment_effect_sd,0.06666666666666667,25,0.08,0.16806818590275333,0.16884260329733336,0.1746956409539472,0.42141742840599994,0.1729334270461298,1.0889989608147779,26.402816414681965,0.12,70.52,236,1,0.92,0,0.5271062947790863
C6,normal,time_trend_mean,-0.08888888888888889,25,0.84,-0.0038618089171511077,-0.003698320608611111,0.012794964091847204,0.03901235953999999,0.012005237306577939,1.195583293579293,7.16396276107033,0.08,80.84,514,0.92,0.68,0,0.1399387666362816
C6,normal,time_trend_sd,0.044444444444444446,25,0.92,0.0011000693779180336,0.002475338352055552,0.010072334345253117,0.034150709872599994,0.010614694107622726,1.195583293579293,7.16396276107033,0.08,80.84,514,0.92,0.68,0,0.1399387666362816
C6,normal,treatment_effect_mean,-0.3333333333333333,25,0.72,0.05030942540355332,0.047862748758333296,0.054603022978056845,0.11590461517999999,0.03557003480978405,1.195583293579293,7.16396276107033,0.08,80.84,514,0.92,0.68,0,0.1399387666362816
C6,normal,treatment_effect_sd,0.06666666666666667,25,0,0.08670266540401333,0.08644917239483334,0.08800516185208274,0.09100930719999999,0.028650356500970996,1.195583293579293,7.16396276107033,0.08,80.84,514,0.92,0.68,0,0.1399387666362816
C6,robust,time_trend_mean,-0.08888888888888889,25,0.84,-0.004093396077791107,-0.004089632466111104,0.012656966676121833,0.040017619116,0.012193402406149577,1.0882681441408861,19.450474572554043,0.08,82.56,299,1,0.88,0.08,0.1503662812724137
C6,robust,time_trend_sd,0.044444444444444446,25,0.92,0.001011562877227294,0.0027703660555555565,0.010091990251931164,0.033978862534999994,0.010602696307963098,1.0882681441408861,19.450474572554043,0.08,82.56,299,1,0.88,0.08,0.1503662812724137
C6,robust,treatment_effect_mean,-0.3333333333333333,25,0.72,0.03931415903911332,0.03683195818833329,0.04431316468873806,0.11431057998,0.03502579027831165,1.0882681441408861,19.450474572554043,0.08,82.56,299,1,0.88,0.08,0.1503662812724137
C6,robust,treatment_effect_sd,0.06666666666666667,25,0,0.07005182453701334,0.07024825259483335,0.07128120661641048,0.10256240831199999,0.031576738332948745,1.0882681441408861,19.450474572554043,0.08,82.56,299,1,0.88,0.08,0.1503662812724137
C7,normal,time_trend_mean,-0.08888888888888889,25,0.76,-0.0013394475510482274,-6.861826900111112e-4,0.01909249990622554,0.069746145128,0.021369827539660293,2.2340656605939055,5.187072751786834,0.16,132.4,1007,1,0.92,0,0.2830984558632454
C7,normal,time_trend_sd,0.044444444444444446,25,0.84,0.016946105090620653,0.021611818954555558,0.02732105776786905,0.07673636792039999,0.024665646923460773,2.2340656605939055,5.187072751786834,0.16,132.4,1007,1,0.92,0,0.2830984558632454
C7,normal,treatment_effect_mean,-0.3333333333333333,25,0.92,-0.01235632307686668,-0.016144348056666702,0.03315818361255757,0.11437956497999999,0.034895245794643516,2.2340656605939055,5.187072751786834,0.16,132.4,1007,1,0.92,0,0.2830984558632454
C7,normal,treatment_effect_sd,0.06666666666666667,25,0.16,0.06650316531261413,0.06874158273333332,0.07202203917146578,0.105003560924,0.03274572402489549,2.2340656605939055,5.187072751786834,0.16,132.4,1007,1,0.92,0,0.2830984558632454
C7,robust,time_trend_mean,-0.08888888888888889,25,0.8,-0.0024977867643217883,-0.0017445093442961107,0.019881124614680418,0.06707225102799999,0.020623990864523628,1.078834845623745,19.97449274014982,0.08,68.2,363,1,0.96,0,0.21715462796262075
C7,robust,time_trend_sd,0.044444444444444446,25,0.88,0.013998829882206913,0.019719754609555558,0.02488640197258352,0.07240219200039999,0.022813615014592285,1.078834845623745,19.97449274014982,0.08,68.2,363,1,0.96,0,0.21715462796262075
C7,robust,treatment_effect_mean,-0.3333333333333333,25,0.96,-0.010806662281506682,-0.014524639611666668,0.0286801869946077,0.10783172133999999,0.03300261766098259,1.078834845623745,19.97449274014982,0.08,68.2,363,1,0.96,0,0.21715462796262075
C7,robust,treatment_effect_sd,0.06666666666666667,25,0.36,0.05177624941791533,0.05506114772733334,0.056276365738033386,0.1041864818616,0.03219445958521519,1.078834845623745,19.97449274014982,0.08,68.2,363,1,0.96,0,0.21715462796262075
C8,normal,time_trend_mean,-0.08888888888888889,25,0.88,0.0015906299656064523,-1.6397886111046978e-6,0.017511419104412677,0.059214649172,0.018067673177201822,2.243451724303062,4.871165365684739,0.12,103.64,1010,1,0.72,37.76,0.1635418705923085
C8,normal,time_trend_sd,0.044444444444444446,25,0.32,0.031495818794869554,0.03001912179455555,0.04048154574539794,0.04836512732599999,0.01504461296606206,2.243451724303062,4.871165365684739,0.12,103.64,1010,1,0.72,37.76,0.1635418705923085
C8,normal,treatment_effect_mean,-0.3333333333333333,25,0.88,-0.007129057719066682,-0.0061432015166666964,0.02322612725784612,0.06797676536,0.021092249011337598,2.243451724303062,4.871165365684739,0.12,103.64,1010,1,0.72,37.76,0.1635418705923085
C8,normal,treatment_effect_sd,0.06666666666666667,25,0.6,0.018673082415053333,0.017140054244833336,0.0252843049868385,0.05528463446399999,0.017309053036180366,2.243451724303062,4.871165365684739,0.12,103.64,1010,1,0.72,37.76,0.1635418705923085
C8,robust,time_trend_mean,-0.08888888888888889,25,0.96,0.0021829923069173864,7.001764783888947e-4,0.017181417816670503,0.060131708953999996,0.018407709841888383,1.0475663902951036,43.9340318757043,0,56.44,233,1,0.8,0,0.20039977635445996
C8,robust,time_trend_sd,0.044444444444444446,25,0.28,0.03133896427129555,0.02914298093205555,0.04013213109627354,0.048369611092,0.014975334308483067,1.0475663902951036,43.9340318757043,0,56.44,233,1,0.8,0,0.20039977635445996
C8,robust,treatment_effect_mean,-0.3333333333333333,25,0.88,-0.006253219371466685,-0.007855818931666703,0.023043738449172804,0.06847631596000002,0.020953929971914486,1.0475663902951036,43.9340318757043,0,56.44,233,1,0.8,0,0.20039977635445996
C8,robust,treatment_effect_sd,0.06666666666666667,25,0.84,0.013370377239193333,0.01029382444233333,0.020741522683308523,0.057996884506,0.018036653836082148,1.0475663902951036,43.9340318757043,0,56.44,233,1,0.8,0,0.20039977635445996
D1,default,time_trend_mean,-0.08888888888888889,25,0.84,-0.03652584522552511,-0.030373710170611107,0.04763609195474798,0.11368836768799999,0.03665596295388104,2.0246558915002844,2.7276535822173926,0.2,27.96,180,1,0.68,255.48,0.15786988266216737
D1,default,time_trend_sd,0.044444444444444446,25,0.72,0.03625696606835873,0.029570056727555548,0.04882814818286636,0.11473094321119999,0.03693522952889302,2.0246558915002844,2.7276535822173926,0.2,27.96,180,1,0.68,255.48,0.15786988266216737
D1,default,treatment_effect_mean,-0.3333333333333333,25,0.88,0.029646683100933317,0.027814053173333297,0.039943462712733885,0.12506351216,0.03817078841380058,2.0246558915002844,2.7276535822173926,0.2,27.96,180,1,0.68,255.48,0.15786988266216737
D1,default,treatment_effect_sd,0.06666666666666667,25,0.2,0.0925882552278998,0.10264092402083334,0.09889403928786764,0.12662694366649999,0.03966155291107836,2.0246558915002844,2.7276535822173926,0.2,27.96,180,1,0.68,255.48,0.15786988266216737
D2,default,time_trend_mean,-0.08888888888888889,25,0.96,-0.0019111788086411076,-0.0029986771456111116,0.011702562258168452,0.041494805839999996,0.012796156391344043,1.2598239209266404,5.853277471341439,0.12,100.28,737,1,0.84,0,0.21342113756103467
D2,default,time_trend_sd,0.044444444444444446,25,0.84,0.0045106881009175535,0.001289847203555551,0.012188752601183832,0.034391711187999996,0.010845463731142422,1.2598239209266404,5.853277471341439,0.12,100.28,737,1,0.84,0,0.21342113756103467
D2,default,treatment_effect_mean,-0.3333333333333333,25,0.92,-0.0022257107866666946,-0.008084295821666698,0.020520533679856696,0.06333301365999999,0.01931438110766028,1.2598239209266404,5.853277471341439,0.12,100.28,737,1,0.84,0,0.21342113756103467
D2,default,treatment_effect_sd,0.06666666666666667,25,0.72,0.011620373226053334,0.00924690608583334,0.021053166339321017,0.051436350916,0.016061187049161905,1.2598239209266404,5.853277471341439,0.12,100.28,737,1,0.84,0,0.21342113756103467
D3,default,time_trend_mean,-0.08888888888888889,25,0.96,2.715914870088926e-4,0.0012252635853888943,0.009001088939628286,0.04096924956,0.012499881225417711,1.0316090722063165,47.505979622062256,0,65.32,223,0.96,0.8,0,0.2095063220295192
D3,default,time_trend_sd,0.044444444444444446,25,0.68,0.0027662795636329536,0.001609268944055553,0.01443475784226854,0.034600011555999996,0.010823781028210046,1.0316090722063165,47.505979622062256,0,65.32,223,0.96,0.8,0,0.2095063220295192
D3,default,treatment_effect_mean,-0.3333333333333333,25,0.96,-0.009873358232266689,-0.013204534816666669,0.018923392726318964,0.06595065389999999,0.020148818432611498,1.0316090722063165,47.505979622062256,0,65.32,223,0.96,0.8,0,0.2095063220295192
D3,default,treatment_effect_sd,0.06666666666666667,25,0.84,0.015169622538153333,0.016246559743833336,0.020427878794585276,0.054245090559999994,0.016915427755737712,1.0316090722063165,47.505979622062256,0,65.32,223,0.96,0.8,0,0.2095063220295192
D4,default,time_trend_mean,-0.08888888888888889,25,0.92,-0.0037654635067551094,1.6539967638888597e-4,0.012914226017223753,0.044187183626,0.013577894302951813,1.0689475511786508,30.88155818445383,0.04,69,319,1,0.84,0,0.17897465984927935
D4,default,time_trend_sd,0.044444444444444446,25,0.84,0.008230358633871554,0.007479390392555553,0.01213019589692485,0.037361409392,0.011581124509810603,1.0689475511786508,30.88155818445383,0.04,69,319,1,0.84,0,0.17897465984927935
D4,default,treatment_effect_mean,-0.3333333333333333,25,0,0.12541180975517333,0.12465260070183332,0.12716130819845983,0.11422698735999999,0.03479090365497935,1.0689475511786508,30.88155818445383,0.04,69,319,1,0.84,0,0.17897465984927935
D4,default,treatment_effect_sd,0.06666666666666667,25,0,0.08297229273131333,0.08173815845233333,0.08535540146599445,0.089200326766,0.02787738101416528,1.0689475511786508,30.88155818445383,0.04,69,319,1,0.84,0,0.17897465984927935
D5,default,time_trend_mean,-0.08888888888888889,25,0.8,-0.07664153772950753,-0.0353807188924711,0.1354866568232257,0.204092179008,0.06597372895419015,2.8116521793335814,2.3168733745320713,0.64,82.32,610,0.84,0.52,986.36,0.002288095819636758
D5,default,time_trend_sd,0.044444444444444446,25,0.48,0.13274607745414374,0.09918421414455555,0.18822611758859606,0.24044883179419999,0.08477408392388508,2.8116521793335814,2.3168733745320713,0.64,82.32,610,0.84,0.52,986.36,0.002288095819636758
D5,default,treatment_effect_mean,-0.3333333333333333,25,0.08,0.09867944942677531,0.07903800417833329,0.11379409997943626,0.1345816207596,0.04471798120288564,2.8116521793335814,2.3168733745320713,0.64,82.32,610,0.84,0.52,986.36,0.002288095819636758
D5,default,treatment_effect_sd,0.06666666666666667,25,0.2,0.048336074285957174,0.04662384306583334,0.05492472503948921,0.1049128966692634,0.03552196994546081,2.8116521793335814,2.3168733745320713,0.64,82.32,610,0.84,0.52,986.36,0.002288095819636758
E1,default,time_trend_mean,-0.08888888888888889,25,0.84,-2.661875533651095e-4,-0.0038572352256111136,0.013659285085845761,0.041579266415999995,0.012687594346229883,1.0190314665150557,227.32307688417225,0,11.6,43,1,0.36,0,0.1500096376725533
E1,default,time_trend_sd,0.044444444444444446,25,0.92,0.006447048996275554,0.0064783560090555525,0.009659899613494737,0.03304639111,0.010303441718466129,1.0190314665150557,227.32307688417225,0,11.6,43,1,0.36,0,0.1500096376725533
E1,default,treatment_effect_mean,-0.3333333333333333,25,0.96,-0.009176503775066682,-0.010180064506666697,0.019378208022299927,0.06633065209999998,0.020335796901167817,1.0190314665150557,227.32307688417225,0,11.6,43,1,0.36,0,0.1500096376725533
E1,default,treatment_effect_sd,0.06666666666666667,25,0.64,0.017787404860233336,0.01519626711783334,0.024498104672902445,0.053732354909999995,0.016782031824764097,1.0190314665150557,227.32307688417225,0,11.6,43,1,0.36,0,0.1500096376725533
E2,default,time_trend_mean,-0.08888888888888889,25,0.88,6.830207349488904e-4,0.0019222597788888934,0.005603974386763123,0.020382127509999997,0.00622048927005525,1.2653307922858328,5.785995687643834,0.16,118.6,763,1,0.72,0,0.08892265478357071
E2,default,time_trend_sd,0,25,0,0.007350874695485039,0.00636099102684265,0.007867102386906468,0.015473305185219997,0.004912449704444562,1.2653307922858328,5.785995687643834,0.16,118.6,763,1,0.72,0,0.08892265478357071
E2,default,treatment_effect_mean,-0.3333333333333333,25,0.92,-0.0011674965844666806,-6.90553981666675e-4,0.007364532282054197,0.026760324399999997,0.008157710973169429,1.2653307922858328,5.785995687643834,0.16,118.6,763,1,0.72,0,0.08892265478357071
E2,default,treatment_effect_sd,0,25,0,0.008913412041286232,0.007701432697241095,0.0095620312772241,0.01958165462528,0.006200232790358167,1.2653307922858328,5.785995687643834,0.16,118.6,763,1,0.72,0,0.08892265478357071
E3,default,time_trend_mean,-0.08888888888888889,25,0.88,-0.008933993045227856,-0.014196177512910857,0.05569080130690324,0.17280941320044,0.05264301854904241,1.0359305416078264,85.92348837222944,0,9.32,100,0.68,0.2,2.32,0.1365582429056417
E3,default,time_trend_sd,0.22222222222222224,25,0.8,0.010797016562137763,0.001550263347777775,0.044979535558865275,0.13249793456,0.04162518226765094,1.0359305416078264,85.92348837222944,0,9.32,100,0.68,0.2,2.32,0.1365582429056417
E3,default,treatment_effect_mean,-0.3333333333333333,25,0.92,0.0061902888363779595,-0.00941047759256669,0.12979039762517666,0.533090262892,0.16252947761601902,1.0359305416078264,85.92348837222944,0,9.32,100,0.68,0.2,2.32,0.1365582429056417
E3,default,treatment_effect_sd,0.6666666666666666,25,0.92,0.048694005956533365,0.03070000983333332,0.1127138102759,0.40428639678,0.12642631698199552,1.0359305416078264,85.92348837222944,0,9.32,100,0.68,0.2,2.32,0.1365582429056417
E4,default,time_trend_mean,-0.08888888888888889,25,0.92,0.001601311364503692,-0.0020494023151111096,0.01438632419316583,0.053347127493999995,0.016272571450101456,1.0977598984838144,22.30668193381159,0.08,48.32,306,0.92,0.68,0,0.14044079133194684
E4,default,time_trend_sd,0.044444444444444446,25,0.84,0.005662691742476645,0.007821015026005552,0.01655134481551753,0.049798120401,0.015414141611084238,1.0977598984838144,22.30668193381159,0.08,48.32,306,0.92,0.68,0,0.14044079133194684
E4,default,treatment_effect_mean,-0.3333333333333333,25,0.8,-0.02025720840306669,-0.02803777440166666,0.027704471142744016,0.07539646527999999,0.022948730116945155,1.0977598984838144,22.30668193381159,0.08,48.32,306,0.92,0.68,0,0.14044079133194684
E4,default,treatment_effect_sd,0.06666666666666667,25,0.64,0.018984607908709334,0.014473044463833337,0.027484918200916576,0.060226923705999996,0.018733580751303745,1.0977598984838144,22.30668193381159,0.08,48.32,306,0.92,0.68,0,0.14044079133194684
E5,default,time_trend_mean,-0.08888888888888889,25,1,0.035691057819589624,0.04614563100999489,0.11943169002428258,1.2179683823399998,0.38547841133520866,1.6585915027497493,3.2908735702216205,0.24,201.48,581,1,1,105.64,0.5829429283922917
E5,default,time_trend_sd,0.044444444444444446,25,0.88,0.5076688570738155,0.43454202778300555,0.6114233345926644,1.7135492906151997,0.6013852554112459,1.6585915027497493,3.2908735702216205,0.24,201.48,581,1,1,105.64,0.5829429283922917
E5,default,treatment_effect_mean,-0.3333333333333333,25,1,-0.022541844630775083,-0.045875630156119174,0.07468573986491027,1.0336166480639999,0.34105898089966535,1.6585915027497493,3.2908735702216205,0.24,201.48,581,1,1,105.64,0.5829429283922917
E5,default,treatment_effect_sd,0.06666666666666667,25,1,0.3610258562084451,0.35504864100574685,0.3791041805580574,1.5648952811943997,0.5617432733106708,1.6585915027497493,3.2908735702216205,0.24,201.48,581,1,1,105.64,0.5829429283922917
E6,default,time_trend_mean,-0.08888888888888889,25,0.92,-3.413483164311082e-4,-0.0017427004956111075,0.010327921113071634,0.039956137248,0.012368049377483255,1.95112910712793,3.653020854450943,0.12,246.24,1165,1,1,0.04,0.06476689889322149
E6,default,time_trend_sd,0.044444444444444446,25,0.8,-0.004191727020828688,-0.005744912220272944,0.0137968556520465,0.042625611499599994,0.012925548451771294,1.95112910712793,3.653020854450943,0.12,246.24,1165,1,1,0.04,0.06476689889322149
E6,default,treatment_effect_mean,-0.3333333333333333,25,0.8,-0.005097848790666682,-0.006051992171666687,0.022893827498754533,0.07151122546000001,0.022037190358144918,1.95112910712793,3.653020854450943,0.12,246.24,1165,1,1,0.04,0.06476689889322149
E6,default,treatment_effect_sd,0.06666666666666667,25,0.68,0.019890755795913335,0.017569049175333334,0.025948145387365285,0.057886935587999996,0.018023011092891558,1.95112910712793,3.653020854450943,0.12,246.24,1165,1,1,0.04,0.06476689889322149
G1,default,baseline_control_mean,0.45,50,0.86,0.0025473135557999914,0.00349034468999998,0.012530824971502475,0.04098868814,0.012515939066611905,1.3497145220853721,5.238005313660353,0.04,60.76,557,0.98,0.7,0.22,0.21039824178428948
G1,default,time_trend_mean,-0.04,50,0.94,8.239569597960009e-4,5.946312055000007e-4,0.004476211982277733,0.017942874205,0.005500689064680229,1.3497145220853721,5.238005313660353,0.04,60.76,557,0.98,0.7,0.22,0.21039824178428948
G1,default,time_trend_sd,0.02,50,0.96,9.184368646335995e-4,0.001023124466249999,0.003983514502067801,0.0152655454682,0.0047224154842555426,1.3497145220853721,5.238005313660353,0.04,60.76,557,0.98,0.7,0.22,0.21039824178428948
G1,default,treatment_effect_mean,-0.15,50,0.94,3.132403383999949e-4,-3.2447540000000996e-4,0.006764917262675165,0.025776128739999998,0.007854639498919992,1.3497145220853721,5.238005313660353,0.04,60.76,557,0.98,0.7,0.22,0.21039824178428948
G1,default,treatment_effect_sd,0.03,50,0.84,7.305117499602096e-5,0.0012847453247499998,0.007167026784592803,0.0214400959258,0.006700929684813962,1.3497145220853721,5.238005313660353,0.04,60.76,557,0.98,0.7,0.22,0.21039824178428948
G2,default,baseline_control_mean,0.45,50,0.84,0.002577690388499988,0.003797771285000001,0.014445042440864782,0.03919779361999999,0.012023665754180277,1.1101262135563936,21.80566559159099,0.1,53.44,318,0.94,0.74,0,0.15706139908834588
G2,default,time_trend_mean,-0.04,50,0.96,-6.348610449337991e-4,-5.644536257499999e-4,0.004693025117273336,0.017478780761,0.005348511381968852,1.1101262135563936,21.80566559159099,0.1,53.44,318,0.94,0.74,0,0.15706139908834588
G2,default,time_trend_sd,0.02,50,0.92,2.302700166431993e-4,9.432540569999891e-5,0.004153122365101867,0.015076088616399998,0.004689329717511241,1.1101262135563936,21.80566559159099,0.1,53.44,318,0.94,0.74,0,0.15706139908834588
G2,default,treatment_effect_mean,-0.15,50,0.92,1.2930644359999133e-4,5.431484099999856e-4,0.006496542611768324,0.02569290767,0.007858025345269281,1.1101262135563936,21.80566559159099,0.1,53.44,318,0.94,0.74,0,0.15706139908834588
G2,default,treatment_effect_sd,0.03,50,0.86,-3.1043808623201845e-4,-4.6075091697499876e-4,0.006640036730396224,0.0214646151569,0.0066544831992115736,1.1101262135563936,21.80566559159099,0.1,53.44,318,0.94,0.74,0,0.15706139908834588
G3,default,baseline_control_mean,0.45,50,0.8,3.5900321749998796e-4,-4.724643875000101e-4,0.014931764402410152,0.040603797579999996,0.012358888141540817,1.184406924563511,21.44559905886571,0.06,69.54,637,0.96,0.74,0.14,0.15470531154544817
G3,default,time_trend_mean,-0.04,50,0.88,-0.0017896591305769992,-0.002029490055250001,0.005652300295938992,0.018486163445999997,0.005670950516830554,1.184406924563511,21.44559905886571,0.06,69.54,637,0.96,0.74,0.14,0.15470531154544817
G3,default,time_trend_sd,0.02,50,0.88,0.0019221776373171994,0.0015321909632250007,0.00491109066750712,0.0158677944778,0.004916768321128522,1.184406924563511,21.44559905886571,0.06,69.54,637,0.96,0.74,0.14,0.15470531154544817
G3,default,treatment_effect_mean,-0.15,50,0.88,0.0011148851030999935,4.7527249999999854e-4,0.0073811370847127675,0.02669389071,0.008121634653376992,1.184406924563511,21.44559905886571,0.06,69.54,637,0.96,0.74,0.14,0.15470531154544817
G3,default,treatment_effect_sd,0.03,50,0.94,0.0016430173737380011,0.001544199118500001,0.006167554847162989,0.022068887905,0.0068673650212249075,1.184406924563511,21.44559905886571,0.06,69.54,637,0.96,0.74,0.14,0.15470531154544817
G4,default,baseline_control_mean,0.45,50,0.8,-1.5078943140001578e-4,6.972605799999698e-4,0.01392456829632998,0.04050742875999999,0.012422290645097662,1.1355460629685024,11.553695381286243,0.02,52.2,305,0.98,0.76,0.24,0.15453019134706367
G4,default,time_trend_mean,-0.04,50,0.9,-6.685878033139988e-4,-7.987136439999987e-4,0.00487756328647826,0.017881375075,0.005494955581750027,1.1355460629685024,11.553695381286243,0.02,52.2,305,0.98,0.76,0.24,0.15453019134706367
G4,default,time_trend_sd,0.02,50,0.84,8.055345941290896e-4,0.0010613294015999995,0.004960949731846305,0.015413302651799998,0.004808849500623439,1.1355460629685024,11.553695381286243,0.02,52.2,305,0.98,0.76,0.24,0.15453019134706367
G4,default,treatment_effect_mean,-0.15,50,0.9,-1.7593899455000506e-4,6.025912749998974e-5,0.007675921266827067,0.027615804649999996,0.00844835097380209,1.1355460629685024,11.553695381286243,0.02,52.2,305,0.98,0.76,0.24,0.15453019134706367
G4,default,treatment_effect_sd,0.03,50,0.86,0.0028772101628780013,0.0024454011842500005,0.007692625922181891,0.022412309252999998,0.006975660987052588,1.1355460629685024,11.553695381286243,0.02,52.2,305,0.98,0.76,0.24,0.15453019134706367
G5,default,baseline_control_mean,0.45,50,0.88,0.0031836440143999866,0.0032882448374999818,0.012991085791391658,0.041179939709999995,0.012582657376833057,1.2430645106528242,6.6106895851099745,0.06,54.54,424,0.98,0.76,0,0.12233839029511764
G5,default,time_trend_mean,-0.04,50,0.9,2.851047648960013e-4,-1.4725776249998462e-5,0.005292346043905887,0.017654987465,0.00540018715509539,1.2430645106528242,6.6106895851099745,0.06,54.54,424,0.98,0.76,0,0.12233839029511764
G5,default,time_trend_sd,0.02,50,0.9,3.5553635097654974e-4,0.0010745274787500002,0.004602178809166103,0.015256882504399999,0.004754689523719009,1.2430645106528242,6.6106895851099745,0.06,54.54,424,0.98,0.76,0,0.12233839029511764
G5,default,treatment_effect_mean,-0.15,50,0.9,-0.0014076531835000056,-4.8415581750001213e-4,0.00765471353706682,0.025934828599999998,0.007942633830689542,1.2430645106528242,6.6106895851099745,0.06,54.54,424,0.98,0.76,0,0.12233839029511764
G5,default,treatment_effect_sd,0.03,50,0.9,5.259444542979007e-4,4.4336953125000134e-4,0.00634873822972896,0.021511256787,0.0067162813792579846,1.2430645106528242,6.6106895851099745,0.06,54.54,424,0.98,0.76,0,0.12233839029511764
G6,default,time_trend_mean,-0.08888888888888889,50,0.86,9.327468282889246e-5,-8.592898401111118e-4,0.0038742385038563446,0.011994873634999998,0.003658087847183298,1.5907079447650643,3.506442064938263,0.08,91.52,1293,0.8,0.62,19.68,0.02508936410477108
G6,default,time_trend_sd,0.044444444444444446,50,0.84,4.2559909244555325e-4,8.196967448055557e-4,0.0030814907750436357,0.009378825015,0.0028712151551107063,1.5907079447650643,3.506442064938263,0.08,91.52,1293,0.8,0.62,19.68,0.02508936410477108
G6,default,treatment_effect_mean,-0.3333333333333333,50,0.94,-5.250318338666882e-4,-0.0010466205116666794,0.005201371074571298,0.017508201780000003,0.005323089290308507,1.5907079447650643,3.506442064938263,0.08,91.52,1293,0.8,0.62,19.68,0.02508936410477108
G6,default,treatment_effect_sd,0.06666666666666667,50,0.86,4.0544008148333437e-4,5.059687698333384e-4,0.004405169447417468,0.013475168648,0.004134009354271654,1.5907079447650643,3.506442064938263,0.08,91.52,1293,0.8,0.62,19.68,0.02508936410477108
G7,default,time_trend_mean,-0.08888888888888889,50,0.9,-7.453436855811068e-4,5.572806038888628e-5,0.0035683726321214127,0.012061205297,0.003674102380215303,1.0525166463546853,29.997923541929005,0.04,52.48,350,0.84,0.56,0.04,0.029082814041363387
G7,default,time_trend_sd,0.044444444444444446,50,0.94,3.96264988575554e-4,2.9958840305555415e-4,0.0023776006374601217,0.009494547128999999,0.0028936768434801095,1.0525166463546853,29.997923541929005,0.04,52.48,350,0.84,0.56,0.04,0.029082814041363387
G7,default,treatment_effect_mean,-0.3333333333333333,50,0.86,9.060344813333144e-4,6.368140908333264e-4,0.0061733905696053516,0.017549519250000006,0.005331372167802887,1.0525166463546853,29.997923541929005,0.04,52.48,350,0.84,0.56,0.04,0.029082814041363387
G7,default,treatment_effect_sd,0.06666666666666667,50,0.96,4.476344092933346e-4,3.0445474833336317e-5,0.0040188190996505,0.013519610262999998,0.004129033266449098,1.0525166463546853,29.997923541929005,0.04,52.48,350,0.84,0.56,0.04,0.029082814041363387
G8,default,time_trend_mean,-0.08888888888888889,50,0.92,-0.004595883015851108,-0.005248764519361106,0.007251507457171314,0.020779947334999996,0.006320916809981062,1.1794637381849515,13.701571455464434,0.16,92.14,826,0.88,0.66,0.02,0.04583071519874922
G8,default,time_trend_sd,0.044444444444444446,50,0.28,0.011839686309925553,0.011379875975305556,0.013743278328580721,0.016896554041999995,0.005164458385232024,1.1794637381849515,13.701571455464434,0.16,92.14,826,0.88,0.66,0.02,0.04583071519874922
G8,default,treatment_effect_mean,-0.3333333333333333,50,0.54,-0.021219599588066684,-0.01909328373416669,0.025071655726418743,0.04164940763999999,0.012611253433083594,1.1794637381849515,13.701571455464434,0.16,92.14,826,0.88,0.66,0.02,0.04583071519874922
G8,default,treatment_effect_sd,0.06666666666666667,50,0,0.05258723725687333,0.05220147388258334,0.05464669321251494,0.031648615264,0.009668928835987698,1.1794637381849515,13.701571455464434,0.16,92.14,826,0.88,0.66,0.02,0.04583071519874922
G9,default,time_trend_mean,-0.08888888888888889,50,0.88,-0.0017679823859511083,-0.001195822357861108,0.00461743829709425,0.015184718479000001,0.0046488781247196985,1.374708807125264,4.7723816478419145,0.18,60.46,421,0.82,0.6,740.38,0.02206219655704166
G9,default,time_trend_sd,0.044444444444444446,50,0.86,0.0015709451649755536,0.0013711146720555532,0.0035131774074040347,0.010849763638,0.003328881673435817,1.374708807125264,4.7723816478419145,0.18,60.46,421,0.82,0.6,740.38,0.02206219655704166
G9,default,treatment_effect_mean,-0.3333333333333333,50,0.84,-0.002466564042066688,-0.0027243607141666792,0.009387450828239611,0.02737667482,0.008339963731566816,1.374708807125264,4.7723816478419145,0.18,60.46,421,0.82,0.6,740.38,0.02206219655704166
G9,default,treatment_effect_sd,0.06666666666666667,50,0.34,0.013142405708193335,0.012534270679583334,0.015009155652230093,0.020880692578999997,0.006372669884071792,1.374708807125264,4.7723816478419145,0.18,60.46,421,0.82,0.6,740.38,0.02206219655704166
H1,full_normal,time_trend_mean,-0.08888888888888889,25,0.72,0.0010868685065377915,0.006630120799288888,0.03664994369029589,0.08974662383394,0.02759857526646984,1.2777952695324788,7.727514305214872,0.08,77.8,519,0.96,0.76,0,0.2991822549939189
H1,full_normal,time_trend_sd,0.11555555555555555,25,0.44,0.007832362865644451,-0.02043988418805555,0.09482099066020568,0.07611631014999999,0.02364641299889799,1.2777952695324788,7.727514305214872,0.08,77.8,519,0.96,0.76,0,0.2991822549939189
H1,full_normal,treatment_effect_mean,-0.3333333333333333,25,0.88,-0.012609414022066688,-0.012826026116666667,0.020419881959883354,0.07356045494,0.022381932757792343,1.2777952695324788,7.727514305214872,0.08,77.8,519,0.96,0.76,0,0.2991822549939189
H1,full_normal,treatment_effect_sd,0.06666666666666667,25,0.64,0.023769219936637335,0.028008053947333328,0.0345735047568473,0.065086778074,0.02014878403941415,1.2777952695324788,7.727514305214872,0.08,77.8,519,0.96,0.76,0,0.2991822549939189
H1,full_robust,time_trend_mean,-0.08888888888888889,25,0.76,0.005913498773065131,0.012785695717888887,0.03083144698842671,0.077975752286,0.023833707564940448,1.415925317311708,9.42851112811428,0.12,108.2,730,0.96,0.88,0,0.2942994578319887
H1,full_robust,time_trend_sd,0.11555555555555555,25,0.4,-0.012326696035035552,-0.026615801083055557,0.05730203506227485,0.065837096254,0.02052435026462949,1.415925317311708,9.42851112811428,0.12,108.2,730,0.96,0.88,0,0.2942994578319887
H1,full_robust,treatment_effect_mean,-0.3333333333333333,25,0.88,-0.009516440898866683,-0.007758720371666694,0.01831655444207917,0.07135567926,0.021743763200867145,1.415925317311708,9.42851112811428,0.12,108.2,730,0.96,0.88,0,0.2942994578319887
H1,full_robust,treatment_effect_sd,0.06666666666666667,25,0.88,0.013666310411853334,0.01233743939333333,0.024543133259956364,0.063847194102,0.019735298577661344,1.415925317311708,9.42851112811428,0.12,108.2,730,0.96,0.88,0,0.2942994578319887
H1,naive,time_trend_mean,-0.08888888888888889,25,0.76,0.006406591385650621,0.01478539481293889,0.03517406427346404,0.103957273537,0.031619996698954364,1.0368919800682475,43.038194891516156,0,47.92,266,1,0.84,0,0.29627099282490327
H1,naive,time_trend_sd,0.11555555555555555,25,0.44,-0.00171229833339555,-0.021280920750055554,0.07858359161208679,0.08157177199999999,0.025722357985441518,1.0368919800682475,43.038194891516156,0,47.92,266,1,0.84,0,0.29627099282490327
H1,naive,treatment_effect_mean,-0.3333333333333333,25,0.2,-0.05953162840806668,-0.0575675239666667,0.06460992506239173,0.09187190274,0.027877816441506033,1.0368919800682475,43.038194891516156,0,47.92,266,1,0.84,0,0.29627099282490327
H1,naive,treatment_effect_sd,0.06666666666666667,25,0.08,0.07801053161473333,0.040648965093333336,0.11433070859950228,0.06943698138799999,0.021478375575084276,1.0368919800682475,43.038194891516156,0,47.92,266,1,0.84,0,0.29627099282490327
H2,full_normal,time_trend_mean,-0.12222222222222222,25,1,2.3663543366821583e-4,-0.0028572954452777827,0.013905595844235634,0.08400969023799999,0.0256791236376675,1.5931216120929321,8.334732177408569,0.16,93.44,677,1,0.68,0,0.23577478642539598
H2,full_normal,time_trend_sd,0.10222222222222221,25,1,0.011984648143537786,0.011481686676277789,0.016542049926844223,0.063982022772,0.019889949013480207,1.5931216120929321,8.334732177408569,0.16,93.44,677,1,0.68,0,0.23577478642539598
H2,full_normal,treatment_effect_mean,-0.3333333333333333,25,0.88,0.0020192679123333156,0.0017562525083333336,0.01801019968635003,0.07059354075999999,0.02156066620654225,1.5931216120929321,8.334732177408569,0.16,93.44,677,1,0.68,0,0.23577478642539598
H2,full_normal,treatment_effect_sd,0.06666666666666667,25,0.76,0.014589106653157335,0.016199605172333334,0.02169231186855757,0.058794359963999995,0.018082964749377445,1.5931216120929321,8.334732177408569,0.16,93.44,677,1,0.68,0,0.23577478642539598
H2,full_robust,time_trend_mean,-0.12222222222222222,25,1,-3.205657049497834e-4,-0.002150724399777787,0.014822633508449154,0.085500272462,0.025941006833732298,1.0452431327002099,70.21474544945296,0,56.88,181,1,0.84,0,0.3208357442808133
H2,full_robust,time_trend_sd,0.10222222222222221,25,0.96,0.011616544465277785,0.01161310303527778,0.016461290103781105,0.064819394436,0.02003629874465601,1.0452431327002099,70.21474544945296,0,56.88,181,1,0.84,0,0.3208357442808133
H2,full_robust,treatment_effect_mean,-0.3333333333333333,25,0.84,0.003894728121533313,1.793337633332892e-4,0.016782188837358634,0.06962966177999999,0.021190808157096647,1.0452431327002099,70.21474544945296,0,56.88,181,1,0.84,0,0.3208357442808133
H2,full_robust,treatment_effect_sd,0.06666666666666667,25,0.88,0.008443293928307333,0.009166650025333331,0.01750042945605172,0.060305660771999996,0.01868462263646502,1.0452431327002099,70.21474544945296,0,56.88,181,1,0.84,0,0.3208357442808133
H2,naive,time_trend_mean,-0.12222222222222222,25,0.88,0.008745175880485638,0.006281210613722221,0.024610259709391593,0.10340122167399998,0.03173299974881164,1.0855299613238345,29.218518827484306,0.08,54.48,290,1,0.84,0,0.24970794111206493
H2,naive,time_trend_sd,0.10222222222222221,25,1,0.016236794185497786,0.014484370441277788,0.02201044057084006,0.08336739552599999,0.026447195279238257,1.0855299613238345,29.218518827484306,0.08,54.48,290,1,0.84,0,0.24970794111206493
H2,naive,treatment_effect_mean,-0.3333333333333333,25,0.16,-0.06241896534026668,-0.06863582173166671,0.06676556583696987,0.08172904214,0.0249703135435637,1.0855299613238345,29.218518827484306,0.08,54.48,290,1,0.84,0,0.24970794111206493
H2,naive,treatment_effect_sd,0.06666666666666667,25,0,0.06588975013303333,0.06723765524633334,0.06798793693668538,0.063017473676,0.019543723681359218,1.0855299613238345,29.218518827484306,0.08,54.48,290,1,0.84,0,0.24970794111206493
H3,full_normal,time_trend_mean,-0.08888888888888889,25,0.88,0.0049356393820292,0.018977797850863898,0.0496264431080924,0.1523189996986,0.046500031947636807,1.046495248813761,45.24979418422485,0,43,219,0.88,0.64,0,0.1840884667391379
H3,full_normal,time_trend_sd,0.22222222222222224,25,0.92,0.012324275888777764,0.008758867687777755,0.03488276508644277,0.11540330051999999,0.03559505820254956,1.046495248813761,45.24979418422485,0,43,219,0.88,0.64,0,0.1840884667391379
H3,full_normal,treatment_effect_mean,-0.3333333333333333,25,0.84,-0.0047589107162666795,-0.008345918346666703,0.022864205132266672,0.07388592036000001,0.022680590975982826,1.046495248813761,45.24979418422485,0,43,219,0.88,0.64,0,0.1840884667391379
H3,full_normal,treatment_effect_sd,0.06666666666666667,25,0.76,0.013507459506207334,0.01350838647133333,0.024258028600817234,0.066701833198,0.020854727702363445,1.046495248813761,45.24979418422485,0,43,219,0.88,0.64,0,0.1840884667391379
H3,full_robust,time_trend_mean,-0.08888888888888889,25,0.88,0.005376155273276243,0.015659579067724888,0.05018306749475147,0.1507976660608,0.0460479280788807,1.2554434366314275,8.46958035443678,0.08,65.08,529,0.96,0.76,0,0.2691506769095207
H3,full_robust,time_trend_sd,0.22222222222222224,25,0.92,0.011012507439797765,0.006961073637777759,0.03493044287046448,0.11579642786,0.035662250506479726,1.2554434366314275,8.46958035443678,0.08,65.08,529,0.96,0.76,0,0.2691506769095207
H3,full_robust,treatment_effect_mean,-0.3333333333333333,25,0.84,-0.004755305847066685,-0.009349591681666658,0.022605910470301936,0.07323478834000001,0.022395588569135493,1.2554434366314275,8.46958035443678,0.08,65.08,529,0.96,0.76,0,0.2691506769095207
H3,full_robust,treatment_effect_sd,0.06666666666666667,25,0.88,0.009363697663021335,0.00877717760433333,0.02134883423409296,0.06713533477599999,0.021155949277448426,1.2554434366314275,8.46958035443678,0.08,65.08,529,0.96,0.76,0,0.2691506769095207
H3,naive,time_trend_mean,-0.08888888888888889,25,0.96,0.0024907507095028674,0.018539018176192038,0.055559159966110556,0.21096145101919997,0.06507756970268964,1.0984819669470214,15.724330409785612,0.08,25.48,213,0.92,0.48,0,0.2276850732285821
H3,naive,time_trend_sd,0.22222222222222224,25,0.76,0.02209066660495776,0.030645391252777737,0.05858834976474872,0.16504808633999998,0.05241745773485366,1.0984819669470214,15.724330409785612,0.08,25.48,213,0.92,0.48,0,0.2276850732285821
H3,naive,treatment_effect_mean,-0.3333333333333333,25,0.76,-0.04513707790966669,-0.04211119652166667,0.05425122385238748,0.11703506961999999,0.035764054686337456,1.0984819669470214,15.724330409785612,0.08,25.48,213,0.92,0.48,0,0.2276850732285821
H3,naive,treatment_effect_sd,0.06666666666666667,25,0,0.12378417923417334,0.13020423018333332,0.1273986415840824,0.08723056564,0.027090885853479345,1.0984819669470214,15.724330409785612,0.08,25.48,213,0.92,0.48,0,0.2276850732285821
H4,full_normal,time_trend_mean,-0.08888888888888889,25,0.32,-0.03946990783891511,-0.0410357664151111,0.04366105196102967,0.05735249067199999,0.01754043362339799,1.0230176672038713,129.23705538298165,0,53.96,194,1,0.88,0,0.24481652811273671
H4,full_normal,time_trend_sd,0.044444444444444446,25,0.84,0.008443313200915195,0.009655938582055552,0.016724861007518656,0.053708616028879996,0.016488524240597185,1.0230176672038713,129.23705538298165,0,53.96,194,1,0.88,0,0.24481652811273671
H4,full_normal,treatment_effect_mean,-0.3333333333333333,25,0.48,0.038351217225333314,0.04421155001833332,0.043105723756938136,0.07561718971999999,0.02309811279152296,1.0230176672038713,129.23705538298165,0,53.96,194,1,0.88,0,0.24481652811273671
H4,full_normal,treatment_effect_sd,0.06666666666666667,25,0.48,0.026243107226182814,0.03173354651283333,0.03407678167317538,0.063650190282,0.019426209804401927,1.0230176672038713,129.23705538298165,0,53.96,194,1,0.88,0,0.24481652811273671
H4,full_robust,time_trend_mean,-0.08888888888888889,25,0.32,-0.03917233392703711,-0.0419002286726111,0.043570896455513125,0.05575498772799999,0.01716662225261439,1.459627281740678,5.500127402323754,0.08,146.28,1010,1,0.96,0,0.19356403902830335
H4,full_robust,time_trend_sd,0.044444444444444446,25,0.84,0.008891858343854702,0.009640448831555556,0.016875231116963114,0.052444978845019995,0.016286551375806705,1.459627281740678,5.500127402323754,0.08,146.28,1010,1,0.96,0,0.19356403902830335
H4,full_robust,treatment_effect_mean,-0.3333333333333333,25,0.44,0.03877962935113332,0.044443784383333296,0.043789311283291166,0.07516669888,0.022908710687627697,1.459627281740678,5.500127402323754,0.08,146.28,1010,1,0.96,0,0.19356403902830335
H4,full_robust,treatment_effect_sd,0.06666666666666667,25,0.6,0.019715288551611334,0.01817351564933334,0.02902010522947971,0.06261757735,0.019205871763468108,1.459627281740678,5.500127402323754,0.08,146.28,1010,1,0.96,0,0.19356403902830335
H4,naive,time_trend_mean,-0.08888888888888889,25,0.12,-0.048061715090371104,-0.0483049702321111,0.05159214344239381,0.052445817334,0.01615949876332297,1.5066514392220598,3.689984343822034,0.12,86.08,461,1,0.96,40,0.21917740320744353
H4,naive,time_trend_sd,0.044444444444444446,25,0.88,0.0038621852288132042,0.005370925759455553,0.01443793086032614,0.053064605076899994,0.0163406511222729,1.5066514392220598,3.689984343822034,0.12,86.08,461,1,0.96,40,0.21917740320744353
H4,naive,treatment_effect_mean,-0.3333333333333333,25,0.68,-0.023666837082266683,-0.021777820271666692,0.029226472931006532,0.06144640684,0.018931139165201914,1.5066514392220598,3.689984343822034,0.12,86.08,461,1,0.96,40,0.21917740320744353
H4,naive,treatment_effect_sd,0.06666666666666667,25,0.28,0.029525862299873334,0.02967217047533334,0.03301356577326428,0.048404380546,0.015124388202094819,1.5066514392220598,3.689984343822034,0.12,86.08,461,1,0.96,40,0.21917740320744353
