scenario_id,model_label,parameter,true_value,n_reps,empirical_coverage,mean_bias,median_bias,rmse,mean_ci_width,mean_posterior_sd,max_rhat_worst,min_ess_worst,pct_rhat_bad,mean_n_divergent,max_n_divergent,pct_reps_with_divergence,pct_reps_many_divergence,mean_n_max_treedepth,min_ebfmi_worst,panel
A1,default,treatment_effect_mean,-0.3374485596707819,25,0.96,-0.0024627106652180954,-0.001520250734218076,0.01794500707465534,0.06832208974,0.02090177485481157,1.0082758148381437,490.6610679685805,0,0,0,0,0,0,0.582558017302093,A
A10,default,treatment_effect_mean,-0.15,25,0.92,-0.004610131441000005,-3.229341650000106e-4,0.022737199395329966,0.03416089097999998,0.012022499479510548,2.05595437911409,2.6767765037760496,0.04,0.2,5,0.04,0,40,0.6732754599972685,A
A11,default,treatment_effect_mean,-0.3374485596707819,15,0.8,0.008037865176115247,0.007302523880781897,0.018563682154638616,0.06480859463333333,0.019917069966614583,1.0141757824742001,427.3378523970735,0,0,0,0,0,0,0.727231683130616,A
A12,individual,treatment_effect_mean,-0.3374485596707819,15,0.7333333333333333,0.0027130972151152453,0.004006069050781935,0.02456790391716416,0.062209512933333336,0.019038973046089643,1.0068139162589922,422.8933909468401,0,0,0,0,0,0,0.5978858896317373,A
A12,summary,treatment_effect_mean,-0.3374485596707819,15,0.8,0.0027282124407819073,0.0036266086357819027,0.024591282723798343,0.06352266016666668,0.01947553077586166,1.0063505261448138,571.9430811322454,0,0,0,0,0,0,0.6378216701104471,A
A13,hierarchical_rho,treatment_effect_mean,-0.3374485596707819,25,0.8,0.012599973058381914,0.012128740420781936,0.020755871612774306,0.07153580904,0.021813443391733696,1.0159141097032747,284.68009392741334,0,0,0,0,0,0,0.5991401940717033,A
A13,known_rho,treatment_effect_mean,-0.3374485596707819,25,0.8,0.011976258174581906,0.009892984420781903,0.0209422136986882,0.07176665080000001,0.022080800729470034,1.0118598578781488,334.4790168716962,0,0,0,0,0,0,0.5642687862865093,A
A14,default,treatment_effect_mean,0.3374485596707819,25,0.92,-0.0028917534245819156,-0.006908467390781936,0.021206191079943894,0.06390890372,0.019539755862121096,1.0116099949342658,316.5586882470847,0,0,0,0,0,0,0.6116973371078889,A
A15,default,treatment_effect_mean,0,25,0.88,0.002165294272069874,-0.0025264555361405,0.019566601430206894,0.058269289308285,0.017874995019886507,1.0093091024519276,542.1544885398139,0,0,0,0,0,0,0.5751432581611237,A
A16,default,treatment_effect_mean,-0.3374485596707819,25,1,0.009785914448381904,0.011736977350781885,0.016917236860870363,0.06672340364,0.02048031626279536,1.011340158098553,327.2314000683158,0,0,0,0,0,0,0.6006500191184053,A
A17,default,treatment_effect_mean,-0.3374485596707819,25,0.92,0.008352157215381916,0.008324260715781906,0.017107538417029004,0.06354890786,0.01933256492280891,1.0133397442021752,240.15387335153346,0,0,0,0,0,0,0.6371670421465022,A
A18,default,treatment_effect_mean,0.3374485596707819,25,0.88,-0.0036722108111819085,-0.0031490364507819057,0.02119343510554477,0.06811907027999999,0.02094682998725617,1.0091602193024016,321.3950880908106,0,0,0,0,0,0,0.6046206032279188,A
A2,default,treatment_effect_mean,-0.3374485596707819,25,0.88,0.0021957195275819075,0.0013168221457819373,0.012734716272175137,0.03866162637999999,0.011794890983229247,1.0130223064419517,333.8306038269205,0,0,0,0,0,0,0.5643808463428494,A
A3,default,treatment_effect_mean,-0.3374485596707819,25,0.88,2.4225875117589001e-4,0.009376093823781906,0.04253314021078704,0.17264148074,0.05502042012870664,1.018569030530304,95.28225814511075,0,5.68,31,0.96,0.12,0,0.5658574094887854,A
A4,default,treatment_effect_mean,-0.3374485596707819,25,0.88,-0.0014668998736180904,7.320947607818984e-4,0.009160841360879106,0.028660863499999988,0.00875139264267972,1.0100548757996908,398.8725811115507,0,0,0,0,0,0,0.5854941061031347,A
A5,default,treatment_effect_mean,-0.3374485596707819,25,0.88,-0.001104103069618081,-6.285536442180994e-4,0.019993212522276347,0.06303816595999999,0.01928394167805177,1.0098142987842376,175.58449820778287,0,1.04,19,0.2,0.04,0,0.7048644236982055,A
A6,default,treatment_effect_mean,-0.3374485596707819,25,0.96,-0.0010829962024180872,0.0019624343607819172,0.019249877210727104,0.08278362355999999,0.025121271674620933,1.2317552179070173,6.819743070821411,0.08,26.88,227,0.64,0.32,0,0.6941710097986976,A
A7,default,treatment_effect_mean,-0.5624142661179699,25,1,0.00114694058356986,5.106657829698769e-4,0.019822056224200565,0.06755479856000002,0.020592435352956313,1.0152242401821923,205.3202907240648,0,0,0,0,0,0,0.5040850457878211,A
A8,default,treatment_effect_mean,-0.3333333333333333,25,1,7.057399397333164e-4,0.0012726795083333187,0.008911252145371768,0.04854944586,0.014765355517727882,1.012147108694667,408.38408704629836,0,2.12,9,0.52,0,0,0.5163345631870512,A
A9,default,treatment_effect_mean,-0.15,25,0.96,-0.002656423495800009,0.0017479797399999886,0.022245220822184896,0.03435476606,0.012009322075981838,2.1397564324558864,2.6165328427173655,0.04,0,0,0,0,40,0.006786939192057161,A
F1,default,treatment_effect_mean,-0.3374485596707819,25,0.96,6.712972607819112e-4,-6.97841129218113e-4,0.007983334885091077,0.03381650032000002,0.010292729152876738,1.0074139164155334,522.5203911316721,0,0,0,0,0,0,0.7189941606021373,A
F2,default,treatment_effect_mean,-0.3333333333333333,25,0.92,-8.626115686666824e-4,3.1088763833331257e-4,0.005121854466376078,0.016990445979999994,0.0051469616892828324,1.0302103421635271,109.04764216834694,0,0,0,0,0,0,0.5946094993951125,A
F3,default,treatment_effect_mean,-0.15,25,0.88,5.086007793999925e-4,0.0012981527600000042,0.0029407137285088697,0.009535161079999995,0.00290188191587191,1.0230473077011137,154.6041320657751,0,0,0,0,0,0,0.6519342341963419,A
F4,default,treatment_effect_mean,-0.3374485596707819,25,0.84,0.0031039453031819096,0.0036868553507818924,0.011728309468913822,0.0322722808,0.009841438908128592,1.0069999764441324,528.8567966416163,0,0,0,0,0,0,0.7232663822324924,A
F5,default,treatment_effect_mean,-0.3374485596707819,25,0.92,-0.001175064834418087,-6.397553042181148e-4,0.0067080345272564085,0.023944636319999997,0.007297206860000052,1.0097695400719782,399.07438163088517,0,0,0,0,0,0,0.599315682481541,A
F6,default,treatment_effect_mean,-0.5624142661179699,25,0.96,0.0012204479659698464,0.0020514241729698846,0.0069823958722969775,0.02397935997999999,0.0072737756159552665,1.0165480765810853,172.42607902942478,0,0,0,0,0,0,0.5680500878012452,A
F7,default,treatment_effect_mean,-0.3374485596707819,25,0.76,0.003961869406181908,0.0064484694807819265,0.01708885029644719,0.04767477866,0.014533626253183288,1.0205779545079596,222.26640804408987,0,0,0,0,0,0,0.7463979904135702,A
F8,default,treatment_effect_mean,-0.3333333333333333,25,0.96,-4.2405083386668483e-4,-4.950959716666925e-4,0.004138308531380651,0.017896646920000002,0.00546642685482499,1.0368455869058628,74.31796101078174,0,3.84,84,0.08,0.08,0,0.05994800249011951,A
J1,full,treatment_effect_mean,-0.3374485596707819,5,1,0.0035087989117819187,0.007548228290781889,0.020579173147518445,0.07737221130000001,0.023583852411356198,1.0195060652049033,182.24015113264574,0,4.6,23,0.2,0.2,0,0.7010088631977787,B
J1,naive,treatment_effect_mean,-0.3374485596707819,5,1,0.006276115824781892,0.013660324880781893,0.01663197324919042,0.05349264059999999,0.016237363439392596,1.020518848122422,196.9438546072049,0,10.6,28,1,0.4,0,0.581158466324765,B
J2,full,treatment_effect_mean,-0.3374485596707819,5,1,0.00691283763378191,0.007118868330781902,0.0164431644290059,0.07332469039999998,0.022379392965178532,1.0317552427441505,98.56012257744351,0,23.6,49,1,0.6,0,0.7106188865652989,B
J2,naive,treatment_effect_mean,-0.3374485596707819,5,0.2,-0.04524141582321808,-0.05759681809921807,0.04866675299395627,0.059567979699999996,0.018093188772100678,1.0100703596401934,205.82723990033267,0,3.2,6,1,0,0,0.6478647674091781,B
J3,full,treatment_effect_mean,-0.3374485596707819,5,0.8,0.01283872924978191,0.008994864520781909,0.0283376900389179,0.07542430999999997,0.02290969024464131,1.0807761051583125,19.05204838498403,0.4,33.2,136,0.8,0.4,0,0.6601481764431316,B
J3,naive,treatment_effect_mean,-0.3374485596707819,5,0,-0.0800036685262181,-0.07785176323921811,0.0806930197496306,0.05938559679999998,0.01816207856080726,1.019249089156191,233.53613074331082,0,2.6,8,0.8,0,0,0.5558493033593442,B
J4,full,treatment_effect_mean,-0.3374485596707819,5,1,9.087867567819097e-4,0.0048563078257818915,0.02191501964593512,0.08448841350000001,0.02593424470160798,1.025034934341653,116.86143261520017,0,0.4,2,0.2,0,0,0.7034708876446824,B
J4,naive,treatment_effect_mean,-0.3374485596707819,5,0,-0.14287297757621809,-0.14329951376421807,0.14317523238424568,0.07300458099999997,0.022276091218604792,1.0118035324378862,171.61755875507887,0,3.8,5,1,0,0,0.6229591165607543,B
J5,full,treatment_effect_mean,-0.3374485596707819,5,1,0.00930117010478192,0.011705920690781912,0.020506211872244957,0.0755057907,0.02292331022933163,1.036621110881941,52.63074863783924,0,9.4,20,0.6,0.4,0,0.6760905184604447,B
J5,naive,treatment_effect_mean,-0.3374485596707819,5,0,-0.1870957989062181,-0.18506749680421808,0.18743142571600185,0.0834766656,0.025031798238395755,1.0252231295807053,198.2502249497178,0,5.4,14,0.8,0.2,0,0.6268776817422828,B
J6,full,treatment_effect_mean,-0.3374485596707819,5,1,-0.01066227190821809,-0.00947037877921808,0.01782775867061062,0.08745727519999998,0.026795312392543416,1.0127010326689303,128.75239791852846,0,0.2,1,0.2,0,0,0.7154144500127781,B
J6,naive,treatment_effect_mean,-0.3374485596707819,5,0,-0.23758161261821809,-0.2342875972142181,0.23780890154361825,0.09038021249999995,0.027852192641973302,1.021962819367247,98.52326243690993,0,4.4,10,0.8,0,0,0.6384950044414411,B
J7,full,treatment_effect_mean,-0.3374485596707819,5,1,-0.00958687505521808,-0.012661905529218087,0.014414960841152763,0.09685787919999998,0.029224837530232684,1.2186687779758723,7.354863406909964,0.2,41,205,0.2,0.2,0,0.705326957007213,B
J7,naive,treatment_effect_mean,-0.3374485596707819,5,0,-0.2909599655372181,-0.2898755667542181,0.29134363142911923,0.10350428330000001,0.03135056351880385,1.030540802486896,114.23628317932629,0,3.6,11,0.8,0.2,0,0.6268057591319673,B
J8,full,treatment_effect_mean,-0.3374485596707819,5,1,0.003691832799781902,-0.0030201076192181153,0.01559026985417754,0.09381030880000003,0.028612004988466985,1.0055591733587703,241.36693276974182,0,0.2,1,0.2,0,0,0.749430789148645,B
J8,naive,treatment_effect_mean,-0.3374485596707819,5,0,-0.3260635970432181,-0.3267553221892181,0.3265494316359449,0.11485709740000001,0.03485410870041431,1.0292174350732046,115.47510047503968,0,1,2,0.8,0,0,0.5357062337631442,B
J9,full,treatment_effect_mean,-0.3374485596707819,5,0.8,-0.0071553351512180785,0.0019320541007818992,0.031092305216784057,0.09190455029999997,0.02794425146080219,1.012778781814092,228.991017009159,0,5.4,20,0.4,0.2,0,0.6522306663141878,B
J9,naive,treatment_effect_mean,-0.3374485596707819,5,0,-0.3837703625272181,-0.3828838154692181,0.38431161416148546,0.12484055829999996,0.03854142649342514,1.1780546683816133,8.175987157001936,0.2,62.8,313,0.4,0.2,0,0.6602122626970164,B
M1,full,treatment_effect_mean,-0.3374485596707819,5,0.8,0.004592818071781901,0.006425359840781908,0.022671001172879474,0.0539430604,0.016595426876580402,1.007305569926046,469.6149696113665,0,0.2,1,0.2,0,0,0.669093484705807,C
M1,naive,treatment_effect_mean,-0.3374485596707819,5,0.6,0.0015005508377819222,0.0035027460157819323,0.020421403982366686,0.050357543000000005,0.015449706175690707,1.0196405644382474,400.6038567076102,0,0,0,0,0,0,0.6190398176565844,C
M2,full,treatment_effect_mean,-0.3374485596707819,5,0.8,0.01223145365278192,0.015330237980781924,0.02259189390061658,0.06134153389999998,0.018841334533022988,1.00455989468876,366.3640197575873,0,0,0,0,0,0,0.6290032468651761,C
M2,naive,treatment_effect_mean,-0.3374485596707819,5,0.8,0.01102783855178191,0.0061968903807819165,0.019946201650259558,0.05780222419999999,0.017581526756688327,1.0080805839469575,340.3033780453563,0,0,0,0,0,0,0.6564299984109062,C
M3,full,treatment_effect_mean,-0.3374485596707819,5,1,0.00672991465178191,0.009277280725781933,0.011412564136301638,0.06744717239999998,0.020677102682240354,1.0108150478693236,277.2108257571972,0,0,0,0,0,0,0.7032295695861291,C
M3,naive,treatment_effect_mean,-0.3374485596707819,5,0.8,0.00834400705778191,0.003133512760781887,0.01681620596793302,0.061449426800000005,0.01888982654745733,1.0100751695084673,289.76368589808976,0,0,0,0,0,0,0.6007187112772274,C
M4,full,treatment_effect_mean,-0.3374485596707819,5,1,-0.01031319944521808,-0.005072615784218082,0.017129087467835615,0.07007042890000001,0.021528418476754758,1.0107044780022807,348.89704675604935,0,0,0,0,0,0,0.6738696050814604,C
M4,naive,treatment_effect_mean,-0.3374485596707819,5,1,0.005789084454781912,0.004215828970781932,0.017656047929983293,0.08934105049999996,0.027056320711823952,1.0124165468599948,213.70144833142004,0,0,0,0,0,0,0.6340863480419762,C
M5,full,treatment_effect_mean,-0.3374485596707819,5,1,0.006283799752781915,0.004160647005781892,0.010641685159197285,0.08221392040000002,0.025446087163384205,1.014844901776038,201.18693399252987,0,0,0,0,0,0,0.661042527113446,C
M5,naive,treatment_effect_mean,-0.3374485596707819,5,0.6,0.01025967257478192,0.02367873680578192,0.05556612402829374,0.118735534,0.03631146580387593,1.0152510799500785,146.81630824165788,0,0,0,0,0,0,0.5678143830189458,C
M6,full,treatment_effect_mean,-0.3374485596707819,5,1,0.0028466494407819233,0.0015404099607819188,0.012677791192041802,0.0761902881,0.02366055614489923,1.0070794225074666,193.45881398607696,0,0,0,0,0,0,0.6432716454310837,C
M6,naive,treatment_effect_mean,-0.3374485596707819,5,1,0.010855545066781913,0.021275793550781907,0.038955514126777085,0.1302078702,0.03985162617580439,1.0174742620392807,162.81774292154736,0,0,0,0,0,0,0.6295498866038505,C
K1,default,treatment_effect_mean,-0.3374485596707819,5,1,0.0013904777277819135,0.005789090475781911,0.017806147725299596,0.10676629829999999,0.033288412403863044,1.0072341894142678,481.20249091206637,0,0,0,0,0,0,0.6207218816331433,D
K2,default,treatment_effect_mean,-0.3374485596707819,5,0.8,-0.007688811056218092,-0.007689180804218099,0.026779682893037105,0.0783988097,0.023801240126093966,1.010661729567477,576.5767692870386,0,0,0,0,0,0,0.7209289326077015,D
K3,default,treatment_effect_mean,-0.3374485596707819,5,0.6,-0.015354079323218094,-0.010497789114218115,0.025698636087356192,0.06379201989999998,0.019434108503258878,1.009144324265014,435.7274822818068,0,0,0,0,0,0,0.8003446383069271,D
K4,default,treatment_effect_mean,-0.3374485596707819,5,1,0.014904710770781916,0.020339446775781922,0.019843799249669468,0.058354960199999986,0.01781402379322205,1.0082688767705748,407.7274407432228,0,0,0,0,0,0,0.8128512851154168,D
K5,default,treatment_effect_mean,-0.3374485596707819,5,1,0.00600056916278191,-8.536725992180916e-4,0.012552283849709939,0.05164644189999997,0.015241457882700794,1.0249023686021488,72.62378660120153,0,12.8,60,0.4,0.2,0,0.75540264688883485,D
K6,default,treatment_effect_mean,-0.3374485596707819,5,1,-0.00290425592721808,-0.004124738099218095,0.01081505201427569,0.06642935799999997,0.020270269205078243,1.0041177574739457,617.0786720947343,0,0,0,0,0,0,0.6149516955696304,D
K7,default,treatment_effect_mean,-0.3374485596707819,5,0.8,0.012379130127781902,0.019972817895781925,0.019156386912778087,0.05022346019999999,0.015420720323111096,1.0095970151816656,665.4850308091965,0,0,0,0,0,0,0.6385731022920397,D
K8,default,treatment_effect_mean,-0.3374485596707819,5,0.6,0.009575833790781908,0.01771427204578191,0.02021248501507964,0.040069462599999994,0.012198051313599035,1.0060994973949668,802.1197590650287,0,0,0,0,0,0,0.5925425834128489,D
K9,default,treatment_effect_mean,-0.3374485596707819,5,1,3.97013947781899e-4,-6.211578142180652e-4,0.0018500986206701274,0.03156585970000002,0.009615487773005332,1.0073637032684275,474.7724340673425,0,0,0,0,0,0,0.5981542610006904,D
L1,normal,treatment_effect_mean,-0.3374485596707819,5,0.8,-0.022613293698218084,-0.028983036889218106,0.028118251668712235,0.07209031639999999,0.02215687573093781,1.0082736475048926,568.3062253660921,0,0,0,0,0,0,0.5841685403705411,E
L1,robust,treatment_effect_mean,-0.3374485596707819,5,0.8,-0.022107447328218087,-0.023039392169218076,0.027948270947680966,0.0741011541,0.02273776194853877,1.0039396346111933,688.8528831894204,0,0,0,0,0,0,0.6994466812780492,E
L2,normal,treatment_effect_mean,-0.3374485596707819,5,1,8.245709087819075e-4,0.0027961784507818943,0.01291627041063835,0.08235821719999999,0.025444926461398492,1.016437100455146,376.2099508938217,0,0,0,0,0,0,0.6091100100695565,E
L2,robust,treatment_effect_mean,-0.3374485596707819,5,1,0.005473295762781915,0.005987303915781894,0.009091162637207932,0.07382058479999999,0.022616521300191258,1.0041679885562134,724.9265767831704,0,0,0,0,0,0,0.6843636971328503,E
L3,normal,treatment_effect_mean,-0.3374485596707819,5,0.8,0.009920416511781905,0.0034055254307819305,0.03544953124104915,0.1129943044,0.034667449815966006,1.012605389157543,120.18340095926325,0,0,0,0,0,0,0.6262058518272489,E
L3,robust,treatment_effect_mean,-0.3374485596707819,5,0.8,0.012476538193781916,3.434128207819298e-4,0.033045750823940255,0.10849453410000001,0.033408342688244,1.0027237888482767,591.1537429360956,0,0,0,0,0,0,0.6627111309257008,E
L4,normal,treatment_effect_mean,-0.3374485596707819,5,1,0.010416142001881911,0.007484525645781892,0.04179059032691158,0.149692309,0.045364856853750773,1.0118517332029986,238.49987204914794,0,0,0,0,0,0,0.5617883343953636,E
L4,robust,treatment_effect_mean,-0.3374485596707819,5,1,0.006410899405581904,0.009857797785781885,0.038864885387333965,0.14181823510000002,0.04372267324554402,1.0042181228090608,732.7022902089163,0,0,0,0,0,0,0.7118315012590476,E
L5,normal,treatment_effect_mean,-0.3374485596707819,5,1,-0.0015541701445180745,-0.006449236404218073,0.03815944516636108,0.16717285449999997,0.05139306400641644,1.0141006211338632,208.72651029635472,0,0,0,0,0,0,0.6658683932518444,E
L5,robust,treatment_effect_mean,-0.3374485596707819,5,1,-8.258332314180939e-4,-0.005240161839218105,0.036051800449810205,0.166509519,0.05126526593840017,1.0062824358060167,665.2895825190456,0,0,0,0,0,0,0.6421324487446058,E
N1,full,treatment_effect_mean,-0.3374485596707819,5,0.8,-0.02900870832421808,-0.019609454379218072,0.0344439696584412,0.09854123470000001,0.030371486772209626,1.0144793620363515,350.3285067734623,0,0,0,0,0,0,0.6608920049869892,F
N1,naive,treatment_effect_mean,-0.3374485596707819,5,0.2,-0.06662534758921809,-0.05965037577421811,0.069116534554914,0.0996679388,0.03054502477014047,1.0076409859168949,210.35209670378765,0,0,0,0,0,0,0.6682336866774019,F
N2,full,treatment_effect_mean,-0.3374485596707819,5,0.8,-0.01827623089821807,-0.020779728624218063,0.040587260994869256,0.0874128418,0.026712308155402074,1.007248706942225,278.70810959319846,0,0,0,0,0,0,0.6817092983474274,F
N2,naive,treatment_effect_mean,-0.3374485596707819,5,0.4,-0.07494081290221807,-0.07450880284921807,0.07918699580638269,0.09978251959999997,0.03044971231308454,1.0269954686320015,210.12906479667205,0,0,0,0,0,0,0.6234935568251815,F
N3,full,treatment_effect_mean,-0.3374485596707819,5,0.8,-0.04312008981821809,-0.033153278994218105,0.04729519050039456,0.1014365658,0.030787880709543313,1.0101984113041895,399.8534596357919,0,0.4,2,0.2,0,0,0.6572242994179208,F
N3,naive,treatment_effect_mean,-0.3374485596707819,5,0,-0.1071372185402181,-0.10457502632921811,0.10780278716195331,0.11771917429999998,0.03589667947594431,1.013507270213157,234.35361577230586,0,0,0,0,0,0,0.639930561575242,F
N4,full,treatment_effect_mean,-0.3374485596707819,5,0.4,-0.0665523782052181,-0.07069776027421809,0.06953054786653141,0.1270244197,0.03844777378649173,1.0221014194652467,117.29726065889356,0,3,11,0.4,0.2,0,0.6768797211064669,F
N4,naive,treatment_effect_mean,-0.3374485596707819,5,0,-0.1355210694422181,-0.1395619781492181,0.1360844731979888,0.14690479669999998,0.04469639907425094,1.0066144099634757,295.161554962692,0,0,0,0,0,0,0.5986285284772866,F
N5,full,treatment_effect_mean,-0.3374485596707819,5,0.2,-0.09934619531121808,-0.08763756748921808,0.10469624885257311,0.1282135976,0.038969239890927355,1.0197004723878176,264.06263962587667,0,0.4,2,0.2,0,0,0.6539571058587242,F
N5,naive,treatment_effect_mean,-0.3374485596707819,5,0,-0.1701073495142181,-0.18497256387421812,0.17228440006932078,0.14289718809999996,0.043900245942239215,1.015537844182684,289.3894223796796,0,0,0,0,0,0,0.6716501443563114,F
N6,full,treatment_effect_mean,-0.3374485596707819,5,0,-0.1359150360012181,-0.1317499468692181,0.13775930101209674,0.15686596179999995,0.04718834424267772,1.0093024364254997,260.8803876669698,0,0.6,3,0.2,0,0,0.6370160487035187,F
N6,naive,treatment_effect_mean,-0.3374485596707819,5,0,-0.1935251259502181,-0.18763361949421808,0.19429538827066622,0.1593621526,0.048536386130135625,1.016719533546713,288.2078143358507,0,0,0,0,0,0,0.6453658192081951,F
N7,full,treatment_effect_mean,-0.3374485596707819,5,0.8,-0.11504331872621808,-0.10100910917421807,0.11780276028098834,0.22217582449999995,0.068028601242818,1.0285096562423053,71.82250570629714,0,3.2,13,0.6,0.2,0,0.6814685494529878,F
N7,naive,treatment_effect_mean,-0.3374485596707819,5,0,-0.20196816875521809,-0.20271981607921807,0.20311122703293247,0.1948252128,0.06005586754431975,1.0116159072990665,325.0363306791504,0,0,0,0,0,0,0.6582451906181572,F
