scenario_id,model_label,parameter,true_value,n_reps,empirical_coverage,mean_bias,median_bias,rmse,mean_ci_width,mean_posterior_sd,max_rhat_worst,min_ess_worst,pct_rhat_bad
A1,default,time_trend_mean,-0.08888888888888889,25,1,-0.002487592838463108,-0.0022209241711111105,0.009049829578543087,0.03963540399999999,0.012161704615637403,1.0049714369442453,693.7521826979573,0
A1,default,time_trend_sd,0.044444444444444446,25,0.92,0.0036579423732055545,0.003379089867055554,0.009567159831531658,0.03384073686999999,0.010504129390418006,1.0049714369442453,693.7521826979573,0
A1,default,treatment_effect_mean,-0.3333333333333333,25,0.84,0.005466709468933311,0.0045324045533333135,0.023807673055229482,0.06749373481999997,0.020688081612054765,1.0049714369442453,693.7521826979573,0
A1,default,treatment_effect_sd,0.06666666666666667,25,0.8,0.015980245889663333,0.013815319397583334,0.020780578185722456,0.05533902822599999,0.01725569647167067,1.0049714369442453,693.7521826979573,0
A10,default,baseline_control_mean,0.45,25,0.96,0.001369700885899996,0.004320613717499977,0.01110679076369144,0.04424510595999998,0.013602145640655042,1.007613914490761,512.6268953558856,0
A10,default,time_trend_mean,-0.04,25,0.84,-0.0026338825752263988,-0.0022710636854249983,0.008223914519160871,0.022660471769999996,0.006959379318943898,1.007613914490761,512.6268953558856,0
A10,default,time_trend_sd,0.02,25,0.96,4.6794678029349367e-4,0.002074770021549998,0.0055727948622840365,0.021274410689799995,0.006592976883095813,1.007613914490761,512.6268953558856,0
A10,default,treatment_effect_mean,-0.15,25,0.84,0.002739046304519994,0.0025488219925000055,0.00924796052277157,0.02591032548,0.007878166271256778,1.007613914490761,512.6268953558856,0
A10,default,treatment_effect_sd,0.03,25,0.8,3.877630852278005e-5,-7.070448567499978e-4,0.0067729610351171445,0.020766617171599996,0.00636606396540887,1.007613914490761,512.6268953558856,0
A11,default,time_trend_mean,-0.08888888888888889,25,0.92,-0.0029982359951181083,-0.003530662962611106,0.010217503304299113,0.03998430544999999,0.012195323774755124,1.005005386152776,811.0856029005804,0
A11,default,time_trend_sd,0.044444444444444446,25,0.96,0.0037736075294729143,0.004363732378305556,0.008756404282141113,0.034135908779999995,0.01058065172862299,1.005005386152776,811.0856029005804,0
A11,default,treatment_effect_mean,-0.3333333333333333,25,0.96,-0.0055419723022666866,-0.005608275951666686,0.019309363215339968,0.07000679571999999,0.021435846963782458,1.005005386152776,811.0856029005804,0
A11,default,treatment_effect_sd,0.06666666666666667,25,0.56,0.019812590652315335,0.02309837021458333,0.026953774834634767,0.057565989163999985,0.017890318108333622,1.005005386152776,811.0856029005804,0
A12,individual,time_trend_mean,-0.08888888888888889,25,0.92,-0.0033886605774911096,-0.004001044880361113,0.011380354741622193,0.03871334048199999,0.011883280619477361,1.0093700657763514,765.0604215871606,0
A12,individual,time_trend_sd,0.044444444444444446,25,0.92,0.0019797332138927533,0.002738327703555553,0.010053481598407046,0.03354983807599999,0.01039478585859247,1.0093700657763514,765.0604215871606,0
A12,individual,treatment_effect_mean,-0.3333333333333333,25,0.88,-0.00548441644736668,-0.004932217526666671,0.02270012082333392,0.06934332144,0.02121459863788241,1.0093700657763514,765.0604215871606,0
A12,individual,treatment_effect_sd,0.06666666666666667,25,0.64,0.019204394920377333,0.02194756221008333,0.02686641320806902,0.05708273455799999,0.017823792142058953,1.0093700657763514,765.0604215871606,0
A12,summary,time_trend_mean,-0.08888888888888889,25,0.92,-0.003388207677031108,-0.004304528613361114,0.01137670619519904,0.038795219929999986,0.01186273764095802,1.0064159058904714,697.1790480366566,0
A12,summary,time_trend_sd,0.044444444444444446,25,0.88,0.0019142776709293236,0.0029744704468055508,0.010031428376385945,0.03333407521699999,0.01039807747193892,1.0064159058904714,697.1790480366566,0
A12,summary,treatment_effect_mean,-0.3333333333333333,25,0.84,-0.005483620989766684,-0.004620263196666696,0.022667530690644318,0.06913116697999999,0.02113133468105814,1.0064159058904714,697.1790480366566,0
A12,summary,treatment_effect_sd,0.06666666666666667,25,0.6,0.019367123286052335,0.02149081774033333,0.026926682045422763,0.05718371379799998,0.017788357440408117,1.0064159058904714,697.1790480366566,0
A13,hierarchical_rho,time_trend_mean,-0.08888888888888889,25,0.84,-0.0036874797219231085,-0.004233578821611114,0.012455713159507482,0.04430669361199999,0.013581333996579707,1.0070488991002116,692.435974886657,0
A13,hierarchical_rho,time_trend_sd,0.044444444444444446,25,0.68,0.010104662870297855,0.010324110371055552,0.016661516444791323,0.03710429613199999,0.011543897931193146,1.0070488991002116,692.435974886657,0
A13,hierarchical_rho,treatment_effect_mean,-0.3333333333333333,25,0.96,0.003516578930433312,0.0055048998533333005,0.01897774125290466,0.07003410721999999,0.02144551603533968,1.0070488991002116,692.435974886657,0
A13,hierarchical_rho,treatment_effect_sd,0.06666666666666667,25,0.64,0.020204392297293334,0.016233749294083333,0.02468262851391395,0.05741821363199998,0.017839510514004224,1.0070488991002116,692.435974886657,0
A13,known_rho,time_trend_mean,-0.08888888888888889,25,0.92,-0.0029246991071411074,-0.003443062850611106,0.01194103050255084,0.04378453227199999,0.013385558672792649,1.5712432332223962,7.059516659326282,1
A13,known_rho,time_trend_sd,0.044444444444444446,25,0.64,0.010130978803205553,0.009938691053805557,0.016297040187885498,0.03710901267599999,0.011605963111300504,1.5712432332223962,7.059516659326282,1
A13,known_rho,treatment_effect_mean,-0.3333333333333333,25,0.92,0.0031023196374333085,0.0038233718483333123,0.01880216414667354,0.06687506725999999,0.020386962144977462,1.5712432332223962,7.059516659326282,1
A13,known_rho,treatment_effect_sd,0.06666666666666667,25,0.6,0.020006719506353333,0.016990925154083333,0.02466104608627973,0.05590200484999998,0.017236011512307935,1.5712432332223962,7.059516659326282,1
A14,default,time_trend_mean,-0.08888888888888889,25,0.92,0.003081210100768893,0.0030593971856388985,0.009854731382725915,0.04086184431999999,0.012485659722673867,1.0069992693940373,700.1069525706249,0
A14,default,time_trend_sd,0.044444444444444446,25,0.92,0.005250934797630553,0.0038434444993055566,0.010619697699260312,0.03470202485399999,0.010802341143717194,1.0069992693940373,700.1069525706249,0
A14,default,treatment_effect_mean,0.3333333333333333,25,0.92,0.0017550536999666865,0.003421333586666686,0.018695158853763733,0.06806980583999998,0.020826970814449508,1.0069992693940373,700.1069525706249,0
A14,default,treatment_effect_sd,0.06666666666666667,25,0.76,0.01687573956235333,0.016659461087333335,0.02315944674003825,0.055930279989999984,0.017419817975662513,1.0069992693940373,700.1069525706249,0
A15,default,time_trend_mean,-0.08888888888888889,25,0.96,0.004797780328428893,0.002289307201388896,0.01091443399204154,0.04234427605999999,0.012965469732517717,1.0046987125437539,870.6164815319397,0
A15,default,time_trend_sd,0.044444444444444446,25,0.8,0.007306490834383553,0.004156360350305553,0.01337274590471774,0.03536379020799999,0.010949069490785663,1.0046987125437539,870.6164815319397,0
A15,default,treatment_effect_mean,0,25,0.88,-0.006264400669857308,-0.006984809372232777,0.02032155883904216,0.06185205583879999,0.01895622711739746,1.0046987125437539,870.6164815319397,0
A15,default,treatment_effect_sd,0.06666666666666667,25,0.88,0.008364055725343333,0.00895010922858333,0.014210714602318358,0.05102422584799999,0.015864789942727987,1.0046987125437539,870.6164815319397,0
A16,default,time_trend_mean,0.08888888888888889,25,0.96,-4.7222314422689206e-4,-0.0021542600068888973,0.010841516086997727,0.042968957219999986,0.013174321950111,1.008155510104908,815.9558831222322,0
A16,default,time_trend_sd,0.044444444444444446,25,0.8,0.008148289920506552,0.008254217366055555,0.012410717471692673,0.03615460696799999,0.011267001636629952,1.008155510104908,815.9558831222322,0
A16,default,treatment_effect_mean,-0.3333333333333333,25,0.92,-0.004140836013866684,-0.004899558714166696,0.017097590919872677,0.06753931161999999,0.020624868849539606,1.008155510104908,815.9558831222322,0
A16,default,treatment_effect_sd,0.06666666666666667,25,0.72,0.016188169792863336,0.01140918938758334,0.023771129640542555,0.05611246901799998,0.0174686502261171,1.008155510104908,815.9558831222322,0
A17,default,time_trend_mean,0.08888888888888889,25,0.88,0.0010643003585591075,-1.0512919138888632e-4,0.01665098114905603,0.05117944556199999,0.01555780293647234,1.0122310474554463,467.3530666733369,0
A17,default,time_trend_sd,0.044444444444444446,25,0.92,0.002198681652249963,0.0011767781782805534,0.013281525989293962,0.04485305665359998,0.013781049514609574,1.0122310474554463,467.3530666733369,0
A17,default,treatment_effect_mean,-0.3333333333333333,25,0.88,-0.004549860677266684,-0.009939373546666685,0.021507207473351303,0.06654398799999998,0.020290295974698825,1.0122310474554463,467.3530666733369,0
A17,default,treatment_effect_sd,0.06666666666666667,25,0.76,0.012645352602452335,0.013791721271583332,0.019202999766690432,0.05096379410399999,0.01561056123939843,1.0122310474554463,467.3530666733369,0
A18,default,time_trend_mean,0.08888888888888889,25,0.92,0.0038179346959811063,0.003820847009611106,0.013724693292460576,0.04375009676399999,0.013381137594852127,1.0078991505431916,796.0296878754212,0
A18,default,time_trend_sd,0.044444444444444446,25,0.88,0.009337560018252554,0.012694676421305555,0.01484182039304622,0.036775131841999986,0.011428189449676425,1.0078991505431916,796.0296878754212,0
A18,default,treatment_effect_mean,0.3333333333333333,25,0.96,0.004419270900266678,0.002507130446666672,0.019070646759364547,0.06468853585999998,0.019852274029520278,1.0078991505431916,796.0296878754212,0
A18,default,treatment_effect_sd,0.06666666666666667,25,0.84,0.012656125405823336,0.012008440620083341,0.018508585014300465,0.053661159153999986,0.01668895505628023,1.0078991505431916,796.0296878754212,0
A2,default,time_trend_mean,-0.08888888888888889,25,0.84,-0.0018399386296911074,-0.0010320191418611013,0.006624847641362835,0.023285801603999994,0.007093190756067582,1.0088094396106628,989.2042794151652,0
A2,default,time_trend_sd,0.044444444444444446,25,0.72,0.004987000306505554,0.004162177193305555,0.0074104979643151055,0.018643609503999996,0.005707274062689478,1.0088094396106628,989.2042794151652,0
A2,default,treatment_effect_mean,-0.3333333333333333,25,0.88,-0.00476427939306669,-0.004689235851666695,0.012134119266136976,0.037192023500000004,0.011349934747571129,1.0088094396106628,989.2042794151652,0
A2,default,treatment_effect_sd,0.06666666666666667,25,0.6,0.013443972418513335,0.012349829312833335,0.016071959114043733,0.02919791718599999,0.008958229770644794,1.0088094396106628,989.2042794151652,0
A3,default,time_trend_mean,-0.08888888888888889,25,1,-0.00209462493334658,-0.006534311949378188,0.021849206313874825,0.12414413297579997,0.03861114873520171,1.2712507471402439,10.998062362636214,0.08
A3,default,time_trend_sd,0.044444444444444446,25,0.88,0.025618151702725113,0.02512863297750805,0.03974551871451596,0.13920557665275993,0.0470582939418472,1.2712507471402439,10.998062362636214,0.08
A3,default,treatment_effect_mean,-0.3333333333333333,25,0.88,-0.007824355813207286,-0.00923439871334919,0.0427446494602169,0.18181216693319996,0.05806863548982692,1.2712507471402439,10.998062362636214,0.08
A3,default,treatment_effect_sd,0.06666666666666667,25,0.8,0.041207254676001295,0.03565207670536083,0.0630148228538077,0.2174774760847999,0.07370281122617398,1.2712507471402439,10.998062362636214,0.08
A4,default,time_trend_mean,-0.08888888888888889,25,0.96,-0.0013217561681411066,-0.0011321589463611087,0.0032842853102243896,0.012513025599999998,0.003809750225686667,1.0050640096288688,763.1937608096872,0
A4,default,time_trend_sd,0.044444444444444446,25,0.64,0.004187344973115553,0.004095671294555556,0.004663093757301367,0.009819750231999998,0.003000341401684815,1.0050640096288688,763.1937608096872,0
A4,default,treatment_effect_mean,-0.3333333333333333,25,0.8,-0.0027670591355666895,-0.002471078239166702,0.0074227327917405035,0.020106349439999994,0.006133362612849886,1.0050640096288688,763.1937608096872,0
A4,default,treatment_effect_sd,0.06666666666666667,25,0.28,0.012410374764723335,0.012758291789833329,0.0141031256464127,0.015516035177999996,0.004738452804191528,1.0050640096288688,763.1937608096872,0
A5,default,time_trend_mean,-0.08888888888888889,25,0.96,-0.005618981082270908,-0.009282856907361109,0.015920271824303445,0.06273028285999999,0.019217933945958117,1.016019505381652,547.486145837178,0
A5,default,time_trend_sd,0.044444444444444446,25,0.72,0.014769149907277464,0.013419236449305552,0.021859129131280578,0.05638338640219998,0.01754834503242779,1.016019505381652,547.486145837178,0
A5,default,treatment_effect_mean,-0.3333333333333333,25,0.84,-0.006165669067866684,-0.008324271299166686,0.0217576235397262,0.06897822036000001,0.02102519283884769,1.016019505381652,547.486145837178,0
A5,default,treatment_effect_sd,0.06666666666666667,25,0.64,0.017675689860113336,0.01695340665258334,0.02427594639944264,0.05386013935799999,0.016580487550375497,1.016019505381652,547.486145837178,0
A6,default,time_trend_mean,-0.22222222222222224,25,1,-0.00640886586512776,-0.002418277225277765,0.015052445953701254,0.07424145765999998,0.022705396529407725,1.0602645741168273,44.122654387215285,0.08
A6,default,time_trend_sd,0.022222222222222223,25,0.64,0.025114561476919862,0.025724541873878026,0.03178610432726696,0.06961537169931997,0.021815883508563175,1.0602645741168273,44.122654387215285,0.08
A6,default,treatment_effect_mean,-0.3333333333333333,25,0.96,-1.0623369876668676e-4,0.0011494082608333178,0.022632874097446253,0.08549691123999999,0.02610543715159382,1.0602645741168273,44.122654387215285,0.08
A6,default,treatment_effect_sd,0.06666666666666667,25,0.8,0.011527439086053484,0.009561825150803338,0.022082284938078522,0.0696375677302,0.021396474168284087,1.0602645741168273,44.122654387215285,0.08
A7,default,beta_cov[dose],-0.08888888888888889,25,0.8,0.004404104447831263,0.00554405186756389,0.02355510616965684,0.07212699458799998,0.02201759395525835,1.006164663223781,626.3279676485892,0
A7,default,time_trend_mean,-0.08888888888888889,25,1,8.569549833988926e-4,0.003919448142388898,0.00735138820184313,0.03262225737399999,0.00998851030487513,1.006164663223781,626.3279676485892,0
A7,default,time_trend_sd,0.044444444444444446,25,0.76,0.003626276461345554,0.006546938350555552,0.01057008565357809,0.027342529177999994,0.008406367489976429,1.006164663223781,626.3279676485892,0
A7,default,treatment_effect_mean,-0.5555555555555556,25,0.84,-0.013154080095244422,-0.013111903484444465,0.022917036316631865,0.06519761448,0.01989026653494112,1.006164663223781,626.3279676485892,0
A7,default,treatment_effect_sd,0.06666666666666667,25,0.16,0.03509511243141333,0.03528713652358334,0.03862488819477958,0.052495770977999984,0.016210589885912,1.006164663223781,626.3279676485892,0
A8,default,time_trend_mean,-0.08888888888888889,25,0.84,-3.1691610519110733e-4,0.0015325878808888915,0.010380989882547903,0.03151092978799999,0.009607754213684547,1.0061631342637327,1066.8178983504913,0
A8,default,time_trend_sd,0.044444444444444446,25,0.84,0.002283723004545554,9.064052800555542e-4,0.008036674888842282,0.025777215045999995,0.007917346220581423,1.0061631342637327,1066.8178983504913,0
A8,default,treatment_effect_mean,-0.3333333333333333,25,0.88,-0.0025170189532666876,-0.003990737641666686,0.014655302607798836,0.048300834720000005,0.014726435065047266,1.0061631342637327,1066.8178983504913,0
A8,default,treatment_effect_sd,0.06666666666666667,25,0.92,0.004765464786853334,0.004301858705333339,0.014514105466759745,0.03887987474399999,0.011946308291147578,1.0061631342637327,1066.8178983504913,0
A9,default,baseline_control_mean,0.45,25,0.92,-0.0036290737854408174,0.0012421496974999724,0.026973763249768773,0.05523682151232,0.018862774384979873,1.5509226490196304,7.05533357215689,0.04
A9,default,time_trend_mean,-0.04,25,0.96,0.003138770558692001,0.0017904683944999986,0.011993053061240221,0.026175306881999996,0.009011769238606646,1.5509226490196304,7.05533357215689,0.04
A9,default,time_trend_sd,0.02,25,0.92,6.670019529143997e-4,0.001242311980425001,0.004268745900320387,0.015457248143399995,0.0048205609078484715,1.5509226490196304,7.05533357215689,0.04
A9,default,treatment_effect_mean,-0.15,25,1,-8.064938332700066e-4,7.302090549999862e-4,0.011544984521959673,0.03462852697999999,0.011479349835634632,1.5509226490196304,7.05533357215689,0.04
A9,default,treatment_effect_sd,0.03,25,0.88,0.0015051156552530014,5.372344697500003e-4,0.006621781638207945,0.022521760927999998,0.007041776450653381,1.5509226490196304,7.05533357215689,0.04
F1,default,time_trend_mean,-0.08888888888888889,25,0.96,-0.0013481336137411081,-0.0016043518946111113,0.00517428010262597,0.019822023171999995,0.006042358546152315,1.0053800275373457,889.3474641266397,0
F1,default,time_trend_sd,0.044444444444444446,25,0.8,0.0033447149212155534,0.0035699398230555554,0.006346739449886665,0.016527287287999997,0.005056911928273135,1.0053800275373457,889.3474641266397,0
F1,default,treatment_effect_mean,-0.3333333333333333,25,0.88,-0.0031758710192666875,-0.0016490912966666826,0.008126455766695443,0.024063232599999988,0.0073354925488357805,1.0053800275373457,889.3474641266397,0
F1,default,treatment_effect_sd,0.06666666666666667,25,0.16,0.012953752633013335,0.010819366956833332,0.013891312715990173,0.017683600545999996,0.005384144110583968,1.0053800275373457,889.3474641266397,0
F2,default,time_trend_mean,0,25,0.72,-6.17235856291178e-5,4.228444952068e-5,0.004719753173961571,0.009997071138129997,0.003050284279035311,1.0242477398280572,305.39790115437563,0
F2,default,time_trend_sd,0,25,0,0.011254379977976204,0.01202309950972225,0.012004988615946429,0.014336227928319996,0.004357330652948989,1.0242477398280572,305.39790115437563,0
F2,default,treatment_effect_mean,-0.3333333333333333,25,0.88,-8.651709000666852e-4,3.032737683333342e-4,0.005147801823392196,0.017027906299999993,0.0051700140865155115,1.0242477398280572,305.39790115437563,0
F2,default,treatment_effect_sd,0.06666666666666667,25,0.96,1.7953744464333372e-4,0.0012210163255833295,0.004213313326637179,0.012911350549999999,0.00394733957035263,1.0242477398280572,305.39790115437563,0
F3,default,baseline_control_mean,0.45,25,0.92,-0.008883291027849802,-8.038751550000223e-4,0.03167890561981813,0.05149712702237199,0.020177885403447306,1.5928684660391341,6.8790751102033285,0.08
F3,default,time_trend_mean,-0.04,25,0.92,0.0065693158607700005,9.485363847500025e-4,0.02321994802377362,0.033532136334,0.013358134705150952,1.5928684660391341,6.8790751102033285,0.08
F3,default,time_trend_sd,0.02,25,1,0.00267197224644,0.0014760845272499996,0.00664197905417585,0.01395926367,0.005091060601752822,1.5928684660391341,6.8790751102033285,0.08
F3,default,treatment_effect_mean,-0.15,25,0.92,-0.0042042686597000035,9.282885974999933e-4,0.01712041869365711,0.02805858516,0.010825712246861015,1.5928684660391341,6.8790751102033285,0.08
F3,default,treatment_effect_sd,0.03,25,0.84,6.367910709300006e-4,5.171767372500018e-4,0.002752317592969363,0.008508195996,0.002759046298295323,1.5928684660391341,6.8790751102033285,0.08
F4,default,time_trend_mean,-0.08888888888888889,25,0.88,-0.0028697737087411074,-0.0036957452846111127,0.005077066173854753,0.017873370533999997,0.005437376447110806,1.0041244395696274,1372.557081199509,0
F4,default,time_trend_sd,0.044444444444444446,25,0.72,0.004658068158875554,0.0046392258073055526,0.006244759315613498,0.014150873349999997,0.004322929715718474,1.0041244395696274,1372.557081199509,0
F4,default,treatment_effect_mean,-0.3333333333333333,25,0.76,-5.935624738666889e-4,8.748188558332926e-4,0.007678445120947073,0.022086173459999987,0.0067379865148116,1.0041244395696274,1372.557081199509,0
F4,default,treatment_effect_sd,0.06666666666666667,25,0.28,0.011472110925433335,0.009695310428583334,0.013126283789222603,0.016113123243999994,0.004909914813250356,1.0041244395696274,1372.557081199509,0
F5,default,time_trend_mean,-0.22222222222222224,25,0.8,-0.0031229395094777624,-0.0032280047052777594,0.005526137773188548,0.014241063779999999,0.004342613024584398,1.009077017385614,841.4414013454234,0
F5,default,time_trend_sd,0.022222222222222223,25,0,0.015584104826117778,0.01612645715552778,0.016053246773812375,0.012502355841999995,0.0038090000241303382,1.009077017385614,841.4414013454234,0
F5,default,treatment_effect_mean,-0.3333333333333333,25,0.88,-0.005249820244166686,-0.004491574476666704,0.008394562857452872,0.023992238439999983,0.007310816557012733,1.009077017385614,841.4414013454234,0
F5,default,treatment_effect_sd,0.06666666666666667,25,0.04,0.020304159930083332,0.020567431121083335,0.021015974184412287,0.01798152434399999,0.005488114581189939,1.009077017385614,841.4414013454234,0
F6,default,beta_cov[dose],-0.08888888888888889,25,0.88,-9.000612149311066e-4,-7.197926306111019e-4,0.009436922518428814,0.027183415985999996,0.008278177832033497,1.0123773875677093,460.5692542881469,0
F6,default,time_trend_mean,-0.08888888888888889,25,0.96,-8.911802948011077e-4,-0.0012527168818611129,0.0033991833914267344,0.01243255636,0.0037888576065538116,1.0123773875677093,460.5692542881469,0
F6,default,time_trend_sd,0.044444444444444446,25,0.68,0.0036645476518955542,0.0038205073630555517,0.0050138741428290765,0.009763868095999998,0.0029799704312268027,1.0123773875677093,460.5692542881469,0
F6,default,treatment_effect_mean,-0.5555555555555556,25,0.88,-0.005597354322544423,-0.004751859711944473,0.00882050009835617,0.023900701699999964,0.00726955828728652,1.0123773875677093,460.5692542881469,0
F6,default,treatment_effect_sd,0.06666666666666667,25,0,0.029510101340333335,0.028118292761833336,0.030479569579582835,0.017980894055999994,0.005488310543871883,1.0123773875677093,460.5692542881469,0
F7,default,time_trend_mean,-0.08888888888888889,25,0.92,-0.002521387811141108,-0.004022547401861101,0.006686894860311142,0.021451027945999998,0.006528871724735478,1.022367085850079,486.1676756518071,0
F7,default,time_trend_sd,0.044444444444444446,25,0.84,0.0046105189629755535,0.003519225564055553,0.006301763729381254,0.016870657995999995,0.0051534461181901685,1.022367085850079,486.1676756518071,0
F7,default,treatment_effect_mean,-0.3333333333333333,25,0.88,-0.0033232771837666884,-0.0018644753741666742,0.01137680138039303,0.034639431899999996,0.010530898550805606,1.022367085850079,486.1676756518071,0
F7,default,treatment_effect_mean_pp,-0.5111111111111111,25,0,0.17353608504821108,0.17466557404861105,0.17434495739754965,0.04679887127999999,0.014290451001101084,1.022367085850079,486.1676756518071,0
F7,default,treatment_effect_mean_rct,-0.11111111111111108,25,0,-0.2234731898369889,-0.22092100295138892,0.22363388585238966,0.039309210139999995,0.011980081275173167,1.022367085850079,486.1676756518071,0
F7,default,treatment_effect_sd,0.06666666666666667,25,0.2,0.013786731251573335,0.01288564202808333,0.015067347516232742,0.017806065714,0.0054170555747871975,1.022367085850079,486.1676756518071,0
F8,default,time_trend_mean,-0.08888888888888889,25,0.96,-4.337142220611084e-4,-8.498093278611063e-4,0.0030336152868609217,0.011909113471999997,0.0036355909238776126,1.0184721210678076,288.87412397011644,0
F8,default,time_trend_sd,0.044444444444444446,25,0.84,0.0014732641917255538,0.0012071292885555557,0.0032476334318747623,0.009494535993999995,0.0028901955972696746,1.0184721210678076,288.87412397011644,0
F8,default,treatment_effect_mean,-0.3333333333333333,25,0.96,-3.989411422666844e-4,-2.562475766667016e-4,0.004163559512411973,0.017889041019999993,0.005452704108674257,1.0184721210678076,288.87412397011644,0
F8,default,treatment_effect_sd,0.06666666666666667,25,0.92,0.0018585489706533338,0.0015877589835833344,0.004153148126246649,0.014025894605999997,0.004268562534765631,1.0184721210678076,288.87412397011644,0
B1,full,time_trend_mean,-0.22222222222222224,25,0.84,-5.02602826257763e-4,5.27357117222238e-4,0.019501547013451574,0.07485876767999998,0.023062641280454082,1.0631500107762397,65.82227358106176,0.04
B1,full,time_trend_sd,0.022222222222222223,25,0.64,0.029872077398641447,0.03240008598732777,0.03781342495557159,0.07278388801859999,0.02266284035672194,1.0631500107762397,65.82227358106176,0.04
B1,full,treatment_effect_mean,-0.3333333333333333,25,0.96,-0.005392538097866686,-0.0044433639716666695,0.025300335939385618,0.08646337801999998,0.02633050350360236,1.0631500107762397,65.82227358106176,0.04
B1,full,treatment_effect_sd,0.06666666666666667,25,0.76,0.012770272798280032,0.01641448131910833,0.0248129894437521,0.07501332751319999,0.02303225039384254,1.0631500107762397,65.82227358106176,0.04
B1,naive,time_trend_mean,-0.22222222222222224,25,0.96,0.005417509247812899,0.009576396235222245,0.02137719864503331,0.09674682249999997,0.030316719680449765,1.05687485100529,52.39613499321403,0.08
B1,naive,time_trend_sd,0.022222222222222223,25,0.8,0.032707809252026675,0.02747962507270253,0.04409703945047925,0.11933126356239997,0.04008513892736459,1.05687485100529,52.39613499321403,0.08
B1,naive,treatment_effect_mean,-0.3333333333333333,25,0,-0.19285152576536668,-0.19173338724916672,0.19367436805382657,0.08136062549999998,0.024950599484677042,1.05687485100529,52.39613499321403,0.08
B1,naive,treatment_effect_sd,0.06666666666666667,25,0,0.06512904978845334,0.06485048272508333,0.06753613354266123,0.06312114597599998,0.01952403884407733,1.05687485100529,52.39613499321403,0.08
B2,full,time_trend_mean,0,25,0.96,-0.0030839575282575644,-0.00561189875324225,0.009174819428201907,0.03154085474443999,0.009728240527805904,1.0080218112928179,606.6901541088238,0
B2,full,time_trend_sd,0,25,0,0.017989972715763903,0.0172753866219285,0.01889720285359052,0.03470142285375999,0.010820312237350728,1.0080218112928179,606.6901541088238,0
B2,full,treatment_effect_mean,-0.3333333333333333,25,0.84,0.0019503848009333159,0.006237393405833291,0.017657651785378564,0.05196415546,0.01587746412371703,1.0080218112928179,606.6901541088238,0
B2,full,treatment_effect_sd,0.06666666666666667,25,0.84,-0.0012366810685726654,-0.001256888366166664,0.01317316873305731,0.03932131106399999,0.012088891052337139,1.0080218112928179,606.6901541088238,0
B2,naive,time_trend_mean,0,25,1,-0.0043258649637933156,-0.00554761229103175,0.00813201760978461,0.03200169256519999,0.009975849968541884,1.0127426346900297,591.0461464636169,0
B2,naive,time_trend_sd,0,25,0,0.018365473892370546,0.0171625131074335,0.01923521426639061,0.036222278549939986,0.011560195110144535,1.0127426346900297,591.0461464636169,0
B2,naive,treatment_effect_mean,-0.3333333333333333,25,0.8,0.002639758491333317,0.00312150735083333,0.015485557957810148,0.04633502257999999,0.014089875120023205,1.0127426346900297,591.0461464636169,0
B2,naive,treatment_effect_sd,0.06666666666666667,25,0.8,0.0036265723806533337,0.0027486835558333395,0.013485186052477113,0.036875944323999994,0.011357003823823748,1.0127426346900297,591.0461464636169,0
B3,full,time_trend_mean,-0.08888888888888889,25,0.36,0.06304473380957645,0.06581786352908639,0.0677713593398838,0.08501385831499998,0.02680810642957059,1.016793729830171,257.78982945628064,0
B3,full,time_trend_sd,0.044444444444444446,25,0.92,0.015438458098436133,0.017036881913305553,0.027475836585654084,0.07814936295579997,0.02488695787055002,1.016793729830171,257.78982945628064,0
B3,full,treatment_effect_mean,-0.3333333333333333,25,0.24,-0.08865729464666669,-0.0826614500716667,0.09349658404151122,0.1303142873,0.040095103655292744,1.016793729830171,257.78982945628064,0
B3,full,treatment_effect_sd,0.06666666666666667,25,0.2,0.06844209319006703,0.06698514031733334,0.0722612849062468,0.10618146697999997,0.032983481360868594,1.016793729830171,257.78982945628064,0
B3,naive,time_trend_mean,-0.08888888888888889,25,0,0.08845826090340862,0.0872234016872453,0.08940446436718838,0.05844847562939999,0.018143755086500152,1.0168033132078054,435.0837928107814,0
B3,naive,time_trend_sd,0.044444444444444446,25,0.96,0.004628948281312354,0.007029901283555552,0.013255256330761687,0.05550716599159998,0.017994405629341754,1.0168033132078054,435.0837928107814,0
B3,naive,treatment_effect_mean,-0.3333333333333333,25,0,-0.11432856936926668,-0.1149291278341667,0.11571836130953037,0.11734391095999998,0.036089538190763895,1.0168033132078054,435.0837928107814,0
B3,naive,treatment_effect_sd,0.06666666666666667,25,0,0.08806526420248333,0.09005099844708332,0.09030022261687473,0.09126515172399999,0.028498735274440964,1.0168033132078054,435.0837928107814,0
B4,correlated,time_trend_mean,-0.08888888888888889,25,0.88,-3.838354873611083e-4,0.0016744014113888872,0.00968899746140064,0.031181746043999994,0.009515970352480346,1.0056041712254105,619.16133410647706,0
B4,correlated,time_trend_sd,0.044444444444444446,25,0.92,0.0016634548167315543,0.002287300367305553,0.007577724212331066,0.025598217695999997,0.007862983283272831,1.0056041712254105,619.16133410647706,0
B4,correlated,treatment_effect_mean,-0.3333333333333333,25,0.88,0.0029500369299333175,0.0025507407708333374,0.015449286757618362,0.04777284455999999,0.01457291069630658,1.0056041712254105,619.16133410647706,0
B4,correlated,treatment_effect_sd,0.06666666666666667,25,0.92,0.003721473628133334,0.0038899022078333345,0.011668768725543134,0.03801108662199999,0.011781015871443853,1.0056041712254105,619.16133410647706,0
B4,independent,time_trend_mean,-0.08888888888888889,25,0.88,-2.262063136911091e-4,0.0019032513326388972,0.009698909020030174,0.03342554778799999,0.010192320296861988,1.0117145521207367,584.9859191026266,0
B4,independent,time_trend_sd,0.044444444444444446,25,0.84,0.005508079804150553,0.005580076960055552,0.009541653866183997,0.027384951555999987,0.0084463298968485909,1.0117145521207367,584.9859191026266,0
B4,independent,treatment_effect_mean,-0.3333333333333333,25,0.88,0.0025005399351333145,0.001900991383333328,0.01522738979738516,0.05148422975999999,0.01572783807080662,1.0117145521207367,584.9859191026266,0
B4,independent,treatment_effect_sd,0.06666666666666667,25,0.84,0.009938327300673335,0.009508865497583341,0.01519797517652655,0.04158859266799998,0.012835903877322903,1.0117145521207367,584.9859191026266,0
B5,full,time_trend_mean,-0.08888888888888889,25,0.84,0.0030017800119859616,0.0073995449266388985,0.018563983864904928,0.06024690855919998,0.018897228968302444,1.0646579083583148,42.36558705552023,0.04
B5,full,time_trend_sd,0.044444444444444446,25,0.8,0.004744889408290104,0.0016542442330555532,0.02036943934462472,0.057217621910599974,0.01864785673239159,1.0646579083583148,42.36558705552023,0.04
B5,full,treatment_effect_mean,-0.3333333333333333,25,0.32,0.05771386247693332,0.060631078933333304,0.061465500040592584,0.08925487329999998,0.02735292650515974,1.0646579083583148,42.36558705552023,0.04
B5,full,treatment_effect_sd,0.06666666666666667,25,0.44,0.03366257275991834,0.03791702544483333,0.04168338653680937,0.07264710948799998,0.02251894309185418,1.0646579083583148,42.36558705552023,0.04
B5,naive,time_trend_mean,-0.08888888888888889,25,0.84,0.003136673557281673,0.007550225407888897,0.018732765572101594,0.05996035142539997,0.01890581310523335,1.0049897692280496,766.9496490987908,0
B5,naive,time_trend_sd,0.044444444444444446,25,0.8,0.004745384215767489,8.457830498055652e-5,0.020587189647688797,0.05768678566339998,0.018904962761471907,1.0049897692280496,766.9496490987908,0
B5,naive,treatment_effect_mean,-0.3333333333333333,25,0.08,0.06817215896173331,0.07150079039333329,0.07002164077112677,0.08435696701999996,0.025847086266536107,1.0049897692280496,766.9496490987908,0
B5,naive,treatment_effect_sd,0.06666666666666667,25,0.16,0.041412484779513335,0.04096603659208334,0.04515694075846917,0.06657052317399997,0.020759213668294505,1.0049897692280496,766.9496490987908,0
B6,full,time_trend_mean,-0.08888888888888889,25,0.96,6.147703458190923e-4,0.002959718285388893,0.009271803709964754,0.04993843034999999,0.015353798263045924,1.007333969507254,494.50501308736443,0
B6,full,time_trend_sd,0.044444444444444446,25,0.92,0.008159809921102655,0.008181347820805554,0.012773808529015244,0.04294699507999999,0.013446650630512747,1.007333969507254,494.50501308736443,0
B6,full,treatment_effect_mean,-0.3333333333333333,25,0.24,-0.04670252456896668,-0.04213565041666667,0.05110571585431058,0.07176393715999999,0.021922816790642258,1.007333969507254,494.50501308736443,0
B6,full,treatment_effect_sd,0.06666666666666667,25,0.72,0.021015932991123334,0.02056013566633333,0.02396919527707464,0.05537424306799999,0.017082193449802965,1.007333969507254,494.50501308736443,0
B6,naive,time_trend_mean,-0.08888888888888889,25,0.96,0.004213260541079493,0.005191162542713887,0.010563129717997187,0.05021147581199998,0.015505737094637824,1.0056765972870154,1085.686649430929,0
B6,naive,time_trend_sd,0.044444444444444446,25,0.92,0.008750324539812353,0.010580575397305551,0.013403947190748399,0.04383800171199998,0.013730600932802425,1.0056765972870154,1085.686649430929,0
B6,naive,treatment_effect_mean,-0.3333333333333333,25,0.56,0.023560740744133314,0.02448987520833329,0.02840848523849464,0.056313799499999984,0.017190180289246276,1.0056765972870154,1085.686649430929,0
B6,naive,treatment_effect_sd,0.06666666666666667,25,0.72,0.018014096314273337,0.016509411135083335,0.020385509235570372,0.044040139961999986,0.013590196984842361,1.0056765972870154,1085.686649430929,0
C1,normal,time_trend_mean,-0.08888888888888889,25,0.96,9.484009474018903e-4,7.062100711388852e-4,0.009381367892035121,0.04362434330999999,0.013326940578187058,1.0098982718826255,395.39478053282994,0
C1,normal,time_trend_sd,0.044444444444444446,25,0.8,0.008709686290066554,0.013480034916305554,0.013988210843393033,0.03656227650599998,0.01136916330984157,1.0098982718826255,395.39478053282994,0
C1,normal,treatment_effect_mean,-0.3333333333333333,25,0.84,-0.008734059683566688,-0.003726843694166704,0.028043009174667392,0.08882318475999998,0.02708640354622743,1.0098982718826255,395.39478053282994,0
C1,normal,treatment_effect_sd,0.06666666666666667,25,0.2,0.04713554678250333,0.04778248458833334,0.05246980164535287,0.07088909474199998,0.022149763374725715,1.0098982718826255,395.39478053282994,0
C1,robust,time_trend_mean,-0.08888888888888889,25,0.96,6.950902866888924e-4,-4.3972060361108234e-5,0.009290704138465278,0.04336436352999999,0.013256622263171652,1.0043735796407163,1315.894451725629,0
C1,robust,time_trend_sd,0.044444444444444446,25,0.76,0.008847357222257555,0.013291264539305556,0.014068914911112328,0.036474006601999995,0.011398176047091906,1.0043735796407163,1315.894451725629,0
C1,robust,treatment_effect_mean,-0.3333333333333333,25,0.88,-0.00901246001706669,-0.00441979187666669,0.024245924454058806,0.08231528679999998,0.025120429650644403,1.0043735796407163,1315.894451725629,0
C1,robust,treatment_effect_sd,0.06666666666666667,25,0.48,0.030784801586853334,0.03139192123958333,0.03726759833418583,0.07560184687199999,0.02345379922610545,1.0043735796407163,1315.894451725629,0
C2,normal,time_trend_mean,-0.08888888888888889,25,0.84,0.001818786795634892,0.0021820481816388904,0.011698243050502233,0.04037275054799999,0.012342137226305396,1.0142684034300617,400.5156437145921,0
C2,normal,time_trend_sd,0.044444444444444446,25,0.88,0.0046257743814796535,0.004364082644555553,0.011316591738293113,0.03491304962599999,0.010872246784838386,1.0142684034300617,400.5156437145921,0
C2,normal,treatment_effect_mean,-0.3333333333333333,25,0.84,-0.0023353917733066744,-0.00467698689916668,0.04287932438606032,0.12598272813999997,0.038470757574079355,1.0142684034300617,400.5156437145921,0
C2,normal,treatment_effect_sd,0.06666666666666667,25,0,0.09823549105022333,0.09988753163183332,0.09967256178895512,0.09700276062399997,0.03022117104481593,1.0142684034300617,400.5156437145921,0
C2,robust,time_trend_mean,-0.08888888888888889,25,0.84,0.0019109950094388906,0.0022230471846388933,0.011782593755848095,0.04059356483199999,0.01240912638126968,1.0051216101403087,909.1706218782844,0
C2,robust,time_trend_sd,0.044444444444444446,25,0.88,0.004626820823486455,0.0035974358945555507,0.01131519058914653,0.03511392560599999,0.010892113290955588,1.0051216101403087,909.1706218782844,0
C2,robust,treatment_effect_mean,-0.3333333333333333,25,0.88,-0.0010142828253366853,-0.008890022274166687,0.03533804560947759,0.11453719023999998,0.035183356567687486,1.0051216101403087,909.1706218782844,0
C2,robust,treatment_effect_sd,0.06666666666666667,25,0.12,0.07033020624359333,0.06975671686308334,0.071437392396853025,0.11472806166399997,0.03531231261659477,1.0051216101403087,909.1706218782844,0
C3,normal,time_trend_mean,-0.08888888888888889,25,0.92,-0.0012687710547911058,-4.537931638611131e-4,0.010683404083730462,0.04129323503999999,0.012659277358803405,1.0123454447901483,453.0997566577699,0
C3,normal,time_trend_sd,0.044444444444444446,25,0.76,0.0061617390605875535,0.003579142332555553,0.012724286186499748,0.035148009461999995,0.010951374055845542,1.0123454447901483,453.0997566577699,0
C3,normal,treatment_effect_mean,-0.3333333333333333,25,0.88,0.002438843542733313,2.425098983332985e-4,0.02625304728385385,0.08845714741999998,0.027041324971957336,1.0123454447901483,453.0997566577699,0
C3,normal,treatment_effect_sd,0.06666666666666667,25,0.2,0.046749639315043334,0.03773857390308333,0.0571587284656414,0.07046272370999998,0.022033038144518326,1.0123454447901483,453.0997566577699,0
C3,robust,time_trend_mean,-0.08888888888888889,25,0.92,-0.0012376531327841066,2.5815910388887753e-5,0.010630185129429157,0.04158617684799999,0.012761723543401583,1.005437066375009,1160.912790786921,0
C3,robust,time_trend_sd,0.044444444444444446,25,0.8,0.006201284862869554,0.003760137280055552,0.012739460359187141,0.03545768182799999,0.01101475799556765,1.005437066375009,1160.912790786921,0
C3,robust,treatment_effect_mean,-0.3333333333333333,25,0.88,0.004153295590833312,7.776196333331153e-5,0.02531196834377944,0.08584766085999998,0.02618449373568309,1.005437066375009,1160.912790786921,0
C3,robust,treatment_effect_sd,0.06666666666666667,25,0.6,0.03589061643652333,0.028533119979083338,0.04413134910910732,0.07518046305199998,0.02340223175928004,1.005437066375009,1160.912790786921,0
C4,normal,time_trend_mean,-0.08888888888888889,25,0.92,-0.0018950156638311067,-2.686352346111115e-4,0.012123194416528668,0.043219832211999994,0.013261322456884468,1.0068770381856182,733.3901736522628,0
C4,normal,time_trend_sd,0.044444444444444446,25,0.72,0.008868180233523553,0.0061199945983055545,0.013945660100700176,0.03606290068599999,0.01122668890994794,1.0068770381856182,733.3901736522628,0
C4,normal,treatment_effect_mean,-0.3333333333333333,25,0.96,0.0022973371700333177,0.005786619780833335,0.015438605503104762,0.06410688733999997,0.019579301967305444,1.0068770381856182,733.3901736522628,0
C4,normal,treatment_effect_sd,0.06666666666666667,25,0.64,0.011260060358973634,0.009603250975083341,0.025429932107338994,0.05373727454799998,0.016742735785065906,1.0068770381856182,733.3901736522628,0
C4,robust,time_trend_mean,-0.08888888888888889,25,0.96,-0.0018707963816311064,2.247810308888959e-4,0.011939713791659532,0.04351770563399999,0.01326239703889145,1.008514871891481,501.8001547700165,0
C4,robust,time_trend_sd,0.044444444444444446,25,0.72,0.008805991086005554,0.005979907313555556,0.013857553555286353,0.036186271067999994,0.011234914425724366,1.008514871891481,501.8001547700165,0
C4,robust,treatment_effect_mean,-0.3333333333333333,25,0.96,0.0026803595617333185,0.006697933183333338,0.015232594806995275,0.06368925017999999,0.019477135256925678,1.008514871891481,501.8001547700165,0
C4,robust,treatment_effect_sd,0.06666666666666667,25,0.8,0.005729472206699333,0.0049724678430833336,0.02149522463299688,0.05513440398999999,0.017089262079128073,1.008514871891481,501.8001547700165,0
C5,normal,time_trend_mean,-0.08888888888888889,25,0.96,0.008880129456587033,0.007782364640925896,0.02113652745401516,0.11738122737419997,0.03883356449780353,1.015849772814295,290.8653395142211,0
C5,normal,time_trend_sd,0.044444444444444446,25,0.84,0.02584826493654793,0.02002995896718055,0.046776318753487735,0.1346000258135999,0.04889549714923233,1.015849772814295,290.8653395142211,0
C5,normal,treatment_effect_mean,-0.3333333333333333,25,1,-0.025065034916047283,-0.04628581640044166,0.06720304331875696,0.3798996365679999,0.11972654291965004,1.015849772814295,290.8653395142211,0
C5,normal,treatment_effect_sd,0.06666666666666667,25,0.04,0.17336504277558334,0.17685797296733335,0.18024817323186967,0.3899855132839998,0.13062064652629118,1.015849772814295,290.8653395142211,0
C5,robust,time_trend_mean,-0.08888888888888889,25,0.96,0.009772638733748782,0.00841177978293639,0.021778482081189984,0.11761459185039996,0.03686579967185627,1.0418460646129608,73.02413831236275,0
C5,robust,time_trend_sd,0.044444444444444446,25,0.84,0.02482418865309567,0.021516010958268057,0.04738964611304901,0.13561460794499994,0.044716089911113206,1.0418460646129608,73.02413831236275,0
C5,robust,treatment_effect_mean,-0.3333333333333333,25,1,-0.023647028306359955,-0.03476456071126671,0.062479529194228944,0.3786536521311999,0.13652018977472635,1.0418460646129608,73.02413831236275,0
C5,robust,treatment_effect_sd,0.06666666666666667,25,0.08,0.17260723337799336,0.17461637156583332,0.17928323649146852,0.42529053360199964,0.17815314956684417,1.0418460646129608,73.02413831236275,0
C6,normal,time_trend_mean,-0.08888888888888889,25,0.84,-0.004274286508371108,-0.0040737030268611085,0.012760024588873993,0.03916260483599999,0.011984034774721977,1.0142518389977868,371.65986425951724,0
C6,normal,time_trend_sd,0.044444444444444446,25,0.92,0.0028309142023059835,0.0035396090728055524,0.010142213632961767,0.03358931084719999,0.010427040975519459,1.0142518389977868,371.65986425951724,0
C6,normal,treatment_effect_mean,-0.3333333333333333,25,0.68,0.05024924280700332,0.05095126423933333,0.05469682182198894,0.11849697967999998,0.036156983530018234,1.0142518389977868,371.65986425951724,0
C6,normal,treatment_effect_sd,0.06666666666666667,25,0,0.08770202195921334,0.08916533484633334,0.08902535993839254,0.09216501150199997,0.028615352705810303,1.0142518389977868,371.65986425951724,0
C6,robust,time_trend_mean,-0.08888888888888889,25,0.84,-0.004419178078581109,-0.004456015863111104,0.012890515290453618,0.03938491785399999,0.012060117611345626,1.004747362466179,1087.6270868614868,0
C6,robust,time_trend_sd,0.044444444444444446,25,0.92,0.0028432643138555534,0.0032229899903055553,0.01002273280512463,0.03373073015119999,0.010437594725293011,1.004747362466179,1087.6270868614868,0
C6,robust,treatment_effect_mean,-0.3333333333333333,25,0.72,0.04092194994733332,0.037715208438333314,0.0462639148789071,0.11428086927999999,0.03494371391645852,1.004747362466179,1087.6270868614868,0
C6,robust,treatment_effect_sd,0.06666666666666667,25,0,0.07068359250056333,0.06932664388183334,0.07197236624027165,0.10400560174199998,0.031925059502199246,1.004747362466179,1087.6270868614868,0
C7,normal,time_trend_mean,-0.08888888888888889,25,0.84,-0.002481164797932678,-0.0010535155990086115,0.019746866620276388,0.07097089015599999,0.02190771871625798,1.0109940663255021,384.2653150810892,0
C7,normal,time_trend_sd,0.044444444444444446,25,0.84,0.020118573043078403,0.02252889580905556,0.029068376495849774,0.07789166439199997,0.02487503781845734,1.0109940663255021,384.2653150810892,0
C7,normal,treatment_effect_mean,-0.3333333333333333,25,0.96,-0.011040977591396679,-0.014408448589166678,0.032537211981771286,0.11348949269999999,0.03490470191653172,1.0109940663255021,384.2653150810892,0
C7,normal,treatment_effect_sd,0.06666666666666667,25,0.16,0.06723355708912376,0.07326196518183332,0.0727911765010914,0.10564654918799997,0.032730452203580535,1.0109940663255021,384.2653150810892,0
C7,robust,time_trend_mean,-0.08888888888888889,25,0.76,-0.0024420489859535103,-0.00155030189228611,0.019886312315237895,0.06752180209799998,0.020799773414713216,1.0265037232813752,204.53877533301824,0
C7,robust,time_trend_sd,0.044444444444444446,25,0.88,0.016832024526540035,0.021539467809305553,0.02597725973786751,0.07307037304199998,0.023140339077622026,1.0265037232813752,204.53877533301824,0
C7,robust,treatment_effect_mean,-0.3333333333333333,25,0.96,-0.010045950727766689,-0.014095861486666694,0.02808396894023064,0.10925739993999999,0.03346823569193142,1.0265037232813752,204.53877533301824,0
C7,robust,treatment_effect_sd,0.06666666666666667,25,0.24,0.052905140782851336,0.05966469108858334,0.05725473602002209,0.10372137383399997,0.03210564434125115,1.0265037232813752,204.53877533301824,0
C8,normal,time_trend_mean,-0.08888888888888889,25,0.88,0.002027585735699,-2.5059402111102247e-5,0.017746405771407014,0.06030742394459999,0.018474539624909008,1.0137023462824706,466.4877366062826,0
C8,normal,time_trend_sd,0.044444444444444446,25,0.28,0.033205569482895554,0.03201963635755555,0.04229665141666385,0.04903441779799998,0.015305753858611656,1.0137023462824706,466.4877366062826,0
C8,normal,treatment_effect_mean,-0.3333333333333333,25,0.92,-0.007764680713666681,-0.00887105563416668,0.02395410772189596,0.0702882951,0.021536962344147984,1.0137023462824706,466.4877366062826,0
C8,normal,treatment_effect_sd,0.06666666666666667,25,0.6,0.021318664981033332,0.017853121039083333,0.026925333621617663,0.05841442648599999,0.018182909220960726,1.0137023462824706,466.4877366062826,0
C8,robust,time_trend_mean,-0.08888888888888889,25,0.88,0.001870224626095248,5.968540053888916e-4,0.017511988603180415,0.06020126059379999,0.018441367142070078,1.015231701800536,441.0309958572012,0
C8,robust,time_trend_sd,0.044444444444444446,25,0.28,0.03321098045326555,0.031155384091305548,0.042292143769962584,0.04872856398399999,0.015216608497285861,1.015231701800536,441.0309958572012,0
C8,robust,treatment_effect_mean,-0.3333333333333333,25,0.88,-0.00725879726846669,-0.006631050801666705,0.02407175234735079,0.07061968142,0.02155360081757758,1.015231701800536,441.0309958572012,0
C8,robust,treatment_effect_sd,0.06666666666666667,25,0.76,0.015845567759973336,0.01445324323783334,0.022429313214448073,0.05985720384599998,0.018564418127141342,1.015231701800536,441.0309958572012,0
D1,default,time_trend_mean,-0.08888888888888889,25,0.84,-0.02449937609798911,-0.021249754171736107,0.03392273497899225,0.09320750840799999,0.028957570789803898,1.0734046544906022,49.485527348657094,0.12
D1,default,time_trend_sd,0.044444444444444446,25,0.72,0.029371119125182747,0.02474351055420556,0.04027094666502659,0.09720299549619996,0.031194151471708155,1.0734046544906022,49.485527348657094,0.12
D1,default,treatment_effect_mean,-0.3333333333333333,25,0.96,0.02073361766433331,0.020879416755833324,0.03330735574495454,0.12492982757999997,0.03801374658790444,1.0734046544906022,49.485527348657094,0.12
D1,default,treatment_effect_sd,0.06666666666666667,25,0.32,0.09429898644990733,0.09393635059858334,0.10007241731637809,0.12845654738399997,0.03934648495908548,1.0734046544906022,49.485527348657094,0.12
D2,default,time_trend_mean,-0.08888888888888889,25,0.96,-0.0026803437797638073,-0.004549417460111102,0.012159794676401355,0.04139548850399999,0.012673963215191804,1.0100167420298096,479.6903168876951,0
D2,default,time_trend_sd,0.044444444444444446,25,0.8,0.005993216595915554,0.002758545942305554,0.012437386964784067,0.034711875449999985,0.010799958275965188,1.0100167420298096,479.6903168876951,0
D2,default,treatment_effect_mean,-0.3333333333333333,25,0.92,-0.0021291967019666847,-0.006106514516666661,0.020955981755862507,0.06499992041999998,0.019919131881529897,1.0100167420298096,479.6903168876951,0
D2,default,treatment_effect_sd,0.06666666666666667,25,0.72,0.012904665391853335,0.013609411190583329,0.02236289267611577,0.052381044841999985,0.016419240932247434,1.0100167420298096,479.6903168876951,0
D3,default,time_trend_mean,-0.08888888888888889,25,0.96,-2.1078922849110838e-4,8.948660446388979e-4,0.009002196967922723,0.04007948484399999,0.012271159331305513,1.0118018560745383,659.8606418577333,0
D3,default,time_trend_sd,0.044444444444444446,25,0.68,0.003930662202490554,0.0029660184670555548,0.014832013158417843,0.03428292618199999,0.010652719991660826,1.0118018560745383,659.8606418577333,0
D3,default,treatment_effect_mean,-0.3333333333333333,25,0.88,-0.010053882181966687,-0.01249597524916668,0.020211729257915007,0.06685474915999999,0.02050890910068808,1.0118018560745383,659.8606418577333,0
D3,default,treatment_effect_sd,0.06666666666666667,25,0.72,0.016473595224103334,0.015375430967333334,0.022232445994764843,0.05522081503999998,0.017223548219821163,1.0118018560745383,659.8606418577333,0
D4,default,time_trend_mean,-0.08888888888888889,25,0.92,-0.003751829059335108,-0.0015329755503611098,0.012376352577274737,0.04463424215999999,0.01368733272618229,1.01639321282963,447.4385171180236,0
D4,default,time_trend_sd,0.044444444444444446,25,0.76,0.010460487142335554,0.008878164272555555,0.01376471444952168,0.037536815229999985,0.011688813214889078,1.01639321282963,447.4385171180236,0
D4,default,treatment_effect_mean,-0.3333333333333333,25,0,0.12555768596462832,0.12482007288758332,0.12722117494206855,0.11535178421999998,0.03531314584479527,1.01639321282963,447.4385171180236,0
D4,default,treatment_effect_sd,0.06666666666666667,25,0,0.08400694790354334,0.08414676660033334,0.08650969528586275,0.09161723774399996,0.028457162593789442,1.01639321282963,447.4385171180236,0
D5,default,time_trend_mean,-0.08888888888888889,25,0.88,9.86257273169332e-4,-4.22607568136113e-4,0.018265569201100007,0.071913898274999985,0.023015141872832857,1.0194013004753268,270.410636828991,0
D5,default,time_trend_sd,0.044444444444444446,25,0.68,0.016123389608580594,0.016385320895555555,0.02830145533216497,0.06653843262419996,0.021856923314075523,1.0194013004753268,270.410636828991,0
D5,default,treatment_effect_mean,-0.3333333333333333,25,0.04,0.07024856189115332,0.07046713138983329,0.07302185232235295,0.08711726851999999,0.026658446702214383,1.0194013004753268,270.410636828991,0
D5,default,treatment_effect_sd,0.06666666666666667,25,0.12,0.044221736178973334,0.043229885860083334,0.047544536439501496,0.06900635102399999,0.021536346193545206,1.0194013004753268,270.410636828991,0
E1,default,time_trend_mean,-0.08888888888888889,25,0.84,-3.079552707691091e-4,-0.00338110930136111,0.013440685702627814,0.04169145270799999,0.01273383344055721,1.0164711697217936,518.7318532835109,0
E1,default,time_trend_sd,0.044444444444444446,25,0.88,0.008677168786925553,0.009354121574805557,0.01140222929971903,0.033725593531999984,0.010500520333553963,1.0164711697217936,518.7318532835109,0
E1,default,treatment_effect_mean,-0.3333333333333333,25,0.92,-0.010597360253466685,-0.010685333936666708,0.02138299638586488,0.06860658785999998,0.021043937602616126,1.0164711697217936,518.7318532835109,0
E1,default,treatment_effect_sd,0.06666666666666667,25,0.6,0.020467305545433336,0.01602802530658333,0.026942902530146216,0.05548830121999999,0.017285578777954908,1.0164711697217936,518.7318532835109,0
E2,default,time_trend_mean,-0.08888888888888889,25,0.88,5.088943039688931e-4,0.001246047101138889,0.0055293886020554486,0.018220955087999993,0.005563028531631591,1.0062204825280165,826.4683305640534,0
E2,default,time_trend_sd,0,25,0,0.008187530251110896,0.00742974087112755,0.008675899143413301,0.016553070316319994,0.0051671300602429875,1.0062204825280165,826.4683305640534,0
E2,default,treatment_effect_mean,-0.3333333333333333,25,0.8,-3.543493135666864e-4,6.491482983332908e-4,0.008531844111381321,0.02715486311999999,0.008262585126660784,1.0062204825280165,826.4683305640534,0
E2,default,treatment_effect_sd,0,25,0,0.009526909280024658,0.0083972936682693,0.010016522054118522,0.021169202369999994,0.0067359760321324055,1.0062204825280165,826.4683305640534,0
E3,default,time_trend_mean,-0.08888888888888889,25,0.84,-0.008013740857906735,-0.014163034309833608,0.055824085494201495,0.17179426443073995,0.05279162885342895,1.024215880888625,250.7956801269968,0
E3,default,time_trend_sd,0.22222222222222224,25,0.84,0.010947561573427762,0.0014946035452777506,0.04553902473353179,0.13475761987999993,0.04213412745971317,1.024215880888625,250.7956801269968,0
E3,default,treatment_effect_mean,-0.3333333333333333,25,0.92,0.009203466060813997,-0.005593846466220687,0.13096876428643467,0.5295148727199999,0.16175129470195154,1.024215880888625,250.7956801269968,0
E3,default,treatment_effect_sd,0.6666666666666666,25,0.92,0.04944872355993337,0.03153592060333332,0.11869628819908185,0.4105291337199999,0.12814662071970387,1.024215880888625,250.7956801269968,0
E4,default,time_trend_mean,-0.08888888888888889,25,0.96,6.398668424760912e-4,-0.003541130658361105,0.01380311306708687,0.05104179799999999,0.01551598979544288,1.007375797996148,676.8756307304534,0
E4,default,time_trend_sd,0.044444444444444446,25,0.84,0.007774787988870318,0.014099831127155557,0.017545880837010964,0.04916163298179999,0.015171441763621866,1.007375797996148,676.8756307304534,0
E4,default,treatment_effect_mean,-0.3333333333333333,25,0.92,-0.02139360453206669,-0.02644229686916666,0.028330133657201093,0.07751070139999999,0.023703191663714304,1.007375797996148,676.8756307304534,0
E4,default,treatment_effect_sd,0.06666666666666667,25,0.56,0.025947680356866433,0.024184777870333338,0.03331356588862643,0.06347855009599998,0.019682918770138565,1.007375797996148,676.8756307304534,0
E5,default,time_trend_mean,-0.08888888888888889,25,1,-0.0521951056582672,0.13314066744306138,0.45565936764781095,3.374307571999999,1.0981953241768514,1.7137498720710422,6.269373337076533,0.68
E5,default,time_trend_sd,0.044444444444444446,25,0.72,1.1787043250574536,1.0495881191700054,1.301117980135889,4.2436667929119984,1.4619208965838033,1.7137498720710422,6.269373337076533,0.68
E5,default,treatment_effect_mean,-0.3333333333333333,25,1,0.04434805037704495,-0.04924056647729669,0.21164053191935378,2.406107653499998,0.8047294514404154,1.7137498720710422,6.269373337076533,0.68
E5,default,treatment_effect_sd,0.06666666666666667,25,1,0.7589696414596574,0.6663276310763834,0.8264184823616476,3.0658707929079987,1.1092137382808296,1.7137498720710422,6.269373337076533,0.68
E6,default,time_trend_mean,-0.08888888888888889,25,0.88,-5.294252754281075e-4,-0.0026636294666111116,0.010148916798568424,0.03859353457599999,0.011792958749941757,1.394659280373128,10.970674890450214,0.16
E6,default,time_trend_sd,0.044444444444444446,25,0.8,0.00300785659856043,7.719482475555539e-4,0.013551212859331403,0.03389185586459999,0.010436437909733393,1.394659280373128,10.970674890450214,0.16
E6,default,treatment_effect_mean,-0.3333333333333333,25,0.88,-0.003269521784966689,-0.005266305599166687,0.021010325077412854,0.06918784423999998,0.02122595803913587,1.394659280373128,10.970674890450214,0.16
E6,default,treatment_effect_sd,0.06666666666666667,25,0.76,0.015374919726776334,0.01214998381058334,0.02312063559105827,0.060127815349999995,0.018551939121254402,1.394659280373128,10.970674890450214,0.16
G1,default,baseline_control_mean,0.45,50,0.82,2.9589777383564166e-4,0.003189448402499989,0.020212460927418737,0.04937638905399999,0.01615283975990588,1.6025367021089996,6.847531437179668,0.02
G1,default,time_trend_mean,-0.04,50,0.96,0.001996028806442001,0.0013546985321000009,0.00874950988171406,0.022524477032999996,0.007412826425267018,1.6025367021089996,6.847531437179668,0.02
G1,default,time_trend_sd,0.02,50,0.94,0.0010397850660599996,0.0010506743528624993,0.004082600975113363,0.015443198151099995,0.004810162836164207,1.6025367021089996,6.847531437179668,0.02
G1,default,treatment_effect_mean,-0.15,50,0.94,-7.782486039650066e-4,-4.150080762500008e-4,0.01007772159536905,0.029986639229999994,0.009695527158741656,1.6025367021089996,6.847531437179668,0.02
G1,default,treatment_effect_sd,0.03,50,0.86,4.6758140464490986e-5,0.0014172551102499993,0.0071797278229739385,0.021620025625499993,0.006713954669884928,1.6025367021089996,6.847531437179668,0.02
G2,default,baseline_control_mean,0.45,50,0.84,-0.002179206843786159,0.0034441359999999865,0.02617285454376521,0.05714479561371999,0.019614319258858537,1.5945569540517648,6.865654653113947,0.04
G2,default,time_trend_mean,-0.04,50,0.96,0.0015975104250875011,-3.0947367262499845e-4,0.012196804406560074,0.026120994899999996,0.008979275927592512,1.5945569540517648,6.865654653113947,0.04
G2,default,time_trend_sd,0.02,50,0.92,3.5261767344879955e-4,1.280069494999994e-4,0.0043067144189901825,0.015323547248399997,0.0047841962551391035,1.5945569540517648,6.865654653113947,0.04
G2,default,treatment_effect_mean,-0.15,50,0.92,-0.0022418987631500063,3.632949974999855e-4,0.01325671646591065,0.03380890108,0.011279137457467283,1.5945569540517648,6.865654653113947,0.04
G2,default,treatment_effect_sd,0.03,50,0.9,-1.8844877208285842e-4,-3.596545246249989e-4,0.006586976504708462,0.02135812149369999,0.006653877210008883,1.5945569540517648,6.865654653113947,0.04
G3,default,baseline_control_mean,0.45,50,0.82,-0.003880551079390312,5.402713000000059e-4,0.02861038004266576,0.056670190877065985,0.0193454497865784,1.5968595746111087,6.7838407024744365,0.04
G3,default,time_trend_mean,-0.04,50,0.88,4.441709658695007e-4,-0.0015358727299999986,0.011303492528008578,0.027173420275999994,0.009321469637204297,1.5968595746111087,6.7838407024744365,0.04
G3,default,time_trend_sd,0.02,50,0.9,0.0018235509874531383,0.0014959166963874997,0.005041805787684089,0.015988263207437296,0.0049706599552240115,1.5968595746111087,6.7838407024744365,0.04
G3,default,treatment_effect_mean,-0.15,50,0.88,-0.001276135216175005,-3.8764402500016115e-5,0.011874930389187795,0.03511244389,0.011683273119335971,1.5968595746111087,6.7838407024744365,0.04
G3,default,treatment_effect_sd,0.03,50,0.96,0.0014383793880496081,0.0013077671155201816,0.005824929547571872,0.022585644426996777,0.007078430468139192,1.5968595746111087,6.7838407024744365,0.04
G4,default,baseline_control_mean,0.45,50,0.8,-0.0021386044680042128,7.340902487499856e-4,0.020573722556023438,0.04917487637676998,0.016103989981970393,1.5697899563312314,6.94266694732221,0.02
G4,default,time_trend_mean,-0.04,50,0.88,5.816882368760009e-4,-5.770038244999991e-4,0.01086005007550456,0.022944339651999997,0.007622183588436496,1.5697899563312314,6.94266694732221,0.02
G4,default,time_trend_sd,0.02,50,0.86,9.908854099168148e-4,0.0011609965561000003,0.005000892199872203,0.016103968457699996,0.005072696788417395,1.5697899563312314,6.94266694732221,0.02
G4,default,treatment_effect_mean,-0.15,50,0.9,-0.0013579677385350058,-4.0088149500000503e-4,0.009765540916647289,0.03186451448999999,0.010242018183159101,1.5697899563312314,6.94266694732221,0.02
G4,default,treatment_effect_sd,0.03,50,0.88,0.0027656843411015012,0.002262441688375,0.007618272118652472,0.02247944206699999,0.0069913390917698826,1.5697899563312314,6.94266694732221,0.02
G5,default,baseline_control_mean,0.45,50,0.9,-0.0015978157462577948,0.0024435246324999993,0.024851373687162157,0.059245147344051986,0.020214015908993806,1.5995181390179076,6.791116502884439,0.04
G5,default,time_trend_mean,-0.04,50,0.9,0.0025669310838610003,4.252045229999994e-4,0.01253996557301903,0.026580432946999997,0.009181192933402495,1.5995181390179076,6.791116502884439,0.04
G5,default,time_trend_sd,0.02,50,0.9,5.458685640351946e-4,0.0010282695682499992,0.004605270689752708,0.015406082226799995,0.004834466430226206,1.5995181390179076,6.791116502884439,0.04
G5,default,treatment_effect_mean,-0.15,50,0.88,-0.0037104436640500046,-6.538315387499966e-4,0.014491961366043485,0.03444452988,0.011524965603547982,1.5995181390179076,6.791116502884439,0.04
G5,default,treatment_effect_sd,0.03,50,0.88,1.879574037469245e-4,-5.981124071249982e-4,0.006199209316195718,0.022323183675462453,0.007014567960855886,1.5995181390179076,6.791116502884439,0.04
G6,default,time_trend_mean,-0.08888888888888889,50,0.88,4.725956488889266e-5,-7.761295527361073e-4,0.003854013366738256,0.012008602502999994,0.0036530087206767545,1.0071301204243923,993.0604314937243,0
G6,default,time_trend_sd,0.044444444444444446,50,0.84,0.0015772626757205538,0.0018724123898055528,0.003394654690471299,0.009390196445999997,0.002861044714102807,1.0071301204243923,993.0604314937243,0
G6,default,treatment_effect_mean,-0.3333333333333333,50,0.9,-1.674354165666847e-4,-7.131707041667101e-4,0.005591212929659743,0.01779817087999999,0.005420452488937943,1.0071301204243923,993.0604314937243,0
G6,default,treatment_effect_sd,0.06666666666666667,50,0.84,0.0012154916413483344,6.86041483333337e-4,0.004619484022038019,0.013792737360999997,0.004197716075375621,1.0071301204243923,993.0604314937243,0
G7,default,time_trend_mean,-0.08888888888888889,50,0.9,-7.658746637061078e-4,-1.9219129561110632e-4,0.0035768689648139735,0.011982450327999996,0.003644524846077015,1.006588348024778,1126.85293464846,0
G7,default,time_trend_sd,0.044444444444444446,50,0.94,0.0014618492261455535,0.001406915182430555,0.0026914866368592237,0.009331215324999998,0.002848743109476323,1.006588348024778,1126.85293464846,0
G7,default,treatment_effect_mean,-0.3333333333333333,50,0.84,0.0012139346104833137,8.940203495833021e-4,0.006369896129489939,0.017854940389999994,0.005429970447438669,1.006588348024778,1126.85293464846,0
G7,default,treatment_effect_sd,0.06666666666666667,50,0.9,0.0014950543385983338,0.001278507821958333,0.004514162769042626,0.013903746113,0.004234300015798397,1.006588348024778,1126.85293464846,0
G8,default,time_trend_mean,-0.08888888888888889,50,0.62,-0.005659813531826108,-0.005492754386361105,0.007193917043479724,0.014237032525999995,0.004334183238679653,1.023906476248807,255.04651989337023,0
G8,default,time_trend_sd,0.044444444444444446,50,0.12,0.011363547942065554,0.012177400870680557,0.01266626545112576,0.011646807302999997,0.003550771797719393,1.023906476248807,255.04651989337023,0
G8,default,treatment_effect_mean,-0.3333333333333333,50,0.32,-0.017924038529216688,-0.01732504684416669,0.020083279462854896,0.029223600879999992,0.008884721141603952,1.023906476248807,255.04651989337023,0
G8,default,treatment_effect_sd,0.06666666666666667,50,0,0.05245260896649833,0.051401263286333335,0.054330764257323735,0.023060347260999994,0.007027310300700305,1.023906476248807,255.04651989337023,0
G9,default,time_trend_mean,-0.08888888888888889,50,0.84,-0.0010523450243211066,-9.387843091111098e-4,0.003666194736129123,0.010768851561999998,0.0032500018790211907,1.3655010284914209,10.243824210532974,0.96
G9,default,time_trend_sd,0.044444444444444446,50,0.64,0.0023329598571955536,0.0029483199723055534,0.0035199927715443666,0.007753008839999999,0.002367519738070664,1.3655010284914209,10.243824210532974,0.96
G9,default,treatment_effect_mean,-0.3333333333333333,50,0.84,-0.0038807378847666874,-0.004352808586666673,0.007103488856979878,0.01914369607999999,0.00583009196855367,1.3655010284914209,10.243824210532974,0.96
G9,default,treatment_effect_sd,0.06666666666666667,50,0.2,0.010792675592728335,0.009318973885083334,0.011768188283137474,0.014156344613999996,0.004312603839443525,1.3655010284914209,10.243824210532974,0.96
H1,full_normal,time_trend_mean,-0.08888888888888889,25,0.72,5.269204865467427e-4,0.006574586916808886,0.036310099965394554,0.09118645717739997,0.027915965400722505,1.0208582396290466,333.7295735566481,0
H1,full_normal,time_trend_sd,0.11555555555555555,25,0.44,0.01026659420065445,-0.019433255835305543,0.09825730432290279,0.074788409526,0.023237262418459043,1.0208582396290466,333.7295735566481,0
H1,full_normal,treatment_effect_mean,-0.3333333333333333,25,0.88,-0.013335576848766684,-0.01226788987416666,0.020866767328841428,0.07452224074,0.022825849806099172,1.0208582396290466,333.7295735566481,0
H1,full_normal,treatment_effect_sd,0.06666666666666667,25,0.6,0.024629406189881135,0.029178266217083332,0.03545644708462354,0.065949861618,0.02044644113473608,1.0208582396290466,333.7295735566481,0
H1,full_robust,time_trend_mean,-0.08888888888888889,25,0.72,0.005392708029730134,0.01235929499721189,0.03143586824226827,0.07992372737479998,0.024470982797025035,1.03641230322336,114.81134865694189,0
H1,full_robust,time_trend_sd,0.11555555555555555,25,0.44,-0.009877885779985548,-0.02515800431180555,0.06004471506155949,0.06752290977599998,0.020989888670757163,1.03641230322336,114.81134865694189,0
H1,full_robust,treatment_effect_mean,-0.3333333333333333,25,0.88,-0.009745718778566686,-0.009472051011666704,0.01875278726758578,0.07230608972,0.022035482229115264,1.03641230322336,114.81134865694189,0
H1,full_robust,treatment_effect_sd,0.06666666666666667,25,0.92,0.014062130238815333,0.012402437273083336,0.024257643211080943,0.06516017569599998,0.020052956111157892,1.03641230322336,114.81134865694189,0
H1,naive,time_trend_mean,-0.08888888888888889,25,0.76,0.005849698171900697,0.013626555746436772,0.03501423147764281,0.10268361003119998,0.03137162575399117,1.0182093276363684,313.4909726020851,0
H1,naive,time_trend_sd,0.11555555555555555,25,0.52,8.600903299944512e-4,-0.018483902168305547,0.08244090071377155,0.08331540867199996,0.02627773580793078,1.0182093276363684,313.4909726020851,0
H1,naive,treatment_effect_mean,-0.3333333333333333,25,0.08,-0.06062763048156669,-0.0563157121941667,0.06632942736686283,0.09034742735999998,0.0274907608994754,1.0182093276363684,313.4909726020851,0
H1,naive,treatment_effect_sd,0.06666666666666667,25,0.04,0.08011780863229334,0.04242544521083333,0.11725177478353094,0.06950130833799999,0.021485926689228753,1.0182093276363684,313.4909726020851,0
H2,full_normal,time_trend_mean,-0.12222222222222222,25,1,1.7867369219411788e-4,9.151570839722178e-4,0.014455382692523928,0.08363203819799998,0.025548305345492368,1.008424799339285,554.4329470710826,0
H2,full_normal,time_trend_sd,0.10222222222222221,25,1,0.011811166027987787,0.011415116608277792,0.016557775442060784,0.06407132357999998,0.01976200380726897,1.008424799339285,554.4329470710826,0
H2,full_normal,treatment_effect_mean,-0.3333333333333333,25,0.84,0.0028748527112333155,0.0013051862558333127,0.018569426658053504,0.07009570652,0.021477607948033894,1.008424799339285,554.4329470710826,0
H2,full_normal,treatment_effect_sd,0.06666666666666667,25,0.84,0.015206475161957334,0.01607945172858334,0.021538152627662066,0.05955422472799998,0.018415587733212953,1.008424799339285,554.4329470710826,0
H2,full_robust,time_trend_mean,-0.12222222222222222,25,1,1.1465162233281867e-4,5.35390171472222e-4,0.014798279970118072,0.08334272142399998,0.025402306430414547,1.0099426434398695,538.6011472693506,0
H2,full_robust,time_trend_sd,0.10222222222222221,25,1,0.012057512456917784,0.011537887574777791,0.016607532165750116,0.06395618572199999,0.019709005269083365,1.0099426434398695,538.6011472693506,0
H2,full_robust,treatment_effect_mean,-0.3333333333333333,25,0.84,0.0041850654630333104,0.0015905593558332987,0.018178382111874062,0.06955701875999999,0.02120532684087756,1.0099426434398695,538.6011472693506,0
H2,full_robust,treatment_effect_sd,0.06666666666666667,25,0.88,0.009272277169553336,0.010124368900583339,0.017416460005600928,0.06039501603599999,0.018594048670157553,1.0099426434398695,538.6011472693506,0
H2,naive,time_trend_mean,-0.12222222222222222,25,0.88,0.008535465692081618,0.008796377310806722,0.02391636695810175,0.10315221652199998,0.03175943980492724,1.0205745611356587,298.86072292855863,0
H2,naive,time_trend_sd,0.10222222222222221,25,1,0.01706457761069779,0.01726381281027778,0.022417660430595798,0.08487245737999996,0.02691187777382395,1.0205745611356587,298.86072292855863,0
H2,naive,treatment_effect_mean,-0.3333333333333333,25,0.16,-0.06266989128386669,-0.0704134364216667,0.06709813596578587,0.08353417081999999,0.02541639776981242,1.0205745611356587,298.86072292855863,0
H2,naive,treatment_effect_sd,0.06666666666666667,25,0,0.06701264318846334,0.06681772991083333,0.06910622845054432,0.06318474540999998,0.019494270316755602,1.0205745611356587,298.86072292855863,0
H3,full_normal,time_trend_mean,-0.08888888888888889,25,0.84,0.00482173347854336,0.01776826602701015,0.04964692726158899,0.15124134137619996,0.04614368196700042,1.0139067795940655,400.84055927169754,0
H3,full_normal,time_trend_sd,0.22222222222222224,25,0.92,0.01295402878019776,0.01015326954527776,0.034916733058202074,0.11496818463999998,0.03552789032926005,1.0139067795940655,400.84055927169754,0
H3,full_normal,treatment_effect_mean,-0.3333333333333333,25,0.88,-0.005323097056666683,-0.008783515099166694,0.023800818208183073,0.0752378829,0.023020522453364195,1.0139067795940655,400.84055927169754,0
H3,full_normal,treatment_effect_sd,0.06666666666666667,25,0.76,0.015342668861930734,0.012451999816583334,0.024369244568162845,0.06625875282799998,0.020676817361881473,1.0139067795940655,400.84055927169754,0
H3,full_robust,time_trend_mean,-0.08888888888888889,25,0.84,0.00407874395084685,0.01640470295345889,0.049733885524105084,0.15110465029799997,0.04608774890651983,1.0137049159533476,367.4791037938453,0
H3,full_robust,time_trend_sd,0.22222222222222224,25,0.92,0.012341380500747763,0.009477931435277753,0.03480599047123952,0.11644174587999996,0.03590983347386835,1.0137049159533476,367.4791037938453,0
H3,full_robust,treatment_effect_mean,-0.3333333333333333,25,0.88,-0.004979364315066688,-0.009400235031666704,0.023249851735834732,0.07462289383999997,0.022835939852550582,1.0137049159533476,367.4791037938453,0
H3,full_robust,treatment_effect_sd,0.06666666666666667,25,0.84,0.010703446492951334,0.006359557907333335,0.020907895996681854,0.06780551011599997,0.021117323240804068,1.0137049159533476,367.4791037938453,0
H3,naive,time_trend_mean,-0.08888888888888889,25,0.96,7.369060482946565e-4,0.01199141737379164,0.053505392635670515,0.21166611079779996,0.06467277683898957,1.0252928343337646,304.28626000775864,0
H3,naive,time_trend_sd,0.22222222222222224,25,0.76,0.023814127379917765,0.030189526152777785,0.0595137196068412,0.16829951733999995,0.053343997907948006,1.0252928343337646,304.28626000775864,0
H3,naive,treatment_effect_mean,-0.3333333333333333,25,0.72,-0.04597299599376668,-0.04519307651416671,0.05464947171249447,0.11683687935999999,0.03569245205196111,1.0252928343337646,304.28626000775864,0
H3,naive,treatment_effect_sd,0.06666666666666667,25,0,0.12524968056783334,0.13000984980583336,0.1288358718890776,0.08916066881999997,0.02759839372744821,1.0252928343337646,304.28626000775864,0
H4,full_normal,time_trend_mean,-0.08888888888888889,25,0.32,-0.03935359825421111,-0.04157564143836111,0.043350364738977985,0.05464661469599998,0.016750045968126306,1.0254634934959383,266.966453950778,0
H4,full_normal,time_trend_sd,0.044444444444444446,25,0.84,0.009483447316397851,0.010501425847555555,0.01722839564661509,0.050816525340419985,0.01576685395273637,1.0254634934959383,266.966453950778,0
H4,full_normal,treatment_effect_mean,-0.3333333333333333,25,0.44,0.04068965204603332,0.046852492963333325,0.04580792175405409,0.07440599637999999,0.022711290854634664,1.0254634934959383,266.966453950778,0
H4,full_normal,treatment_effect_sd,0.06666666666666667,25,0.48,0.02455273237744334,0.025651716164833333,0.03291807984550515,0.06311705059399998,0.01931147699584138,1.0254634934959383,266.966453950778,0
H4,full_robust,time_trend_mean,-0.08888888888888889,25,0.28,-0.03925597208661411,-0.0419119567173611,0.04324054734315696,0.055120506891999994,0.01683239251359157,1.0170851833193382,179.11127171681014,0
H4,full_robust,time_trend_sd,0.044444444444444446,25,0.84,0.009548143937473793,0.009934413984805553,0.017167747378899017,0.050750190329359984,0.01564871311927809,1.0170851833193382,179.11127171681014,0
H4,full_robust,treatment_effect_mean,-0.3333333333333333,25,0.4,0.04139982263083331,0.0462057463508333,0.04670046672546231,0.0738177892,0.022538642969022703,1.0170851833193382,179.11127171681014,0
H4,full_robust,treatment_effect_sd,0.06666666666666667,25,0.68,0.018519286865564335,0.019163843966833335,0.028140660673237845,0.06386969682999999,0.019578400514013848,1.0170851833193382,179.11127171681014,0
H4,naive,time_trend_mean,-0.08888888888888889,25,0.12,-0.04864364867159111,-0.0511121574773611,0.05171820918102387,0.05213033954799999,0.016017208535217965,1.0079905781139271,640.2237481396152,0
H4,naive,time_trend_sd,0.044444444444444446,25,0.88,0.005434045161749901,0.007699517079955552,0.014509805723728016,0.04896210396639999,0.015262256776463812,1.0079905781139271,640.2237481396152,0
H4,naive,treatment_effect_mean,-0.3333333333333333,25,0.72,-0.022193788719666683,-0.01795296799416668,0.028345559483967026,0.06256945833999998,0.019088613229803437,1.0079905781139271,640.2237481396152,0
H4,naive,treatment_effect_sd,0.06666666666666667,25,0.24,0.029568222769293332,0.029272010744083338,0.03258702396683656,0.048412536929999986,0.014985934313992467,1.0079905781139271,640.2237481396152,0
