scenario_id,model_label,parameter,true_value,n_reps,empirical_coverage,mean_bias,median_bias,rmse,mean_ci_width,mean_posterior_sd,se_bias,se_ci_width,se_posterior_sd,max_rhat_worst,min_ess_worst,pct_rhat_bad,mean_n_divergent,max_n_divergent,pct_reps_with_divergence,pct_reps_many_divergence,mean_n_max_treedepth,min_ebfmi_worst,category
A1,default,treatment_effect_mean,-0.3374485596707819,25,0.96,-0.003407208413418088,-0.0015372111292180635,0.017591166590045743,0.06760235986,0.02066486782856543,0.0035227834214478907,0.0017766830651957679,5.525940541158409e-4,1.0100163841502847,443.76153383193787,0,0,0,0,0,0,0.5623362399068009,AF
A10,default,treatment_effect_mean,-0.15,25,0.88,-3.2791442380000535e-4,-3.2502627500000103e-4,0.006365207289866898,0.022995202779999998,0.00701912548040083,0.0012975672104242907,6.763582017289044e-4,2.0517481024330905e-4,1.0137445849557327,170.08645175960672,0,0,0,0,0,0,0.6701566286956134,AF
A11,default,treatment_effect_mean,-0.3374485596707819,15,0.8,0.007224295096115241,0.006348804810781927,0.016642820824013985,0.06336108533333332,0.01940471650630489,0.004007074505925015,0.003625717231568137,0.0010980602340087831,1.0070697343974522,346.64415571873457,0,0,0,0,0,0,0.7155436097737641,AF
A12,individual,treatment_effect_mean,-0.3374485596707819,15,0.8,0.0026527636844485745,0.004600052210781913,0.025049767690049657,0.06265762116666665,0.019177431663952662,0.0066571857318664445,0.002627467825287823,7.423408609589728e-4,1.0093348306187169,572.6145290546087,0,0,0,0,0,0,0.5913615651952547,AF
A12,summary,treatment_effect_mean,-0.3374485596707819,15,0.8,0.0028252374394485765,0.0026716494907819133,0.025038506002933968,0.06240700373333333,0.019101964957818556,0.006649085953667929,0.002666094829728541,8.331358392503415e-4,1.0071988620112715,460.8267747757175,0,0,0,0,0,0,0.5966910956003911,AF
A13,hierarchical_rho,treatment_effect_mean,-0.3374485596707819,25,0.8,0.010222030572181908,0.010359444185781885,0.019152903781264885,0.07060271652,0.02166381154750864,0.003306205114602498,0.0028043260373256376,8.62581354855301e-4,1.015881261397147,364.08079864680104,0,0,0,0,0,0,0.5854668154463809,AF
A13,known_rho,treatment_effect_mean,-0.3374485596707819,25,0.84,0.010966223455981914,0.01099734912578193,0.019264225567383914,0.07165053614000001,0.02192027245628183,0.0032329832058572475,0.00295907639932859,8.842764037785821e-4,1.007858642941962,291.53454907817394,0,0,0,0,0,0,0.5392107277348732,AF
A14,default,treatment_effect_mean,0.3374485596707819,25,0.92,-0.003655551448781904,-0.008513445925781904,0.020806772794988236,0.06347617570000001,0.019488122461290166,0.004181102016552031,0.002437002120860145,7.521892760657419e-4,1.0098156268351324,398.8213360278476,0,0,0,0,0,0,0.5891272137231023,AF
A15,default,treatment_effect_mean,0,25,0.84,0.0017963512902008471,-6.2784204492305e-4,0.018782849464985228,0.05716574368103999,0.01759451469118283,0.0038164586337035545,0.002025436135018233,6.250918961824924e-4,1.0068218556353143,392.82446157145154,0,0,0,0,0,0,0.5900963383329885,AF
A16,default,treatment_effect_mean,-0.3374485596707819,25,1,0.009472655844781908,0.01006843937078189,0.01683940618471113,0.06686178672,0.02051517164997012,0.002841906577604832,0.0019155521125218435,5.921746374733714e-4,1.0074792606061016,434.53636464033025,0,0,0,0,0,0,0.5733631078857253,AF
A17,default,treatment_effect_mean,-0.3374485596707819,25,0.92,0.008685000885981906,0.01077780349078189,0.017263692479940727,0.06286009002,0.019240232609103004,0.0030455284000512916,0.0017223163090028261,5.386311681077271e-4,1.0159222272641864,139.80813728406835,0,0.8,20,0.04,0.04,0,0.6125698141072596,AF
A18,default,treatment_effect_mean,0.3374485596707819,25,0.88,-0.004448263727581911,-0.004120514635781891,0.021252268873006658,0.06810233458,0.02086453629668412,0.004242011521969102,0.0024732011873412787,7.601084037747749e-4,1.0169237296132043,332.5433634959962,0,0,0,0,0,0,0.5622039480841949,AF
A2,default,treatment_effect_mean,-0.3374485596707819,25,0.84,0.00246908717518191,5.92244670781894e-4,0.012487669152309769,0.03854420399999999,0.011765625898653922,0.002498712079743126,7.633148252484351e-4,2.3503736761253395e-4,1.0114643159861603,474.81989988994115,0,0,0,0,0,0,0.5686743141949574,AF
A3,default,treatment_effect_mean,-0.3374485596707819,25,0.92,4.021996631419111e-4,0.0042886295412818964,0.041327748862368514,0.17374327214,0.05520199380897338,0.008435591911315338,0.011975527702701171,0.003737844393780957,1.0828942865739764,18.96100690399239,0.04,7.52,69,1,0.12,0,0.5351004645507307,AF
A4,default,treatment_effect_mean,-0.3374485596707819,25,0.92,-0.0013145798646180906,1.1315144078188899e-4,0.009310509871597934,0.02864494933999999,0.008746100418812849,0.0018814608004671003,4.917864337214429e-4,1.4436573764692784e-4,1.0116616561997396,440.79884655240795,0,0,0,0,0,0,0.5998224960126973,AF
A5,default,treatment_effect_mean,-0.3374485596707819,25,0.84,-4.3933279881809063e-4,-0.001418111734218075,0.019740867966791722,0.06071262797999999,0.018467770255165217,0.004028589780008767,0.0016522735846080396,4.90783353648182e-4,1.0125370991387688,155.7261871431627,0,0.44,10,0.08,0,0,0.6966029358010787,AF
A6,default,treatment_effect_mean,-0.3374485596707819,25,0.96,-6.472147228180947e-4,0.00513161099578191,0.019804355796243713,0.08392726274,0.025545789233009458,0.004040387881579665,0.002301732858907858,7.090303992279874e-4,1.0519658346196965,28.941100075026046,0.04,13.6,115,0.44,0.28,0,0.6290626858989896,AF
A7,default,treatment_effect_mean,-0.5624142661179699,25,1,0.0016419652209698477,-1.7161407203014623e-4,0.018490005274618807,0.06750084702,0.020579784273865948,0.0037593452736068103,0.00243443930606854,7.29063568726583e-4,1.0152234715832849,238.34969888172037,0,0,0,0,0,0,0.5765162465192736,AF
A8,default,treatment_effect_mean,-0.3333333333333333,25,1,0.0013116566113333184,0.001778888758333319,0.00841317385707186,0.04813337348000001,0.014626259715272767,0.0016963324566455986,0.0013940405246249342,4.2213525437998064e-4,1.010334305401897,647.6176212549107,0,1.92,20,0.44,0.04,0,0.5269944141286982,AF
A9,default,treatment_effect_mean,-0.15,25,0.96,0.0018894021231799952,0.002288163874999999,0.0066265969000058,0.025791076360000005,0.007870005760637806,0.0012965008370624854,7.881750977618028e-4,2.4343050097196342e-4,1.0292410459830008,136.7024644335642,0,0,0,0,0,0,0.6174120189154433,AF
F1,default,treatment_effect_mean,-0.3374485596707819,25,0.96,5.256113833819143e-4,-6.81263114218067e-4,0.0074747849996556325,0.03203876066,0.009809687308973948,0.0015220072199885722,3.846099013815939e-4,1.2005581354856143e-4,1.0100713292595784,476.6600623133116,0,0,0,0,0,0,0.734888134542484,AF
F2,default,treatment_effect_mean,-0.3333333333333333,25,0.88,-8.542365044666833e-4,-1.895037816667111e-4,0.005200048943775675,0.01701631754,0.0051697138667848004,0.001047035279016007,2.1623278945986208e-4,6.180465805075334e-5,1.0176630841605936,101.25564616301114,0,0.2,3,0.12,0,0,0.6187311927170113,AF
F3,default,treatment_effect_mean,-0.15,25,0.88,3.421843097999955e-4,5.085505399999857e-4,0.0029023198290173604,0.008755367199999997,0.002660980269503614,5.88301591024042e-4,7.841930704175096e-5,2.6057505942269543e-5,1.0159177629182234,183.43123917904026,0,0,0,0,0,0,0.678346519004411,AF
F4,default,treatment_effect_mean,-0.3374485596707819,25,0.88,0.0022113496263819112,0.0018897649257819116,0.010600267285235223,0.030537605359999997,0.009330498835617736,0.002116163975888218,4.7433730047521054e-4,1.4489124270460646e-4,1.0056906490879678,532.1748701259366,0,0,0,0,0,0,0.7151641613338355,AF
F5,default,treatment_effect_mean,-0.3374485596707819,25,0.92,-9.620278502180901e-4,-7.6057297421811e-4,0.006445534156935454,0.024022572279999987,0.007293505497073434,0.0013009517827284886,2.9186415100543724e-4,8.549892736878373e-5,1.0112985541961859,332.2677828639745,0,0,0,0,0,0,0.63022444180639825,AF
F6,default,treatment_effect_mean,-0.5624142661179699,25,0.96,9.593839431698559e-4,9.542057529698944e-4,0.006898460518841773,0.023786743499999985,0.007244290753366499,0.0013944583772264197,3.7005522300624443e-4,1.0818246626164347e-4,1.0142146305286632,221.240684598455,0,0,0,0,0,0,0.5558075628679583,AF
F7,default,treatment_effect_mean,-0.3374485596707819,25,0.8,0.0034665912973819136,0.005548681745781936,0.01633285965989131,0.047544689859999996,0.014513025896638236,0.003257971310536032,7.020995134244572e-4,2.1393319241170468e-4,1.0188696767383574,208.96252277159408,0,0,0,0,0,0,0.7398509486515538,AF
F8,default,treatment_effect_mean,-0.3333333333333333,25,0.96,-5.488410700666813e-4,-5.151120166667078e-4,0.004013729614525525,0.0178363005,0.005414215011745644,8.116033231184861e-4,1.6191352585328214e-4,5.145968487614535e-5,1.0069969590444603,573.2875532693231,0,0,0,0,0,0,0.21370732992456762,AF
J1,full,treatment_effect_mean,-0.3374485596707819,15,0.8666666666666667,0.009019924131115242,0.010400850055781896,0.025031480572523124,0.07855202536666665,0.023895341941573417,0.006240512732606464,0.0026035369610986755,8.393331097731431e-4,1.1070625132049454,13.849929280736779,0.06666666666666667,16.133333333333333,158,0.4666666666666667,0.26666666666666666,0,0.6552298653033759,J
J1,naive,treatment_effect_mean,-0.3374485596707819,15,1,0.0065385185244485776,0.011719945285781908,0.014208672708437259,0.053912880366666666,0.016569174279757577,0.0033714574597529415,0.0020247248757011027,6.402824842862657e-4,1.0819474003440697,18.283836059483587,0.06666666666666667,11.666666666666666,96,0.8666666666666667,0.13333333333333333,0,0.5924541540593279,J
J2,full,treatment_effect_mean,-0.3374485596707819,15,1,0.004016814208115245,0.002535788365781888,0.016891005376463184,0.07997152869999999,0.024327307235847695,0.004384805470886217,0.003343722392001802,0.0010331930537783322,1.0271311727661816,96.60447394664746,0,9.2,42,0.5333333333333333,0.26666666666666666,0,0.7074966168108406,J
J2,naive,treatment_effect_mean,-0.3374485596707819,15,0.2,-0.04620668312655142,-0.05127832686421807,0.04883914112458306,0.05945686823333331,0.018073878677210897,0.004227496221417662,0.0027178945207984233,8.0769593260908e-4,1.0241590847323077,134.98170760123796,0,1.7333333333333334,6,0.6666666666666666,0,0,0.6266610889372393,J
J3,full,treatment_effect_mean,-0.3374485596707819,15,0.9333333333333333,0.0012262615414485737,0.001572011835781928,0.02252522621404323,0.07600161770000001,0.02309700845433119,0.006011192528619213,0.0030517056921979206,9.033474773248458e-4,1.085045443846305,20.805466258182836,0.06666666666666667,10.333333333333334,32,0.6,0.4,0,0.697487881286204,J
J3,naive,treatment_effect_mean,-0.3374485596707819,15,0,-0.08642761292188476,-0.0812131489242181,0.08759852571165343,0.058282996233333335,0.017732321102741127,0.0038150962493013483,0.002279070737035439,6.750604609385389e-4,1.04565050581497,48.40479097118674,0,9.4,64,0.8666666666666667,0.26666666666666666,0,0.5910996560853174,J
J4,full,treatment_effect_mean,-0.3374485596707819,15,0.9333333333333333,0.004556337569115243,-0.002057287604218083,0.02138681510987525,0.0807186379,0.024682506120412236,0.00558464507441263,0.0020141050305402183,6.419069961217914e-4,1.0521635921884949,39.14170475215333,0.06666666666666667,18.466666666666665,93,0.6666666666666666,0.4,0,0.6134353454270778,J
J4,naive,treatment_effect_mean,-0.3374485596707819,15,0,-0.13726524566155143,-0.1348910871192181,0.13804345232845022,0.0720137329,0.022056300871162775,0.003911951141155685,0.002378500177442885,7.359536932266675e-4,1.025105075698658,131.92059395944912,0,3.8666666666666667,13,0.8,0.06666666666666667,0,0.6202616594486297,J
J5,full,treatment_effect_mean,-0.3374485596707819,15,0.9333333333333333,-0.0024083108595514178,-0.0027111534542180737,0.021566395609309667,0.07906013876666669,0.024224137530803935,0.005727810965437582,0.0024846507568072286,7.248749527004666e-4,1.063182764109024,24.18551209623354,0.2,24,128,0.4666666666666667,0.3333333333333333,0,0.7270567183545477,J
J5,naive,treatment_effect_mean,-0.3374485596707819,15,0,-0.18820861224088475,-0.1909242178542181,0.18873229108855025,0.07584843613333334,0.02328962613509846,0.0037549584161055485,0.002256331145092506,7.354389679337643e-4,1.0152337593399943,136.05851857380966,0,1.5333333333333334,3,0.8,0,0,0.6052869775449582,J
J6,full,treatment_effect_mean,-0.3374485596707819,15,1,-0.0040678567112180835,-0.011706512384218104,0.02103237294054043,0.08613532769999997,0.026325960297464764,0.005515000668870412,0.002277583711345304,7.081705726277098e-4,1.0179628387669093,89.60224906747152,0,3.933333333333333,46,0.2,0.13333333333333333,0,0.6966636056957491,J
J6,naive,treatment_effect_mean,-0.3374485596707819,15,0,-0.23985593845255143,-0.23811851595421807,0.2402692408925974,0.09056183336666662,0.02765233286824536,0.003764845928842099,0.003150554669677587,9.451167780433052e-4,1.0224493775218744,125.52014777970959,0,4,12,0.8666666666666667,0.06666666666666667,0,0.6343903981973832,J
J7,full,treatment_effect_mean,-0.3374485596707819,15,0.9333333333333333,-6.477875438847554e-4,-0.008921914924218066,0.022910421083903672,0.08817021010000001,0.026870300103537668,0.006120619515444528,0.003884921428409475,0.0012106580955820129,1.1304030490200059,15.139009350830579,0.06666666666666667,39.2,322,0.5333333333333333,0.3333333333333333,0,0.6891691332855434,J
J7,naive,treatment_effect_mean,-0.3374485596707819,15,0,-0.28512611192188475,-0.2822297413242181,0.28543639324043557,0.10332393389999998,0.03136933314995105,0.0035560299534473498,0.0030339435988061903,8.600775277370394e-4,1.0450008836968419,77.20099958539961,0,5.266666666666667,37,0.6,0.2,0,0.6178558964806741,J
J8,full,treatment_effect_mean,-0.3374485596707819,15,0.9333333333333333,0.005526635202781908,0.002283778915781909,0.018963853694973786,0.09706853053333334,0.02967652235344461,0.004848299041193598,0.0040794419442267815,0.0012533606364580792,1.1361347891222398,11.1560897254165,0.06666666666666667,21.6,292,0.26666666666666666,0.13333333333333333,0,0.6738710634212819,J
J8,naive,treatment_effect_mean,-0.3374485596707819,15,0,-0.3241743860152181,-0.32708685966921813,0.3247391691691693,0.11464459726666668,0.035013406438304806,0.005116468120119021,0.002371505935224382,7.237209752909294e-4,1.0293918396213342,55.19354755091536,0,1.8666666666666667,4,0.7333333333333333,0,0,0.6065907780797761,J
J9,full,treatment_effect_mean,-0.3374485596707819,15,0.9333333333333333,0.002740015541781911,0.014346969320781888,0.027693935837900138,0.09667209749999997,0.029607589799153244,0.007365200011950616,0.002528501781646575,7.875135570930954e-4,1.0249813386625084,90.40895374057449,0,10.933333333333334,60,0.4,0.26666666666666666,0,0.6426677902597813,J
J9,naive,treatment_effect_mean,-0.3374485596707819,15,0,-0.3682720918002181,-0.3680929347842181,0.36875651045766145,0.12376059106666663,0.03772547877760406,0.005049967510525747,0.0027762995362754315,8.519643838502547e-4,1.0445187819987602,114.4170051980534,0,2.6,9,0.7333333333333333,0,0,0.5991087207353296,J
M1,full,treatment_effect_mean,-0.3374485596707819,45,0.8444444444444444,6.693857724485793e-4,0.001816773770781932,0.017468874512329483,0.054355397077777784,0.01660649788373765,0.0026315977665460114,0.0010194005375041655,3.216838383940184e-4,1.0284350034594139,223.5134527346941,0,0.5111111111111111,8,0.26666666666666666,0,0,0.6144741631602303,M
M1,naive,treatment_effect_mean,-0.3374485596707819,45,0.8444444444444444,0.0011324649043374677,0.0012307113657819002,0.016923409281210607,0.050853545388888886,0.01553937324468701,0.002545581309480702,0.0011607749597231133,3.4940841428196187e-4,1.014406443844795,244.01790926195648,0,0.13333333333333333,3,0.06666666666666667,0,0,0.5402892866668579,M
M2,full,treatment_effect_mean,-0.3374485596707819,45,0.8888888888888888,4.992512087819095e-4,-0.0010870739542180874,0.016591269345846794,0.060441073133333335,0.01843934750634144,0.002500095301533366,0.0014016716210583288,4.2287466793385574e-4,1.0103567606666801,405.2259146322594,0,0,0,0,0,0,0.6140090166738755,M
M2,naive,treatment_effect_mean,-0.3374485596707819,45,0.8888888888888888,-2.2125707329198914e-5,-7.590095692180943e-4,0.01706108116530089,0.05629798306666667,0.017141725483974492,0.0025720525981740906,0.0014204101659943118,4.309290797164514e-4,1.015914092764822,332.0921095698943,0,0,0,0,0,0,0.595391043436475,M
M3,full,treatment_effect_mean,-0.3374485596707819,45,0.8666666666666667,8.801259374485776e-4,-0.0024271979692180867,0.016662060147201507,0.06706243718888888,0.020482730553656008,0.0025083933045024105,0.0018098093683622783,5.485834335879768e-4,1.0195075795786617,274.25512559146375,0,0,0,0,0,0,0.5587540619738196,M
M3,naive,treatment_effect_mean,-0.3374485596707819,45,0.9111111111111111,-0.0013806136438847575,-0.0011082333642181141,0.019325527456607344,0.06687299852222223,0.02039209865680658,0.0029059887905777816,0.001864350139153616,5.631146038045528e-4,1.0344573839673386,122.99078838573425,0,0,0,0,0,0,0.6009876724227641,M
M4,full,treatment_effect_mean,-0.3374485596707819,45,0.8666666666666667,0.001072814023115244,-3.71745914218069e-4,0.017209424703484973,0.07206820550000001,0.022024993992151437,0.00258937237348396,0.0022806303275024,6.886209653315957e-4,1.0117454238325763,302.9968590683994,0,0,0,0,0,0,0.5710741241174047,M
M4,naive,treatment_effect_mean,-0.3374485596707819,45,0.9111111111111111,-0.003127427383106977,-0.0036344116492180722,0.023180664108420984,0.08053225037777777,0.02454741320057248,0.003462665770468383,0.0022590642356266027,6.88732814290275e-4,1.0248849849554245,145.89004088533682,0,0,0,0,0,0,0.5785314046836788,M
M5,full,treatment_effect_mean,-0.3374485596707819,45,0.9333333333333333,0.0012240456687819096,-0.0021265131792180814,0.017373817971279144,0.07701428773333333,0.0236437397333873,0.0026126930685504905,0.002885104542816388,8.757522682733413e-4,1.0320998923062177,92.71436505871559,0,0,0,0,0,0,0.6288071578455726,M
M5,naive,treatment_effect_mean,-0.3374485596707819,45,0.9333333333333333,-0.005701369164773643,-0.00609426563421811,0.032547242614352705,0.1130660227111111,0.03463973045034864,0.004830813481854378,0.0034147519750784006,0.0010443795246509254,1.0517875806953034,84.28407214213792,0.022222222222222223,0,0,0,0,0,0.5903270073982145,M
M6,full,treatment_effect_mean,-0.3374485596707819,45,0.9333333333333333,0.001188971678670799,-0.0012295716142181057,0.017949950454908666,0.07827746406666666,0.024096236684392928,0.002700113918813067,0.0029363324157048953,9.110113097430886e-4,1.0334063428640385,107.0617594947666,0,0,0,0,0,0,0.5927237890963607,M
M6,naive,treatment_effect_mean,-0.3374485596707819,45,0.9111111111111111,-0.00928940489210698,-0.006664574824218061,0.04451471405411427,0.15021671406666667,0.04588555587769956,0.006563097114081503,0.0046417425917769815,0.0014069409809676497,1.0515992273699741,108.3836334363219,0.022222222222222223,0,0,0,0,0,0.5631589486812952,M
K1,default,treatment_effect_mean,-0.3374485596707819,15,1,-0.0077559948942797574,-0.015370374663218112,0.03976073220173317,0.22227858759999997,0.07127214684352456,0.010422367322315733,0.026622920714073663,0.008598871557184142,1.0652854042674738,42.1820295965081,0.06666666666666667,9.866666666666667,85,1,0.13333333333333333,0,0.5865064029140296,K
K10,default,treatment_effect_mean,-0.3374485596707819,15,1,-0.003538829275551425,-0.0011008157742181113,0.017282079823990822,0.08748298209999997,0.026809688072189787,0.0045209588932413345,0.003463560159226489,0.0010569084908009503,1.5245679912692456,3.713319894276243,0.06666666666666667,28.533333333333335,360,0.8,0.26666666666666666,0,0.6752880490453256,K
K11,default,treatment_effect_mean,-0.3374485596707819,15,0.9333333333333333,0.0072659767361152395,0.009327566000781884,0.019931418186273708,0.07125850636666667,0.021508473727540646,0.004960321223659054,0.0018786996383107191,5.427361019968097e-4,1.0671404150692099,20.289179866162552,0.06666666666666667,29.466666666666665,268,0.6666666666666666,0.3333333333333333,0,0.20143178762110495,K
K12,default,treatment_effect_mean,-0.3374485596707819,15,0.8666666666666667,0.01006980913364324,-0.0033593184192181047,0.0427711102397029,0.08023020743,0.0268066650016765,0.011109734518972902,0.023278531490104806,0.009418156181556333,1.8525573222311174,2.9515970984708026,0.13333333333333333,9.2,37,0.7333333333333333,0.4,0,0.48245868718442564,K
K13,default,treatment_effect_mean,-0.3374485596707819,15,0.9333333333333333,0.007204164108781918,0.009227539540781926,0.01664304209966914,0.06631040173333332,0.020187777930022226,0.004009728079710801,0.010284143845380291,0.003118567405686624,1.8613596568168538,2.873491747993453,0.2,30,225,0.8,0.3333333333333333,0.26666666666666666,0.06424464432355613,K
K14,default,treatment_effect_mean,-0.3374485596707819,15,0.8666666666666667,0.007605953967448579,0.009690955935781898,0.03417440607270151,0.10432269516666667,0.03182461058120013,0.00890441100429184,0.004498894618795718,0.0013355478053669976,1.0098552176952045,176.92946778899707,0,0.4,3,0.26666666666666666,0,0,0.6518963027822379,K
K15,default,treatment_effect_mean,-0.3374485596707819,15,0.9333333333333333,0.004424195492115246,0.008169929895781913,0.02527231165607459,0.08889596976666667,0.027151402878016945,0.006650006609498921,0.004714050115055976,0.0014671642206365752,1.0250672403976344,94.66246749337635,0,2.6,13,0.26666666666666666,0.06666666666666667,0,0.7097011473420909,K
K16,default,treatment_effect_mean,-0.3374485596707819,15,0.8666666666666667,-8.890246598847554e-4,-0.0015347440542181068,0.023807456975445486,0.07182993026666666,0.0219318149848981,0.006358372673613703,0.0019591799886831806,6.060840744242852e-4,1.112052994873576,14.176812812560334,0.06666666666666667,18.933333333333334,80,0.4,0.4,0,0.6846902647336203,K
K17,default,treatment_effect_mean,-0.3374485596707819,15,0.7333333333333333,0.006012294466448583,0.005068021785781918,0.02631328968941926,0.07537687263333333,0.023058947576642223,0.006846487783256932,0.003123807137306894,9.793130094402174e-4,1.062171341440302,39.358686507586064,0.2,16.2,81,0.5333333333333333,0.3333333333333333,0,0.6947561160592842,K
K2,default,treatment_effect_mean,-0.3374485596707819,15,0.9333333333333333,0.0022172032141152486,0.0022199689307819126,0.023292406593880582,0.09162820523333333,0.028175202518698164,0.006196889858411514,0.0037642921115794495,0.0011542844445767936,1.0191936952661138,150.0337762146328,0,6.333333333333333,32,0.5333333333333333,0.2,0,0.7098257755013204,K
K3,default,treatment_effect_mean,-0.3374485596707819,15,0.8666666666666667,-0.004203690174884759,0.0013051042007818925,0.02238072658118273,0.07709457349999999,0.02344937234676301,0.0058750435330620345,0.0025294654667342817,7.441841030147392e-4,1.0217032151870187,135.94733546732866,0,4.8,28,0.4666666666666667,0.13333333333333333,0,0.6463974652859235,K
K4,default,treatment_effect_mean,-0.3374485596707819,15,0.8666666666666667,7.162057191152408e-4,4.888085857819302e-4,0.017978846307283018,0.062235745633333346,0.018903485865326284,0.00480123469171369,0.0025286650315813073,7.680171105507418e-4,1.0512614430025113,60.26908736109905,0.06666666666666667,13.933333333333334,83,0.5333333333333333,0.26666666666666666,0,0.6840801764655425,K
K5,default,treatment_effect_mean,-0.3374485596707819,15,0.8666666666666667,-0.005233470481218083,-0.009086991514218101,0.017499206034190782,0.05432670466666667,0.01654655129626082,0.004462806600505993,0.001246105401496504,3.7571619004415647e-4,1.032380653335752,76.44151496571043,0,4.2,41,0.5333333333333333,0.06666666666666667,0,0.4146971127975524,K
K6,default,treatment_effect_mean,-0.3374485596707819,15,1,0.0026902506131152378,-0.0011017101492181158,0.01667561662399076,0.08227213796666667,0.025172503795603696,0.004398366104337172,0.0033551439990525006,0.0010160434775306412,1.0068542054326288,422.2491716031138,0,0,0,0,0,0,0.6407032516091077,K
K7,default,treatment_effect_mean,-0.3374485596707819,15,0.9333333333333333,0.008846242425115244,0.009145139475781938,0.012562872682557506,0.06089855023333333,0.01858469708456133,0.0023840206883426517,0.0019429891291602274,6.092855437748334e-4,1.0081095052452445,410.3595325228418,0,0,0,0,0,0,0.6132883074984925,K
K8,default,treatment_effect_mean,-0.3374485596707819,15,0.8,0.002759789463115244,0.0054848788357819145,0.017827981676413134,0.043571767933333345,0.013269771669087757,0.004707292919152157,0.001414462138819598,4.3469584261567306e-4,1.0076828152486845,447.50984665271926,0,0,0,0,0,0,0.5514614816068926,K
K9,default,treatment_effect_mean,-0.3374485596707819,15,0.9333333333333333,0.0018517098894485716,0.003004088655781889,0.007994041294394981,0.03126823583333333,0.009531061008369498,0.00207838994522564,7.548698951492287e-4,2.3184897670448874e-4,1.00848063497132,479.85838050137227,0,0,0,0,0,0,0.565348397742119,K
L1,normal,treatment_effect_mean,-0.3374485596707819,15,0.8666666666666667,-0.0027842946675514235,-0.004644498024218069,0.022910431613231603,0.06719114463333334,0.020467957767340023,0.006077685061581581,0.0033973234571715067,0.0010157694221711133,1.0090222301911882,360.6274585580643,0,0,0,0,0,0,0.5828479464335802,L
L1,robust,treatment_effect_mean,-0.3374485596707819,15,0.8666666666666667,-0.003008200552218084,-0.0031396102842181084,0.022893412693110005,0.06755795663333335,0.02053087145458008,0.006065470622269994,0.003559315295357409,0.0010570478472126613,1.0059050388897324,576.8683962714631,0,0,0,0,0,0,0.6688279529541733,L
L2,normal,treatment_effect_mean,-0.3374485596707819,15,0.8,-0.002651108415218084,-0.0015928553042180993,0.026536319212905345,0.08263674253333333,0.02530815246629808,0.0070566476335639375,0.0035649660725481386,0.0011014353672969346,1.0096892693852408,317.1853369178913,0,0,0,0,0,0,0.6031321831869357,L
L2,robust,treatment_effect_mean,-0.3374485596707819,15,0.9333333333333333,-8.060532628847576e-4,0.003148290655781927,0.022736958143460814,0.076716112,0.02363998997316413,0.0060728878971262916,0.0033688240920442844,0.0010695744078740583,1.0050939438815503,657.7446450248717,0,0,0,0,0,0,0.6704175884616917,L
L3,normal,treatment_effect_mean,-0.3374485596707819,15,0.6,0.009308929536781916,0.003836763750781902,0.048902553286802805,0.11561965703333334,0.03531356456929746,0.012830776473686276,0.004701352605833509,0.0014376265307352962,1.0203677536661035,188.3831975178878,0,0,0,0,0,0,0.6118517403532546,L
L3,robust,treatment_effect_mean,-0.3374485596707819,15,0.6666666666666666,0.009710524434015244,-5.21155679218066e-4,0.04503627084709691,0.11079647943333333,0.033916128795613606,0.011753332071707106,0.004171317328069809,0.001305072803619383,1.0092856222311961,704.9751410917552,0,0,0,0,0,0,0.694819599869068,L
L4,normal,treatment_effect_mean,-0.3374485596707819,15,1,0.005653620567448577,0.008557162750781888,0.03547866992590458,0.1535819712,0.046745034021075695,0.009360908816496278,0.005408514209112649,0.0016624996177182572,1.0195273106855163,170.16003933735627,0,0,0,0,0,0,0.6112954257593969,L
L4,robust,treatment_effect_mean,-0.3374485596707819,15,1,0.0046510200553485795,0.01011913585078189,0.03166816554179615,0.14783000589999998,0.04538488094991767,0.008371894824041371,0.005547145746342118,0.001657146456148324,1.006806890238386,501.5964596647986,0,0,0,0,0,0,0.6478533558569293,L
L5,normal,treatment_effect_mean,-0.3374485596707819,15,0.8,-0.0018630715872347547,-0.001167819654218083,0.048843956959427254,0.16980947643333336,0.05209513806320761,0.013044596844548376,0.0032597788052970687,0.0010217231111765226,1.049081191698342,102.46041590677929,0,0,0,0,0,0,0.5921115349107854,L
L5,robust,treatment_effect_mean,-0.3374485596707819,15,0.8666666666666667,-0.0036959382381847594,-0.005208896234218108,0.04653900566223082,0.16607674423333332,0.050908065463565536,0.012398787638223448,0.0035535309509495865,0.0010343800895976016,1.0082319516156157,405.221601034591,0,0,0,0,0,0,0.6291684478521691,L
N1,full,treatment_effect_mean,-0.3374485596707819,15,0.7333333333333333,-0.005573839321218095,-0.010359740864218092,0.02675614774318122,0.08075496659999998,0.024819103865970575,0.006993996186915217,0.004652180131518812,0.0014284406625414883,1.0137308255859914,273.0575644675455,0,0.2,3,0.06666666666666667,0,0,0.621834538567699,N
N1,naive,treatment_effect_mean,-0.3374485596707819,15,0.4666666666666667,-0.04498988442221809,-0.046977042814218106,0.05080300592211881,0.08104049263333332,0.0246710108966051,0.006306774760968766,0.006743197705463881,0.002027679893447231,1.012597705285913,165.879610525595,0,0.06666666666666667,1,0.06666666666666667,0,0,0.6151083262218806,N
N2,full,treatment_effect_mean,-0.3374485596707819,15,0.8666666666666667,-0.012549841183551425,-0.00973406630421808,0.028014450878866625,0.0847623082,0.02589505531316292,0.006693872167416936,0.003562356597247243,0.0010951061328924874,1.009216347548938,340.83065843251154,0,0,0,0,0,0,0.6448486029447614,N
N2,naive,treatment_effect_mean,-0.3374485596707819,15,0.3333333333333333,-0.0665756135202181,-0.06257117953921809,0.06938542686390829,0.09890413040000003,0.030150466971463154,0.0052237448628718415,0.0034727037633718897,0.0010822386684998589,1.0164777151857907,227.70193535394762,0,0,0,0,0,0,0.5961853375273193,N
N3,full,treatment_effect_mean,-0.3374485596707819,15,0.6,-0.04416545454688475,-0.04099410511921808,0.0475531485386412,0.09781356869999999,0.03006625602070503,0.004711039926181983,0.0029999572109704014,9.505867229748157e-4,1.0124750942405274,246.3083673070846,0,0.13333333333333333,2,0.06666666666666667,0,0,0.6453089270393892,N
N3,naive,treatment_effect_mean,-0.3374485596707819,15,0,-0.10406708420821809,-0.1054161800542181,0.10515856251493415,0.11413358229999997,0.03487897500724818,0.004038787429476453,0.0031413729059333513,9.727070116692685e-4,1.0281705664160041,189.45766189690332,0,0,0,0,0,0,0.5881957361487442,N
N4,full,treatment_effect_mean,-0.3374485596707819,15,0.4666666666666667,-0.06742960420155142,-0.06674948194421809,0.07075839043526953,0.12297146416666666,0.037306492406585415,0.00573210441418808,0.008022162158259774,0.0023737717861748477,1.040695465208258,44.11127795571853,0,2.6,14,0.26666666666666666,0.2,0,0.659546645282115,N
N4,naive,treatment_effect_mean,-0.3374485596707819,15,0,-0.13359880995655143,-0.13606301168421808,0.13532010108049447,0.13969252213333336,0.04241823057051433,0.005750079096527383,0.006468136365602382,0.00190411133339892,1.023712240751083,242.69700261341956,0,0,0,0,0,0,0.5831756678336579,N
N5,full,treatment_effect_mean,-0.3374485596707819,15,0.2,-0.08770869988155142,-0.0865310805892181,0.09196119224861522,0.13022118926666668,0.039955258254720315,0.0073874645025722415,0.007364128061315394,0.002283165128106618,1.0294812896207246,110.89329507080029,0,0.2,3,0.06666666666666667,0,0,0.6896395176493616,N
N5,naive,treatment_effect_mean,-0.3374485596707819,15,0,-0.16216438734588476,-0.16900162862921808,0.16415579602311103,0.14456478533333336,0.04410939946477154,0.0068129962189663095,0.0043091312322038515,0.0013313830549550975,1.0169855225850088,213.4089629351896,0,0,0,0,0,0,0.6306294776248512,N
N6,full,treatment_effect_mean,-0.3374485596707819,15,0.06666666666666667,-0.12114208075621809,-0.12206352696921807,0.1317066955902891,0.15556732483333333,0.04827342282113141,0.013813166424432621,0.007829251665737485,0.002549015662014685,1.0248950349232524,84.14275188892506,0,2.533333333333333,35,0.2,0.06666666666666667,0,0.6810869197432473,N
N6,naive,treatment_effect_mean,-0.3374485596707819,15,0,-0.1977429903572181,-0.19068263575421807,0.19914242817934233,0.1686839522333333,0.05153228772608119,0.006298619269046618,0.005851922564218168,0.0017237643218199089,1.0139873835176427,179.55793595594145,0,0,0,0,0,0,0.569045663321343,N
N7,full,treatment_effect_mean,-0.3374485596707819,15,0.4,-0.11260357149521809,-0.12085031664421808,0.12240255921911582,0.19726199263333333,0.05994646743309802,0.0128252602031818,0.00925464443692216,0.0028868601857452206,1.083261892683207,19.725680995235184,0.13333333333333333,1.8,9,0.3333333333333333,0,0,0.6200225859792506,N
N7,naive,treatment_effect_mean,-0.3374485596707819,15,0,-0.2015065098835514,-0.19764240904921804,0.2031807643464592,0.19103086876666667,0.05852911787536857,0.006956751473833529,0.004910649355476114,0.0014684761751166588,1.0327256217006522,209.07028504063365,0,0,0,0,0,0,0.5878006355241415,N
O1,full,treatment_effect_mean,-0.3374485596707819,15,0.13333333333333333,-0.1533596564355514,-0.1582233806192181,0.15956419135320715,0.19320201780000001,0.058768337498026374,0.011776328982243942,0.008540207745640368,0.002638877905554334,1.062869093926566,27.149788989628693,0.13333333333333333,4.266666666666667,34,0.4,0.06666666666666667,0,0.6493614258950432,O
O1,naive,treatment_effect_mean,-0.3374485596707819,15,0,-0.23271605011788474,-0.2241483357692181,0.23387481290135526,0.19492207920000001,0.059740654997604316,0.006214430942653199,0.004905603670157684,0.00151038100835579,1.0183378159833294,179.6325334263356,0,0,0,0,0,0,0.5467777437871301,O
O2,full,treatment_effect_mean,-0.3374485596707819,15,0.26666666666666666,-0.09209860319021809,-0.10274523133921809,0.09959813666328342,0.13575804709999997,0.041467894330794286,0.010133523280988946,0.008824611170595156,0.002595444015717784,1.0460485989052606,68.28548006842635,0,5.733333333333333,69,0.26666666666666666,0.13333333333333333,0,0.6031483777570719,O
O2,naive,treatment_effect_mean,-0.3374485596707819,15,0,-0.17903794925988475,-0.1795862415492181,0.18058181687181432,0.1596518441,0.04890313640602036,0.0062974218621614725,0.005339961436315096,0.0016768986151002238,1.0162669784772411,251.47066177834387,0,0,0,0,0,0,0.6042599474901517,O
O3,full,treatment_effect_mean,-0.3374485596707819,15,0.6666666666666666,-0.03733156299221809,-0.03600670761421809,0.04502736517527846,0.09517617643333333,0.029180232146900003,0.006728500253112724,0.0028596551110360016,8.7626356321728e-4,1.0108425329667738,274.82115449250244,0,0.13333333333333333,2,0.06666666666666667,0,0,0.6526783415949584,O
O3,naive,treatment_effect_mean,-0.3374485596707819,15,0,-0.10192346585255142,-0.09716960124921808,0.10488073548949275,0.11363830426666666,0.0346794362667324,0.006609386104087814,0.003651635102333476,0.0010771200846608443,1.0204538554846463,120.65875273834814,0,0,0,0,0,0,0.6037651397523205,O
O4,full,treatment_effect_mean,-0.3374485596707819,15,0.8666666666666667,-0.02400531390088476,-0.018373054869218086,0.03707127694765687,0.08641552733333331,0.02636985725180323,0.007549950231859926,0.004367307958196675,0.0013065325176255097,1.017639225240388,271.6858061061725,0,0,0,0,0,0,0.649977668416949,O
O4,naive,treatment_effect_mean,-0.3374485596707819,15,0.06666666666666667,-0.07967269872221809,-0.07681258247421807,0.0828410546156755,0.09877248906666666,0.030121283257386822,0.006064542193038376,0.004114083476564397,0.0012548993248526297,1.0180856083984524,215.69294350015346,0,0.06666666666666667,1,0.06666666666666667,0,0,0.6046521317753804,O
O5,full,treatment_effect_mean,-0.3374485596707819,15,0.9333333333333333,-0.00428617157621809,-3.476286421810748e-5,0.022402626593896177,0.07484629859999999,0.02291542494378512,0.005876748442103753,0.003570878775265082,0.001115659178207085,1.010729429742406,343.7351854698234,0,0.06666666666666667,1,0.06666666666666667,0,0,0.6753591627998484,O
O5,naive,treatment_effect_mean,-0.3374485596707819,15,0.3333333333333333,-0.050976239364218086,-0.04841132716421809,0.054280199305227934,0.08325730983333332,0.0255936648489099,0.004983996222891899,0.0037526877506437475,0.001151569472460465,1.0156607056432247,210.70891313638484,0,0,0,0,0,0,0.6294212240849015,O
O6,full,treatment_effect_mean,-0.3374485596707819,15,0.8,0.01682152504344858,0.01674712653078192,0.028331310011505843,0.07883509816666667,0.024089985705346366,0.00609273233439811,0.003267690227661161,9.545107661663794e-4,1.010596717662336,220.88908373251215,0,0.06666666666666667,1,0.06666666666666667,0,0,0.5898486194054945,O
O6,naive,treatment_effect_mean,-0.3374485596707819,15,0.6666666666666666,-0.02318960712688475,-0.02522311593421811,0.031040895996015807,0.07805229446666667,0.02398574533021349,0.005514781083183927,0.004479885967760399,0.001337960736948244,1.0070495026099222,246.36607979276818,0,0,0,0,0,0,0.574532441224608,O
O7,full,treatment_effect_mean,-0.3374485596707819,15,0.8666666666666667,0.025328590024448584,0.02187063199078193,0.031931946856539654,0.08883946106666668,0.027176248951417275,0.00519692049900898,0.0047821227207887635,0.0014658961840678547,1.0161584801041619,170.4899811565988,0,0.9333333333333333,14,0.06666666666666667,0.06666666666666667,0,0.6761874214813368,O
O7,naive,treatment_effect_mean,-0.3374485596707819,15,1,-0.00551859202221809,-0.003136881794218116,0.013751247763442965,0.07282410443333334,0.022257696973466124,0.0033662394994150155,0.003997050706584172,0.001208698788667005,1.0109797412202761,297.6729269442444,0,0,0,0,0,0,0.6215489008382886,O
O8,full,treatment_effect_mean,-0.3374485596707819,15,0.4666666666666667,0.050305974160581905,0.056015146980781916,0.053946790224940915,0.11845797703333331,0.0363173038101661,0.005206898853092104,0.005204022356168229,0.0016092926733089217,1.035384620797691,43.019496493136565,0,6.466666666666667,90,0.2,0.06666666666666667,0,0.6678420924762273,O
O8,naive,treatment_effect_mean,-0.3374485596707819,15,0.6,0.03771802233044858,0.03577696317078194,0.04117665417240453,0.08439756943333333,0.025748818779089345,0.004414809818857929,0.004134765114989346,0.0012503897987859672,1.0133210524884029,306.1702977430015,0,0,0,0,0,0,0.6192364475741734,O
O9,full,treatment_effect_mean,-0.3374485596707819,15,0.06666666666666667,0.11138280661191524,0.1219938769792819,0.11588865921121523,0.14533277527,0.044132320314354635,0.008552575739948878,0.006362654032770349,0.0019711465270929977,1.0179462140391864,104.16215426789225,0,1.1333333333333333,12,0.26666666666666666,0.06666666666666667,0,0.6263828256575944,O
O9,naive,treatment_effect_mean,-0.3374485596707819,15,0,0.09163332716878192,0.09350718552078191,0.09295358070534127,0.0947518309,0.0290472522133067,0.004172199813077085,0.003919448425174787,0.0012020466288472022,1.0185963601024002,222.65270498150667,0,0,0,0,0,0,0.582871654750308,O
P1,full,treatment_effect_mean,-0.3374485596707819,15,1,0.007468349662115255,0.011612012625781931,0.01627742011337821,0.06242211289999998,0.01897970894290791,0.00386539740030322,0.001827723171794222,5.605935287476127e-4,1.0094535973454124,133.52790705131306,0,0.8,7,0.2,0,0,0.6341780710691679,P
P1,naive,treatment_effect_mean,-0.3374485596707819,15,0.8666666666666667,0.013592883295115247,0.012309201755781929,0.02069485297694837,0.05628731453333333,0.01723105281967528,0.004170564054545051,0.0018746220502789727,5.744901437734952e-4,1.0262765272154553,131.1079952353866,0,1.2666666666666666,19,0.06666666666666667,0.06666666666666667,0,0.7947009251407149,P
P1,zero_mean,treatment_effect_mean,-0.3374485596707819,15,0.8666666666666667,0.012629499653781903,0.013469206275781909,0.019491232368328355,0.056521162566666686,0.01723289449553763,0.003967761853194296,0.0019417312498398907,6.052117300374279e-4,1.0136021294109903,289.005312314683,0,0.8666666666666667,8,0.26666666666666666,0,0,0.678908192934666,P
P2,full,treatment_effect_mean,-0.3374485596707819,15,0.2,0.043924675610781914,0.04702710259078191,0.045488467487560684,0.06527219603333335,0.019902223499383774,0.003160284196696402,0.0016984192056917376,4.977365523704547e-4,1.0118206325779684,441.8706945023676,0,0.6,4,0.2,0,0,0.6664952238225714,P
P2,naive,treatment_effect_mean,-0.3374485596707819,15,0,0.05056256504311525,0.0511760224457819,0.051400956140642017,0.058301062399999985,0.017825471525869482,0.002471051083951123,0.0018829192037245219,5.81941545275218e-4,1.0083665690424264,496.4818351818559,0,0,0,0,0,0,0.8179764821381686,P
P2,zero_mean,treatment_effect_mean,-0.3374485596707819,15,0,0.04905832033744857,0.050651031080781894,0.04992443931797653,0.05844363976666666,0.017803006980954172,0.002474597324856255,0.0018488868282599451,5.646347167375945e-4,1.0065945335722424,442.5042378768803,0,0.5333333333333333,8,0.06666666666666667,0,0,0.7520742129177832,P
P3,full,treatment_effect_mean,-0.3374485596707819,15,0.26666666666666666,0.060607002965781906,0.062039294765781905,0.06667361525707745,0.07536206906666666,0.02289432411578941,0.007426603544759562,0.0030537623339699435,9.059616880523122e-4,1.0072996040271165,190.93031306367055,0,0.26666666666666666,2,0.2,0,0,0.6627210621484584,P
P3,naive,treatment_effect_mean,-0.3374485596707819,15,0.06666666666666667,0.07259248353511524,0.07562415987078192,0.07581172041930427,0.06486047446666666,0.01988073494483183,0.0058416502508083995,0.0017899689953579337,5.724030341221251e-4,1.0116417519376035,309.960550350391,0,0.06666666666666667,1,0.06666666666666667,0,0,0.7922466205285639,P
P3,zero_mean,treatment_effect_mean,-0.3374485596707819,15,0.13333333333333333,0.06986960414944858,0.07422720853078191,0.07310178427100984,0.06617018706666665,0.02020727418243264,0.005745242004132132,0.001739645875678163,5.378010167319699e-4,1.007164778972813,327.7514813277918,0,0.13333333333333333,1,0.13333333333333333,0,0,0.7593293848753339,P
P4,full,treatment_effect_mean,-0.3374485596707819,15,0,0.08650305392644858,0.08500083459078189,0.08789495137640904,0.08203045723333334,0.02501329984032211,0.004163996525139534,0.003005155778439579,9.23419763670341e-4,1.0059619410294878,386.27741722882377,0,0.13333333333333333,2,0.06666666666666667,0,0,0.7124926605438835,P
P4,naive,treatment_effect_mean,-0.3374485596707819,15,0,0.09331152769578191,0.09279422271078192,0.09494766577286001,0.07406628613333333,0.02244705348492487,0.0046905530803494425,0.002865665735072777,8.772451453701011e-4,1.0286784153199324,86.6416748198865,0,1.7333333333333334,25,0.13333333333333333,0.06666666666666667,0,0.82245147746818,P
P4,zero_mean,treatment_effect_mean,-0.3374485596707819,15,0,0.09152598637578191,0.08942240844578192,0.09317231612740486,0.07396468776666668,0.02259472492038441,0.004660428478808495,0.002826154029636468,8.866368046317141e-4,1.0073578160996972,295.3767282861612,0,0,0,0,0,0,0.751669420990641,P
P5,full,treatment_effect_mean,-0.3374485596707819,15,0,0.10033363710911525,0.10071736671578191,0.10154375631128501,0.0802462061,0.024449642051980355,0.004177283039266466,0.0017187654046577174,5.250140901555742e-4,1.0061642790017828,444.98450103411665,0,0.06666666666666667,1,0.06666666666666667,0,0,0.7691778726550427,P
P5,naive,treatment_effect_mean,-0.3374485596707819,15,0,0.11051395464711525,0.11225060554578192,0.11157070138597142,0.0698601564,0.02135695558874246,0.004094309954183446,0.0020514748285129962,6.360997342460893e-4,1.0107471895782039,544.1979960103206,0,0,0,0,0,0,0.8096126594347853,P
P5,zero_mean,treatment_effect_mean,-0.3374485596707819,15,0,0.10827999853111524,0.10960377370578192,0.10933873336542524,0.07199644593333335,0.022007017958665276,0.004056745106761214,0.001994611149096111,6.113233227562041e-4,1.0060782644129114,582.0292171824264,0,0.06666666666666667,1,0.06666666666666667,0,0,0.767546942228236,P
P6,full,treatment_effect_mean,-0.3374485596707819,15,0,0.11287272528854858,0.11079872206078192,0.11470860258006518,0.09216600346666666,0.028179550287875103,0.0054629361009781345,0.0060400148525228655,0.001892364205671958,1.8289737144104987,2.9168530492611975,0.13333333333333333,10.733333333333333,154,0.2,0.06666666666666667,0.06666666666666667,0.5186327436430495,P
P6,naive,treatment_effect_mean,-0.3374485596707819,15,0,0.12634203207708192,0.12543421447128192,0.12683221799794045,0.07314479903333335,0.02236094445061669,0.002977324456990271,0.002246656486746507,6.827088188667711e-4,1.0127640582889612,308.0251566764577,0,0.2,1,0.2,0,0,0.7698887211280002,P
P6,zero_mean,treatment_effect_mean,-0.3374485596707819,15,0,0.12289857979564858,0.12106897528578192,0.1234341244972691,0.07474918213333334,0.02290365463107551,0.0030696925697619613,0.0022801178672746253,6.951548577725685e-4,1.0077830112809378,384.6002161952722,0,0.4,3,0.2,0,0,0.7085608936579363,P
P7,full,treatment_effect_mean,-0.3374485596707819,15,0,0.14529598476991523,0.1412960992942819,0.14716653016597395,0.09636735734666667,0.029281131671984907,0.00625108225391569,0.0014249338255787976,4.270189335153316e-4,1.0134665069295772,461.9988914668663,0,0,0,0,0,0,0.7802709362462831,P
P7,naive,treatment_effect_mean,-0.3374485596707819,15,0,0.1575336772215819,0.16241858843678192,0.15848675103509682,0.09166455663333334,0.02799489282112804,0.004638278580828436,0.0020612969267333405,6.051921554512284e-4,1.0088432052966734,442.1328925786583,0,0.06666666666666667,1,0.06666666666666667,0,0,0.786933606340757,P
P7,zero_mean,treatment_effect_mean,-0.3374485596707819,15,0,0.15567826644234858,0.15892818294878192,0.1566538548144908,0.09239492569999999,0.028049852440515957,0.004665278936268599,0.002001246800161488,5.700968808873298e-4,1.008649220029284,358.99832733697957,0,0,0,0,0,0,0.8071832405532267,P
