study_id,Study_Reference,Intervention_ID,Indicator,design,randomisation,randomisation_source,Covariate_bat,Covariate_cbt,Covariate_dyn,Covariate_ipt,Covariate_lrt,Covariate_other_psy,Covariate_pst,n_control,mean_pre_control,mean_post_control,sd_pre_control,sd_post_control,n_treatment,mean_pre_treatment,mean_post_treatment,sd_pre_treatment,sd_post_treatment,mean_change_control,sd_change_control,mean_change_treatment,sd_change_treatment,n_pre_control,n_post_control,n_pre_treatment,n_post_treatment
1,"Bailey, 2017",1,CSDD,did,,,0,1,0,0,0,0,0,25.0,11.88,11.75,4.51,4.71,26.0,11.92,6.92,5.76,4.88,-0.1300000000000008,,-5.0,,25.0,25.0,26.0,26.0
1,"Bailey, 2017",2,GDS,did,,,0,1,0,0,0,0,0,25.0,12.96,11.79,4.85,5.41,26.0,12.96,9.6,6.3,5.62,-1.170000000000002,,-3.360000000000001,,25.0,25.0,26.0,26.0
2,"Barth, 2005",3,BDI,did,,,0,1,0,0,0,0,0,23.0,21.25,15.29,5.43,7.65,25.0,19.04,12.34,6.39,7.69,-5.960000000000001,,-6.699999999999999,,23.0,23.0,25.0,25.0
2,"Barth, 2005",4,HADS,did,,,0,1,0,0,0,0,0,23.0,11.42,7.92,3.67,3.3,27.0,11.3,7.41,3.1,4.17,-3.5,,-3.890000000000001,,23.0,23.0,27.0,27.0
2,"Barth, 2005",5,BRMS,did,,,0,1,0,0,0,0,0,25.0,8.66,5.72,3.75,3.54,21.0,9.78,6.24,4.11,5.15,-2.94,,-3.539999999999999,,25.0,25.0,25.0,21.0
3,"Berking, 2013",6,BDI,did,,,0,1,0,0,0,0,0,229.0,24.45,12.72,8.35,9.86,186.0,24.06,10.3,8.65,8.9,-11.73,,-13.76,,229.0,229.0,186.0,186.0
3,"Berking, 2013",7,Other,did,,,0,1,0,0,0,0,0,229.0,2.24,1.27,0.88,0.86,186.0,2.21,1.06,0.89,0.81,-0.9700000000000002,,-1.15,,229.0,229.0,186.0,186.0
4,"Bowers, 1990",8,BDI,did,,,0,1,0,0,0,0,0,10.0,25.8,9.3,11.92,8.64,10.0,24.2,10.1,10.55,8.68,-16.5,,-14.1,,10.0,10.0,10.0,10.0
4,"Bowers, 1990",9,HAMD,did,,,0,1,0,0,0,0,0,10.0,16.5,7.3,4.96,6.25,10.0,20.7,6.6,4.76,4.71,-9.2,,-14.1,,10.0,10.0,10.0,10.0
4,"Bowers, 1990",10,BDI,did,,,0,1,0,0,0,0,0,10.0,31.2,19.6,7.68,9.15,10.0,24.2,10.1,10.55,8.68,-11.6,,-14.1,,10.0,10.0,10.0,10.0
4,"Bowers, 1990",11,HAMD,did,,,0,1,0,0,0,0,0,10.0,22.1,8.5,5.98,5.18,10.0,20.7,6.6,4.76,4.71,-13.6,,-14.1,,10.0,10.0,10.0,10.0
5,"Bowers, 1993",12,BDI,did,,,0,1,0,0,0,0,0,8.0,29.6,14.1,10.4,5.2,8.0,32.9,9.0,12.8,6.1,-15.5,,-23.9,,8.0,8.0,8.0,8.0
5,"Bowers, 1993",13,HAMD,did,,,0,1,0,0,0,0,0,8.0,21.1,9.3,2.6,3.7,8.0,20.3,6.2,3.3,2.2,-11.8,,-14.1,,8.0,8.0,8.0,8.0
5,"Bowers, 1993",14,BDI,did,,,0,1,0,0,0,0,0,8.0,29.6,14.1,10.4,5.2,6.0,32.0,16.8,11.2,3.8,-15.5,,-15.2,,8.0,8.0,6.0,6.0
5,"Bowers, 1993",15,HAMD,did,,,0,1,0,0,0,0,0,8.0,21.1,9.3,2.6,3.7,6.0,23.2,13.3,2.9,5.1,-11.8,,-9.899999999999999,,8.0,8.0,6.0,6.0
6,"Bowman, 1996",16,SCL-90-R,did,,,0,0,0,0,0,0,1,11.0,1.34,0.79,0.93,0.56,11.0,1.45,0.38,0.75,0.26,-0.55,,-1.07,,14.0,11.0,14.0,11.0
7,"Daughters, 2008",17,HAMD,did,,,1,0,0,0,0,0,0,19.0,14.1,14.9,8.2,9.5,20.0,12.4,6.7,11.3,6.6,0.8000000000000007,,-5.7,,22.0,19.0,22.0,20.0
7,"Daughters, 2008",18,BDI-II,did,,,1,0,0,0,0,0,0,19.0,20.0,14.4,10.5,9.2,20.0,21.3,13.6,8.2,10.6,-5.6,,-7.700000000000001,,22.0,19.0,22.0,20.0
7,"Daughters, 2008",19,BDI-II,did,,,1,0,0,0,0,0,0,14.0,20.0,15.7,10.5,10.1,18.0,21.3,11.3,8.2,9.9,-4.300000000000001,,-10.0,,22.0,14.0,22.0,18.0
8,"De Jong, 1996",20,HAMD,did,,,0,1,0,0,0,0,0,46.0,30.0,9.8,7.9,7.9,37.0,28.7,9.9,5.3,8.0,-20.2,,-18.8,,46.0,46.0,37.0,37.0
8,"De Jong, 1996",21,HAMD,did,,,0,1,0,0,0,0,0,46.0,30.0,6.4,7.9,6.3,37.0,28.7,9.1,5.3,11.1,-23.6,,-19.6,,46.0,46.0,37.0,37.0
8,"De Jong, 1996",22,BDI,did,,,0,1,0,0,0,0,0,44.0,31.6,12.8,9.8,12.0,36.0,31.3,12.2,7.5,11.9,-18.8,,-19.1,,44.0,44.0,36.0,36.0
8,"De Jong, 1996",23,BDI,did,,,0,1,0,0,0,0,0,44.0,31.6,8.1,9.8,7.9,36.0,31.3,11.2,7.5,13.4,-23.5,,-20.1,,44.0,44.0,36.0,36.0
9,"Hauksson, 2017",24,BDI-II,did,,,0,1,0,0,0,0,0,36.0,30.03,17.75,9.98,11.15,59.0,33.08,12.64,9.86,9.59,-12.28,,-20.44,,36.0,36.0,59.0,59.0
9,"Hauksson, 2017",25,BDI-II,did,,,0,1,0,0,0,0,0,22.0,30.03,22.45,9.98,15.2,39.0,33.08,20.32,9.86,15.12,-7.580000000000002,,-12.76,,36.0,22.0,59.0,39.0
9,"Hauksson, 2017",26,BDI-II,did,,,0,1,0,0,0,0,0,36.0,30.03,17.75,9.98,11.15,83.0,29.96,16.77,8.88,9.21,-12.28,,-13.19,,36.0,36.0,86.0,83.0
9,"Hauksson, 2017",27,BDI-II,did,,,0,1,0,0,0,0,0,22.0,30.03,22.45,9.98,15.2,71.0,29.96,24.42,8.88,14.99,-7.580000000000002,,-5.539999999999999,,36.0,22.0,86.0,71.0
10,"Hautzinger, 1996",28,HAMD,did,,,0,1,0,0,0,0,0,22.0,25.5,11.3,6.0,7.6,22.0,25.3,10.0,5.7,8.1,-14.2,,-15.3,,25.0,22.0,26.0,22.0
10,"Hautzinger, 1996",29,HAMD,did,,,0,1,0,0,0,0,0,20.0,25.5,12.2,6.0,11.8,18.0,25.3,9.9,5.7,7.6,-13.3,,-15.4,,25.0,20.0,26.0,18.0
10,"Hautzinger, 1996",30,BDI,did,,,0,1,0,0,0,0,0,22.0,30.9,14.3,8.4,10.3,21.0,30.1,12.6,7.1,10.7,-16.6,,-17.5,,25.0,22.0,26.0,21.0
10,"Hautzinger, 1996",31,BDI,did,,,0,1,0,0,0,0,0,20.0,30.9,16.4,8.4,12.8,18.0,30.1,14.1,7.1,13.1,-14.5,,-16.0,,25.0,20.0,26.0,18.0
10,"Hautzinger, 1996",32,HAMD,did,,,0,1,0,0,0,0,0,22.0,25.5,11.3,6.0,7.6,20.0,24.4,9.3,4.2,7.5,-14.2,,-15.1,,25.0,22.0,24.0,20.0
10,"Hautzinger, 1996",33,HAMD,did,,,0,1,0,0,0,0,0,20.0,25.5,12.2,6.0,11.8,19.0,24.4,11.1,4.2,10.0,-13.3,,-13.3,,25.0,20.0,24.0,19.0
10,"Hautzinger, 1996",34,BDI,did,,,0,1,0,0,0,0,0,22.0,30.9,14.3,8.4,10.3,20.0,30.4,11.3,10.0,10.4,-16.6,,-19.1,,25.0,22.0,24.0,20.0
10,"Hautzinger, 1996",35,BDI,did,,,0,1,0,0,0,0,0,20.0,30.9,16.4,8.4,12.8,19.0,30.4,15.0,10.0,14.4,-14.5,,-15.4,,25.0,20.0,24.0,19.0
11,"Hopko, 2003",36,BDI,did,,,1,0,0,0,0,0,0,15.0,37.1,30.2,13.4,17.0,10.0,35.1,19.1,7.4,13.1,-6.900000000000002,,-16.0,,15.0,15.0,10.0,10.0
12,"Hsu, 2009",37,GDS,did,,,0,0,0,0,1,0,0,24.0,9.6,10.7,3.2,2.3,21.0,9.9,7.9,2.7,1.7,1.1,,-2.0,,24.0,24.0,21.0,21.0
13,"Hyer, 2009",38,GDS,did,,,0,1,0,0,0,0,0,12.0,9.0,10.5,1.7,1.6,13.0,10.4,5.0,3.8,3.5,1.5,,-5.4,,12.0,12.0,13.0,13.0
14,"Jahangard, 2012",39,HAMD,did,,,0,0,0,0,0,1,0,15.0,23.6,3.93,1.88,1.34,15.0,25.87,2.67,1.77,0.82,-19.67,,-23.2,,15.0,15.0,15.0,15.0
15,"Karimi, 2010",40,GDS,did,,,0,0,0,0,1,0,0,10.0,9.1,8.0,2.6,2.61,10.0,9.4,4.7,3.02,2.62,-1.1,,-4.7,,10.0,10.0,10.0,10.0
15,"Karimi, 2010",41,GDS,did,,,0,0,0,0,1,0,0,10.0,9.1,8.0,2.6,2.61,9.0,9.22,7.0,2.72,3.31,-1.1,,-2.220000000000001,,10.0,10.0,9.0,9.0
16,"Konnert, 2009",42,GDS,did,,,0,1,0,0,0,0,0,23.0,13.38,12.5,3.22,2.58,20.0,14.0,10.11,3.31,2.95,-0.8800000000000008,,-3.890000000000001,,23.0,23.0,20.0,20.0
16,"Konnert, 2009",43,GDS,did,,,0,1,0,0,0,0,0,23.0,13.38,12.31,3.22,2.25,20.0,14.0,9.44,3.31,2.71,-1.07,,-4.56,,23.0,23.0,20.0,20.0
16,"Konnert, 2009",44,CES-D,did,,,0,1,0,0,0,0,0,23.0,38.78,38.22,7.53,10.09,20.0,35.58,31.94,9.01,7.17,-0.5600000000000023,,-3.639999999999997,,23.0,23.0,20.0,20.0
16,"Konnert, 2009",45,CES-D,did,,,0,1,0,0,0,0,0,23.0,38.78,36.78,7.53,9.48,20.0,35.58,32.18,9.01,12.94,-2.0,,-3.399999999999999,,23.0,23.0,20.0,20.0
16,"Konnert, 2009",46,GDS,did,,,0,1,0,0,0,0,0,23.0,13.38,12.31,3.22,2.3,20.0,14.0,10.83,3.31,2.81,-1.07,,-3.17,,23.0,23.0,20.0,20.0
16,"Konnert, 2009",47,CES-D,did,,,0,1,0,0,0,0,0,23.0,38.78,38.28,7.53,8.49,20.0,35.58,31.59,9.01,10.33,-0.5,,-3.989999999999998,,23.0,23.0,20.0,20.0
17,"Lemmens, 2009",48,BDI,did,,,0,0,0,0,0,1,0,23.0,27.3,21.9,10.7,10.8,35.0,26.6,18.7,9.9,9.1,-5.400000000000002,,-7.900000000000002,,23.0,23.0,35.0,35.0
17,"Lemmens, 2009",49,BDI,did,,,0,0,0,0,0,1,0,23.0,27.3,22.2,10.7,15.6,35.0,26.6,15.8,9.9,13.7,-5.100000000000001,,-10.8,,23.0,23.0,35.0,35.0
17,"Lemmens, 2009",50,BDI,did,,,0,0,0,0,0,1,0,23.0,27.3,21.9,10.7,10.8,25.0,26.2,19.3,13.5,10.7,-5.400000000000002,,-6.899999999999999,,23.0,23.0,25.0,25.0
17,"Lemmens, 2009",51,BDI,did,,,0,0,0,0,0,1,0,23.0,27.3,22.2,10.7,15.6,25.0,26.2,12.5,13.5,9.8,-5.100000000000001,,-13.7,,23.0,23.0,25.0,25.0
18,"Luo, 2020",52,GDS,did,,,1,0,0,0,0,0,0,30.0,7.167,6.867,0.317,0.317,32.0,7.593,5.673,0.307,0.312,-0.2999999999999998,,-1.92,,30.0,30.0,32.0,32.0
19,"Meeks, 2008",53,GDS,did,,,1,0,0,0,0,0,0,4.0,14.1,12.5,3.8,7.3,10.0,19.3,14.3,4.6,3.4,-1.6,,-5.0,,7.0,4.0,13.0,10.0
19,"Meeks, 2008",54,GDS,did,,,1,0,0,0,0,0,0,2.0,14.1,13.0,3.8,4.2,8.0,19.3,12.1,4.6,5.5,-1.1,,-7.200000000000001,,7.0,2.0,13.0,8.0
19,"Meeks, 2008",55,HAMD,did,,,1,0,0,0,0,0,0,4.0,15.9,7.9,5.8,6.1,10.0,18.0,5.9,7.9,3.2,-8.0,,-12.1,,7.0,4.0,13.0,10.0
19,"Meeks, 2008",56,HAMD,did,,,1,0,0,0,0,0,0,2.0,15.9,4.0,5.8,1.1,8.0,18.0,5.6,7.9,4.3,-11.9,,-12.4,,7.0,2.0,13.0,8.0
20,"Meeks, 2015",57,GDS,did,,,1,0,0,0,0,0,0,27.0,19.6,14.6,4.3,5.6,30.0,17.6,12.2,4.3,6.4,-5.000000000000002,,-5.400000000000002,,40.0,27.0,42.0,30.0
20,"Meeks, 2015",58,GDS,did,,,1,0,0,0,0,0,0,23.0,19.6,15.1,4.3,6.3,28.0,17.6,13.1,4.3,5.5,-4.500000000000002,,-4.500000000000002,,40.0,23.0,42.0,28.0
21,"Miller, 1989",59,HAMD,did,,,0,1,0,0,0,0,0,17.0,36.5,23.8,5.6,3.6,14.0,36.5,15.3,5.5,3.7,-12.7,,-21.2,,17.0,17.0,15.0,14.0
21,"Miller, 1989",60,BDI,did,,,0,1,0,0,0,0,0,17.0,29.2,19.2,7.5,3.7,14.0,25.7,12.5,6.9,3.8,-10.0,,-13.2,,17.0,17.0,15.0,14.0
21,"Miller, 1989",61,HAMD,did,,,0,0,0,0,0,1,0,17.0,36.5,23.8,5.6,3.6,14.0,36.5,8.2,5.9,4.1,-12.7,,-28.3,,17.0,17.0,14.0,14.0
21,"Miller, 1989",62,BDI,did,,,0,0,0,0,0,1,0,17.0,29.2,19.2,7.5,3.7,14.0,30.6,6.5,3.6,4.1,-10.0,,-24.1,,17.0,17.0,14.0,14.0
22,"Minelli, 2019",63,MADRS,rct,,,0,1,0,0,0,0,0,12.0,,7.83,,10.36,10.0,,16.9,,13.16,,,,,,12.0,,10.0
22,"Minelli, 2019",64,BDI-II,rct,,,0,1,0,0,0,0,0,12.0,,26.6,,17.3,10.0,,13.42,,12.13,,,,,,12.0,,10.0
23,"Myhre, 2018",65,BDI-II,did,,,1,0,0,0,0,0,0,9.0,42.33,32.78,7.28,9.05,10.0,39.2,19.4,8.84,9.48,-9.549999999999997,,-19.8,,10.0,9.0,10.0,10.0
24,"Nickel, 2004",66,BDI,did,,,0,0,0,0,0,1,0,16.0,21.3,15.6,2.2,3.2,15.0,21.5,13.3,2.5,2.1,-5.700000000000001,,-8.2,,16.0,16.0,15.0,15.0
25,"Rieu, 2011",67,HAMD,did,,,0,1,0,0,0,0,0,11.0,19.27,14.36,3.88,4.84,11.0,23.27,12.27,6.28,10.07,-4.91,,-11.0,,11.0,11.0,11.0,11.0
25,"Rieu, 2011",68,BDI-II,did,,,0,1,0,0,0,0,0,11.0,36.09,20.55,7.46,11.39,11.0,36.73,18.82,12.02,16.84,-15.54,,-17.91,,11.0,11.0,11.0,11.0
27,"Schaub, 2018",77,BDI,did,,,0,1,0,0,0,0,0,58.0,25.02,13.27,12.38,12.06,60.0,23.93,13.43,11.53,9.56,-11.75,,-10.5,,58.0,58.0,60.0,60.0
27,"Schaub, 2018",78,BDI,did,,,0,1,0,0,0,0,0,18.0,25.02,11.63,12.38,9.47,30.0,23.93,11.0,11.53,11.01,-13.39,,-12.93,,58.0,18.0,60.0,30.0
27,"Schaub, 2018",79,BDI,did,,,0,1,0,0,0,0,0,18.0,25.02,11.81,12.38,14.4,30.0,23.93,9.04,11.53,9.6,-13.21,,-14.89,,58.0,18.0,60.0,30.0
27,"Schaub, 2018",80,BDI,did,,,0,1,0,0,0,0,0,18.0,25.02,6.79,12.38,11.95,30.0,23.93,8.17,11.53,7.94,-18.23,,-15.76,,58.0,18.0,60.0,30.0
27,"Schaub, 2018",81,BDI,did,,,0,1,0,0,0,0,0,18.0,25.02,8.72,12.38,9.21,30.0,23.93,8.58,11.53,7.92,-16.3,,-15.35,,58.0,18.0,60.0,30.0
27,"Schaub, 2018",82,HAMD,did,,,0,1,0,0,0,0,0,58.0,22.52,12.9,7.36,8.93,60.0,21.1,10.86,7.74,6.7,-9.62,,-10.24,,58.0,58.0,60.0,60.0
27,"Schaub, 2018",83,HAMD,did,,,0,1,0,0,0,0,0,18.0,22.52,9.5,7.36,9.2,30.0,21.1,8.53,7.74,8.17,-13.02,,-12.57,,58.0,18.0,60.0,30.0
27,"Schaub, 2018",84,HAMD,did,,,0,1,0,0,0,0,0,18.0,22.52,7.48,7.36,8.62,30.0,21.1,8.09,7.74,9.16,-15.04,,-13.01,,58.0,18.0,60.0,30.0
27,"Schaub, 2018",85,HAMD,did,,,0,1,0,0,0,0,0,18.0,22.52,5.5,7.36,7.73,30.0,21.1,6.17,7.74,5.3,-17.02,,-14.93,,58.0,18.0,60.0,30.0
27,"Schaub, 2018",86,HAMD,did,,,0,1,0,0,0,0,0,18.0,22.52,5.06,7.36,5.12,30.0,21.1,5.47,7.74,5.64,-17.46,,-15.63,,58.0,18.0,60.0,30.0
27,"Schaub, 2018",87,MADRS,did,,,0,1,0,0,0,0,0,58.0,23.09,12.54,7.61,9.68,60.0,21.86,11.02,8.0,8.38,-10.55,,-10.84,,58.0,58.0,60.0,60.0
27,"Schaub, 2018",88,MADRS,did,,,0,1,0,0,0,0,0,18.0,23.09,9.0,7.61,9.4,30.0,21.86,8.75,8.0,10.02,-14.09,,-13.11,,58.0,18.0,60.0,30.0
27,"Schaub, 2018",89,MADRS,did,,,0,1,0,0,0,0,0,18.0,23.09,7.48,7.61,9.78,30.0,21.86,7.46,8.0,9.05,-15.61,,-14.4,,58.0,18.0,60.0,30.0
27,"Schaub, 2018",90,MADRS,did,,,0,1,0,0,0,0,0,18.0,23.09,5.78,7.61,5.1,30.0,21.86,5.59,8.0,6.89,-17.31,,-16.27,,58.0,18.0,60.0,30.0
27,"Schaub, 2018",91,BDI,did,,,0,1,0,0,0,0,0,58.0,25.02,13.27,12.38,12.06,59.0,21.93,10.91,9.53,8.4,-11.75,,-11.02,,58.0,58.0,59.0,59.0
27,"Schaub, 2018",92,BDI,did,,,0,1,0,0,0,0,0,18.0,25.02,11.63,12.38,9.47,29.0,21.93,6.38,9.53,7.31,-13.39,,-15.55,,58.0,18.0,59.0,29.0
27,"Schaub, 2018",93,BDI,did,,,0,1,0,0,0,0,0,18.0,25.02,11.81,12.38,14.4,29.0,21.93,5.25,9.53,6.46,-13.21,,-16.68,,58.0,18.0,59.0,29.0
27,"Schaub, 2018",94,BDI,did,,,0,1,0,0,0,0,0,18.0,25.02,6.79,12.38,11.95,21.0,21.93,9.84,9.53,13.26,-18.23,,-12.09,,58.0,18.0,59.0,21.0
27,"Schaub, 2018",95,BDI,did,,,0,1,0,0,0,0,0,18.0,25.02,8.72,12.38,9.21,21.0,21.93,6.39,9.53,9.27,-16.3,,-15.54,,58.0,18.0,59.0,21.0
27,"Schaub, 2018",96,HAMD,did,,,0,1,0,0,0,0,0,58.0,22.52,12.9,7.36,8.93,59.0,20.15,10.04,7.41,8.03,-9.62,,-10.11,,58.0,58.0,59.0,59.0
27,"Schaub, 2018",97,HAMD,did,,,0,1,0,0,0,0,0,18.0,22.52,9.5,7.36,9.2,29.0,20.15,7.88,7.41,8.16,-13.02,,-12.27,,58.0,18.0,59.0,29.0
27,"Schaub, 2018",98,HAMD,did,,,0,1,0,0,0,0,0,18.0,22.52,7.48,7.36,8.62,29.0,20.15,5.83,7.41,7.71,-15.04,,-14.32,,58.0,18.0,59.0,29.0
27,"Schaub, 2018",99,HAMD,did,,,0,1,0,0,0,0,0,18.0,22.52,5.5,7.36,7.73,21.0,20.15,4.58,7.41,5.06,-17.02,,-15.57,,58.0,18.0,59.0,21.0
27,"Schaub, 2018",100,HAMD,did,,,0,1,0,0,0,0,0,18.0,22.52,5.06,7.36,5.12,21.0,20.15,5.71,7.41,7.55,-17.46,,-14.44,,58.0,18.0,59.0,21.0
27,"Schaub, 2018",101,MADRS,did,,,0,1,0,0,0,0,0,58.0,23.09,12.54,7.61,9.68,59.0,21.59,10.1,8.34,9.31,-10.55,,-11.49,,58.0,58.0,59.0,59.0
27,"Schaub, 2018",102,MADRS,did,,,0,1,0,0,0,0,0,18.0,23.09,9.0,7.61,9.4,29.0,21.59,7.13,8.34,8.57,-14.09,,-14.46,,58.0,18.0,59.0,29.0
27,"Schaub, 2018",103,MADRS,did,,,0,1,0,0,0,0,0,18.0,23.09,7.48,7.61,9.78,29.0,21.59,5.13,8.34,7.21,-15.61,,-16.46,,58.0,18.0,59.0,29.0
27,"Schaub, 2018",104,MADRS,did,,,0,1,0,0,0,0,0,18.0,23.09,5.78,7.61,5.1,21.0,21.59,5.48,8.34,9.2,-17.31,,-16.11,,58.0,18.0,59.0,21.0
28,"Schramm, 2007",105,HAMD,did,,,0,0,0,1,0,0,0,61.0,21.9,11.8,4.1,7.9,63.0,25.1,8.9,5.1,6.4,-10.1,,-16.2,,61.0,61.0,63.0,63.0
28,"Schramm, 2007",106,HAMD,did,,,0,0,0,1,0,0,0,47.0,21.9,8.4,4.1,9.22,50.0,15.1,4.36,5.1,5.35,-13.5,,-10.74,,61.0,47.0,63.0,50.0
28,"Schramm, 2007",107,BDI,did,,,0,0,0,1,0,0,0,61.0,30.1,15.1,10.2,11.9,63.0,29.5,14.4,7.9,10.2,-15.0,,-15.1,,61.0,61.0,63.0,63.0
28,"Schramm, 2007",108,BDI,did,,,0,0,0,1,0,0,0,47.0,30.1,12.93,10.2,13.58,50.0,29.5,7.9,7.9,9.24,-17.17,,-21.6,,61.0,47.0,63.0,50.0
29,"Snarski, 2011",109,GDS,did,,,1,0,0,0,0,0,0,25.0,5.0,4.4,2.24,2.97,25.0,6.2,4.04,3.15,2.89,-0.5999999999999996,,-2.16,,25.0,25.0,25.0,25.0
30,"Sood, 2003",110,GDS,did,,,0,1,0,0,0,0,0,8.0,19.25,13.38,5.04,7.41,6.0,18.0,9.33,6.26,5.89,-5.869999999999999,,-8.67,,8.0,8.0,6.0,6.0
31,"Trapp, 2016",111,BDI-II,did,,,0,0,0,0,0,1,0,20.0,27.22,18.22,10.77,12.89,21.0,28.17,16.04,10.76,12.32,-9.0,,-12.13,,23.0,20.0,23.0,21.0
31,"Trapp, 2016",112,HAMD,did,,,0,0,0,0,0,1,0,20.0,12.17,8.83,3.14,4.65,21.0,11.91,6.09,4.27,2.86,-3.34,,-5.82,,23.0,20.0,23.0,21.0
33,"Tsai, 2008",114,GDS,did,,,0,0,0,0,0,1,0,32.0,14.3,11.3,3.4,4.8,31.0,16.1,12.8,3.0,2.9,-3.0,,-3.300000000000001,,32.0,32.0,31.0,31.0
33,"Tsai, 2008",115,GDS,did,,,0,0,0,0,0,1,0,32.0,14.3,12.0,3.4,4.9,31.0,16.1,10.0,3.0,3.6,-2.300000000000001,,-6.100000000000001,,32.0,32.0,31.0,31.0
34,"Zhu, 2018",116,HAMD,did,,,0,0,0,0,0,1,0,29.0,34.34,14.86,6.33,6.61,30.0,35.23,10.7,5.4,6.27,-19.48,,-24.53,,29.0,29.0,30.0,30.0
