study_id,Study_Reference,Intervention_ID,Indicator,design,randomisation,randomisation_source,Covariate_3rd,Covariate_bat,Covariate_cbt,Covariate_other_psy,Covariate_pst,n_control,mean_pre_control,mean_post_control,sd_pre_control,sd_post_control,n_treatment,mean_pre_treatment,mean_post_treatment,sd_pre_treatment,sd_post_treatment,mean_change_control,sd_change_control,mean_change_treatment,sd_change_treatment,n_pre_control,n_post_control,n_pre_treatment,n_post_treatment
1,"Addington, 2019",1,PHQ-8,did,individual,per_arm_count,0,0,0,1,0,15.0,15.46,15.92,5.62,4.96,26.0,15.46,14.78,7.39,5.05,0.4599999999999991,,-0.6800000000000015,,15.0,15.0,26.0,26.0
1,"Addington, 2019",2,PHQ-8,did,individual,per_arm_count,0,0,0,1,0,17.0,17.05,16.18,5.65,4.99,26.0,15.46,14.78,7.39,5.05,-0.870000000000001,,-0.6800000000000015,,17.0,17.0,26.0,26.0
1,"Addington, 2019",3,CESD,did,individual,per_arm_count,0,0,0,1,0,15.0,25.42,27.93,10.99,9.99,26.0,24.03,24.63,11.12,10.15,2.509999999999998,,0.5999999999999979,,15.0,15.0,26.0,26.0
1,"Addington, 2019",4,CESD,did,individual,per_arm_count,0,0,0,1,0,17.0,26.41,26.83,11.0,10.06,26.0,24.03,24.63,11.12,10.15,0.4199999999999982,,0.5999999999999979,,17.0,17.0,26.0,26.0
1,"Addington, 2019",5,PHQ-8,did,individual,per_arm_count,0,0,0,1,0,15.0,15.46,16.17,5.62,4.96,26.0,15.46,14.75,7.39,5.05,0.7100000000000009,,-0.7100000000000009,,15.0,15.0,26.0,26.0
1,"Addington, 2019",6,PHQ-8,did,individual,per_arm_count,0,0,0,1,0,17.0,17.05,15.7,5.65,5.15,26.0,15.46,14.75,7.39,5.05,-1.350000000000001,,-0.7100000000000009,,17.0,17.0,26.0,26.0
1,"Addington, 2019",7,CESD,did,individual,per_arm_count,0,0,0,1,0,15.0,25.42,29.51,10.99,9.99,26.0,24.03,25.01,11.12,10.2,4.09,,0.9800000000000004,,15.0,15.0,26.0,26.0
1,"Addington, 2019",8,CESD,did,individual,per_arm_count,0,0,0,1,0,17.0,26.41,27.09,11.0,10.35,26.0,24.03,25.01,11.12,10.2,0.6799999999999997,,0.9800000000000004,,17.0,17.0,26.0,26.0
1,"Addington, 2019",9,PHQ-8,did,individual,per_arm_count,0,0,0,1,0,15.0,15.46,16.61,5.62,5.54,26.0,15.46,14.7,7.39,5.76,1.149999999999999,,-0.7600000000000016,,15.0,15.0,26.0,26.0
1,"Addington, 2019",10,PHQ-8,did,individual,per_arm_count,0,0,0,1,0,17.0,17.05,14.85,5.65,6.14,26.0,15.46,14.7,7.39,5.76,-2.200000000000001,,-0.7600000000000016,,17.0,17.0,26.0,26.0
1,"Addington, 2019",11,CESD,did,individual,per_arm_count,0,0,0,1,0,15.0,25.42,32.3,10.99,11.08,26.0,24.03,25.68,11.12,11.52,6.879999999999995,,1.649999999999999,,15.0,15.0,26.0,26.0
1,"Addington, 2019",12,CESD,did,individual,per_arm_count,0,0,0,1,0,17.0,26.41,27.55,11.0,12.29,26.0,24.03,25.68,11.12,11.52,1.140000000000001,,1.649999999999999,,17.0,17.0,26.0,26.0
3,"Bedford, 2018",14,PHQ-9,did,individual,per_arm_count,0,0,0,0,1,12.0,14.67,14.58,44.3,4.3,12.0,12.42,3.75,4.3,5.54,-0.08999999999999986,,-8.67,,12.0,12.0,12.0,12.0
3,"Bedford, 2018",15,PHQ-9,did,individual,per_arm_count,0,0,0,0,1,6.0,14.67,13.5,44.3,7.29,3.0,12.42,2.67,4.3,1.16,-1.17,,-9.75,,12.0,6.0,12.0,3.0
4,"Beevers, 2017",16,QIDS,did,individual,per_arm_count,0,0,1,0,0,91.0,15.4,13.15,3.89,4.17,285.0,15.13,9.06,3.78,5.25,-2.25,,-6.07,,91.0,91.0,285.0,285.0
4,"Beevers, 2017",17,HAMD,did,individual,per_arm_count,0,0,1,0,0,91.0,16.96,15.62,5.87,5.4,285.0,16.74,10.94,5.85,6.33,-1.340000000000002,,-5.799999999999999,,91.0,91.0,285.0,285.0
5,"Berger, 2011",18,BDI-II,did,individual,per_arm_count,0,0,1,0,0,26.0,29.8,28.5,8.6,9.4,25.0,29.8,20.8,8.6,13.5,-1.300000000000001,,-9.0,,26.0,26.0,25.0,25.0
5,"Berger, 2011",19,BDI-II,did,individual,per_arm_count,0,0,1,0,0,26.0,29.8,21.08,8.6,9.9,25.0,29.8,19.4,8.6,12.9,-8.720000000000002,,-10.4,,26.0,26.0,25.0,25.0
5,"Berger, 2011",20,QoL,did,individual,per_arm_count,0,0,1,0,0,26.0,38.9,40.8,18.1,17.1,25.0,41.5,52.0,15.6,20.9,1.899999999999999,,10.5,,26.0,26.0,25.0,25.0
5,"Berger, 2011",21,QoL,did,individual,per_arm_count,0,0,1,0,0,26.0,38.9,55.2,18.1,22.8,25.0,41.5,51.9,15.6,22.9,16.3,,10.4,,26.0,26.0,25.0,25.0
6,"Bilich, 2008",23,DASS,did,individual,per_arm_count,0,0,1,0,0,34.0,19.37,20.56,8.32,10.01,17.0,19.87,13.65,8.26,8.97,1.189999999999998,,-6.220000000000001,,40.0,34.0,23.0,17.0
6,"Bilich, 2008",24,BDI-II,did,individual,per_arm_count,0,0,1,0,0,34.0,19.17,18.21,5.73,7.39,17.0,19.48,12.76,5.37,6.51,-0.9600000000000009,,-6.720000000000001,,40.0,34.0,23.0,17.0
6,"Bilich, 2008",25,K10,did,individual,per_arm_count,0,0,1,0,0,34.0,13.12,12.18,5.0,5.81,17.0,15.09,10.41,5.63,4.57,-0.9399999999999995,,-4.68,,40.0,34.0,23.0,17.0
7,"Birney, 2016",27,PHQ-9,did,individual,per_arm_count,0,0,1,0,0,150.0,13.6,9.5,3.8,5.0,150.0,13.2,8.8,4.3,5.1,-4.1,,-4.399999999999999,,150.0,150.0,150.0,150.0
8,"Blanco, 2023",29,CESD,did,individual,per_arm_count,0,0,1,0,0,30.0,26.2,24.3,8.1,9.4,29.0,23.4,17.9,7.3,10.2,-1.899999999999999,,-5.5,,30.0,30.0,29.0,29.0
9,"Bowman, 1995",30,BDI-I,did,individual,per_arm_count,0,0,0,0,1,10.0,23.4,23.0,9.6,10.3,10.0,19.1,10.3,4.3,5.4,-0.3999999999999986,,-8.8,,10.0,10.0,10.0,10.0
9,"Bowman, 1995",31,HAMD,did,individual,per_arm_count,0,0,0,0,1,10.0,18.9,18.7,3.8,8.3,10.0,20.7,11.1,4.1,4.3,-0.1999999999999993,,-9.6,,10.0,10.0,10.0,10.0
9,"Bowman, 1995",32,HAMD,did,individual,per_arm_count,0,0,1,0,0,10.0,18.9,18.7,3.8,8.3,10.0,20.1,11.6,7.3,5.6,-0.1999999999999993,,-8.500000000000002,,10.0,10.0,10.0,10.0
9,"Bowman, 1995",33,BDI-I,did,individual,per_arm_count,0,0,1,0,0,10.0,23.4,23.0,9.6,10.3,10.0,20.5,12.4,7.9,11.4,-0.3999999999999986,,-8.1,,10.0,10.0,10.0,10.0
9,"Bowman, 1995",34,BDI-I,did,individual,per_arm_count,0,0,0,0,1,10.0,23.4,13.8,9.6,4.8,9.0,19.1,10.1,4.3,6.0,-9.599999999999998,,-9.000000000000002,,10.0,10.0,10.0,9.0
9,"Bowman, 1995",35,HAMD,did,individual,per_arm_count,0,0,0,0,1,10.0,18.9,9.4,3.8,4.3,9.0,20.7,9.4,4.1,4.3,-9.499999999999998,,-11.3,,10.0,10.0,10.0,9.0
9,"Bowman, 1995",36,HAMD,did,individual,per_arm_count,0,0,1,0,0,10.0,18.9,5.2,3.8,4.3,8.0,20.1,10.6,7.3,9.4,-13.7,,-9.500000000000002,,10.0,10.0,10.0,8.0
9,"Bowman, 1995",37,BDI-I,did,individual,per_arm_count,0,0,1,0,0,10.0,23.4,13.8,9.6,9.7,8.0,20.5,7.9,7.9,4.8,-9.599999999999998,,-12.6,,10.0,10.0,10.0,8.0
10,"Christensen, 2004",38,CESD,did_change,individual,per_arm_count,0,0,1,0,0,178.0,21.6,,11.1,,182.0,21.8,,10.5,,-1.0,8.4,-4.2,9.1,178.0,,182.0,
10,"Christensen, 2004",39,CESD,did_change,individual,per_arm_count,0,0,1,0,0,178.0,21.6,,11.1,,165.0,21.1,,10.4,,-1.0,8.4,-3.9,9.1,178.0,,165.0,
11,"Clarke, 2019",40,PHQ-9,did,individual,per_arm_count,0,0,1,0,0,241.0,10.86,8.24,4.11,5.54,232.0,11.3,8.68,4.03,5.63,-2.619999999999999,,-2.620000000000001,,383.0,241.0,397.0,232.0
12,"Cooper, 2011",41,BDI-II,did,individual,per_arm_count,0,0,1,0,0,12.0,23.3,22.1,5.2,9.1,9.0,21.0,14.8,4.0,7.5,-1.199999999999999,,-6.199999999999999,,12.0,12.0,12.0,9.0
12,"Cooper, 2011",42,BDI-II,did,individual,per_arm_count,0,0,1,0,0,8.0,23.3,24.4,5.2,11.4,10.0,21.0,18.3,4.0,7.9,1.099999999999998,,-2.699999999999999,,12.0,8.0,12.0,10.0
12,"Cooper, 2011",43,QoL,did,individual,per_arm_count,0,0,1,0,0,12.0,27.3,26.8,8.2,8.9,8.0,28.8,23.4,6.2,10.3,-0.5,,-5.400000000000002,,11.0,12.0,12.0,8.0
12,"Cooper, 2011",44,QoL,did,individual,per_arm_count,0,0,1,0,0,10.0,27.3,25.7,8.2,9.5,9.0,28.8,24.4,6.2,6.6,-1.600000000000001,,-4.400000000000002,,11.0,10.0,12.0,9.0
13,"Dahne, 2019a",45,BDI-II,did_change,individual,per_arm_count,0,1,0,0,0,9.0,28.33,,7.71,,22.0,32.18,,9.22,,-8.0,5.44,-13.79,12.33,9.0,,22.0,
13,"Dahne, 2019a",46,BDI-II,did_change,individual,per_arm_count,0,0,1,0,0,11.0,31.73,,12.27,,22.0,32.18,,9.22,,-8.0,5.44,-11.25,8.19,11.0,,22.0,
14,"Dahne, 2019b",47,BDI-II,did_change,individual,per_arm_count,0,1,0,0,0,9.0,32.33,,13.03,,24.0,28.08,,7.83,,-7.75,14.99,-12.21,13.15,9.0,,24.0,
14,"Dahne, 2019b",48,BDI-II,did_change,individual,per_arm_count,0,0,1,0,0,9.0,32.33,,13.03,,19.0,28.63,,11.3,,-7.75,14.99,-13.36,11.51,9.0,,19.0,
16,"Danaher, 2022",50,PHQ-9,did,individual,per_arm_count,0,0,1,0,0,95.0,10.24,7.48,5.57,5.67,96.0,10.68,5.78,4.96,4.42,-2.76,,-4.899999999999999,,95.0,95.0,96.0,96.0
17,"de Graaf, 2009",51,BDI-II,did,individual,per_arm_count,0,0,1,0,0,103.0,27.9,22.1,7.5,10.1999999999999,100.0,28.2,20.6,7.7,10.4,-5.799999999999997,,-7.599999999999998,,103.0,103.0,100.0,100.0
17,"de Graaf, 2009",52,BDI-II,did,individual,per_arm_count,0,0,1,0,0,103.0,27.9,22.1,7.5,10.1999999999999,100.0,27.4,21.7,8.2,10.1,-5.799999999999997,,-5.699999999999999,,103.0,103.0,100.0,100.0
17,"de Graaf, 2009",53,BDI-II,did,individual,per_arm_count,0,0,1,0,0,103.0,27.9,21.4,7.5,11.0,100.0,28.2,20.4,7.7,11.2,-6.5,,-7.800000000000001,,103.0,103.0,100.0,100.0
17,"de Graaf, 2009",54,BDI-II,did,individual,per_arm_count,0,0,1,0,0,103.0,27.9,21.4,7.5,11.0,100.0,27.4,19.1,8.2,10.9,-6.5,,-8.299999999999997,,103.0,103.0,100.0,100.0
17,"de Graaf, 2009",55,BDI-II,did,individual,per_arm_count,0,0,1,0,0,103.0,27.9,18.9,7.5,11.8,100.0,28.2,17.8,7.7,10.6,-9.0,,-10.4,,103.0,103.0,100.0,100.0
17,"de Graaf, 2009",56,BDI-II,did,individual,per_arm_count,0,0,1,0,0,103.0,27.9,18.9,7.5,11.8,100.0,27.4,17.5,8.2,12.2,-9.0,,-9.899999999999999,,103.0,103.0,100.0,100.0
17,"de Graaf, 2009",57,QoL,did,individual,per_arm_count,0,0,1,0,0,103.0,44.5,51.9,13.9,15.7,100.0,44.7,50.4,13.7,16.5,7.399999999999999,,5.699999999999996,,103.0,103.0,100.0,100.0
17,"de Graaf, 2009",58,QoL,did,individual,per_arm_count,0,0,1,0,0,103.0,44.5,51.9,13.9,15.7,100.0,45.1,52.8,14.3,17.5,7.399999999999999,,7.699999999999996,,103.0,103.0,100.0,100.0
18,"Deady, 2016",59,PHQ-9,did,individual,per_arm_count,0,0,1,0,0,26.0,15.95,14.53,5.38,5.72,30.0,16.58,10.64,4.58,6.51,-1.42,,-5.939999999999998,,44.0,26.0,60.0,30.0
18,"Deady, 2016",60,PHQ-9,did,individual,per_arm_count,0,0,1,0,0,18.0,15.95,11.75,5.38,6.47,27.0,16.58,10.65,4.58,7.05,-4.199999999999999,,-5.929999999999998,,44.0,18.0,60.0,27.0
18,"Deady, 2016",61,PHQ-9,did,individual,per_arm_count,0,0,1,0,0,16.0,15.95,11.14,5.38,6.78,24.0,16.58,9.05,4.58,7.1,-4.809999999999999,,-7.529999999999998,,44.0,16.0,60.0,24.0
19,"Ebert, 2018",62,QIDS,did,individual,per_arm_count,0,0,0,1,0,102.0,8.11,6.25,3.89,3.22,102.0,8.18,4.98,3.62,3.11,-1.859999999999999,,-3.199999999999999,,102.0,102.0,102.0,102.0
19,"Ebert, 2018",63,HAMD-24,did,individual,per_arm_count,0,0,0,1,0,102.0,14.62,11.59,6.81,5.86,102.0,13.72,9.6,6.21,5.6,-3.029999999999999,,-4.120000000000001,,102.0,102.0,102.0,102.0
19,"Ebert, 2018",64,CESD,did,individual,per_arm_count,0,0,0,1,0,102.0,27.73,24.06,7.5,7.85,102.0,26.67,17.79,6.5,7.03,-3.670000000000002,,-8.880000000000003,,102.0,102.0,102.0,102.0
19,"Ebert, 2018",65,CESD,did,individual,per_arm_count,0,0,0,1,0,102.0,27.73,24.29,7.5,8.9,102.0,26.67,17.32,6.5,8.33,-3.440000000000001,,-9.350000000000001,,102.0,102.0,102.0,102.0
19,"Ebert, 2018",66,QoL,did,individual,per_arm_count,0,0,0,1,0,102.0,61.91,62.8,10.01,9.7,102.0,62.18,67.27,7.68,7.4,0.8900000000000006,,5.089999999999996,,102.0,102.0,102.0,102.0
19,"Ebert, 2018",67,QoL,did,individual,per_arm_count,0,0,0,1,0,102.0,61.91,63.23,10.01,9.9,102.0,62.18,69.18,7.68,8.47,1.32,,7.000000000000007,,102.0,102.0,102.0,102.0
20,"Farrer, 2011",68,CESD,did,individual,per_arm_count,0,0,1,0,0,33.0,37.6,29.6,10.7,13.2,27.0,35.0,24.4,10.8,13.6,-8.0,,-10.6,,36.0,33.0,38.0,27.0
20,"Farrer, 2011",69,CESD,did,individual,per_arm_count,0,0,1,0,0,33.0,37.6,29.6,10.7,13.2,18.0,34.9,21.0,10.1,12.4,-8.0,,-13.9,,36.0,33.0,41.0,18.0
20,"Farrer, 2011",70,CESD,did,individual,per_arm_count,0,0,1,0,0,27.0,38.6,35.1,8.8,13.9,27.0,35.0,24.4,10.8,13.6,-3.5,,-10.6,,35.0,27.0,38.0,27.0
20,"Farrer, 2011",71,CESD,did,individual,per_arm_count,0,0,1,0,0,27.0,38.6,35.1,8.8,13.9,18.0,34.9,21.0,10.1,12.4,-3.5,,-13.9,,35.0,27.0,41.0,18.0
20,"Farrer, 2011",72,CESD,did,individual,per_arm_count,0,0,1,0,0,27.0,37.6,26.0,10.7,13.7,23.0,35.0,18.0,10.8,13.0,-11.6,,-17.0,,36.0,27.0,38.0,23.0
20,"Farrer, 2011",73,CESD,did,individual,per_arm_count,0,0,1,0,0,27.0,37.6,26.0,10.7,13.7,18.0,34.9,18.4,10.1,10.4,-11.6,,-16.5,,36.0,27.0,41.0,18.0
20,"Farrer, 2011",74,CESD,did,individual,per_arm_count,0,0,1,0,0,22.0,38.6,34.2,8.8,13.5,23.0,35.0,18.0,10.8,13.0,-4.399999999999999,,-17.0,,35.0,22.0,38.0,23.0
20,"Farrer, 2011",75,CESD,did,individual,per_arm_count,0,0,1,0,0,22.0,38.6,34.2,8.8,13.5,18.0,34.9,18.4,10.1,10.4,-4.399999999999999,,-16.5,,35.0,22.0,41.0,18.0
21,"Floyd, 2004",76,HAMD,did,individual,per_arm_count,0,0,1,0,0,14.0,16.36,16.07,5.09,6.11,13.0,17.12,10.31,5.43,6.52,-0.2899999999999991,,-6.81,,14.0,14.0,16.0,13.0
21,"Floyd, 2004",77,GDS,did,individual,per_arm_count,0,0,1,0,0,14.0,15.86,15.07,7.06,7.29,13.0,16.06,10.46,6.63,6.75,-0.7899999999999991,,-5.599999999999998,,14.0,14.0,16.0,13.0
21,"Floyd, 2004",78,HAMD,did,individual,per_arm_count,0,0,1,0,0,10.0,16.36,7.3,5.09,5.36,10.0,17.12,4.56,5.43,4.07,-9.059999999999999,,-12.56,,14.0,10.0,16.0,10.0
21,"Floyd, 2004",79,GDS,did,individual,per_arm_count,0,0,1,0,0,10.0,15.86,8.0,7.06,7.67,10.0,16.06,7.6,6.63,6.7,-7.859999999999999,,-8.459999999999999,,14.0,10.0,16.0,10.0
22,"Fonseca, 2020",80,EPDS,did,individual,per_arm_count,0,0,1,0,0,96.0,8.1,6.87,4.51,4.01999999999999,98.0,9.32,6.91,5.05,4.45,-1.23,,-2.41,,96.0,96.0,98.0,98.0
23,"Garnefski, 2011",81,HADS,did,individual,per_arm_count,0,0,1,0,0,17.0,5.59,5.76,3.0,4.29,15.0,6.0,4.67,3.13,2.52,0.1699999999999999,,-1.33,,17.0,17.0,15.0,15.0
24,"Gaudiano, 2020",82,QIDS,did,individual,per_arm_count,1,0,0,0,0,19.0,15.0,8.0,2.5,3.5,21.0,15.0,10.1999999999999,2.0,3.9,-7.0,,-4.8000000000001,,19.0,19.0,21.0,21.0
24,"Gaudiano, 2020",83,QIDS,did,individual,per_arm_count,1,0,0,0,0,19.0,15.0,7.8,2.5,4.3,21.0,15.0,9.0,2.0,4.8,-7.2,,-6.0,,19.0,19.0,21.0,21.0
24,"Gaudiano, 2020",84,QoL,did,individual,per_arm_count,1,0,0,0,0,19.0,18.3,24.4,7.4,10.0,21.0,21.0,21.2,6.5,8.0,6.099999999999998,,0.1999999999999993,,19.0,19.0,21.0,21.0
24,"Gaudiano, 2020",85,QoL,did,individual,per_arm_count,1,0,0,0,0,19.0,18.3,23.4,7.4,11.0,21.0,21.0,25.0,6.5,9.2,5.099999999999998,,4.0,,19.0,19.0,21.0,21.0
24,"Gaudiano, 2020",86,Other,rct,individual,per_arm_count,1,0,0,0,0,19.0,,22.5,,3.1,21.0,,23.5,,3.4,,,,,,19.0,,21.0
25,"Ghosh, 2021",87,PHQ-9,did_change,individual,per_arm_count,0,0,1,0,0,205.0,10.42,,3.87,,189.0,10.81,,3.44,,-1.12,4.36,-5.14,6.03,205.0,,189.0,
25,"Ghosh, 2021",88,PHQ-9,did_change,individual,per_arm_count,0,0,1,0,0,205.0,10.42,,3.87,,204.0,10.76,,3.71,,-1.12,4.36,-2.73,5.96,205.0,,204.0,
27,"Gilbody, 2021",95,PHQ-9,did,individual,per_arm_count,0,1,0,0,0,141.0,7.5,7.59,4.2,3.88,137.0,8.5,6.81,4.6,3.88,0.08999999999999986,,-1.69,,141.0,141.0,137.0,137.0
27,"Gilbody, 2021",96,PHQ-9,did,individual,per_arm_count,0,1,0,0,0,131.0,7.5,7.03,4.2,4.55,133.0,8.5,7.18,4.6,4.53,-0.4699999999999998,,-1.32,,141.0,131.0,137.0,133.0
27,"Gilbody, 2021",97,PHQ-9,rct,individual,per_arm_count,0,1,0,0,0,141.0,,7.59,,3.88,137.0,,6.81,,3.88,,,,,,141.0,,137.0
27,"Gilbody, 2021",98,PHQ-9,rct,individual,per_arm_count,0,1,0,0,0,131.0,,7.03,,4.55,133.0,,7.18,,4.53,,,,,,131.0,,133.0
27,"Gilbody, 2021",99,QoL,rct,individual,per_arm_count,0,1,0,0,0,138.0,,44.26,,8.51,131.0,,44.59,,8.53,,,,,,138.0,,131.0
27,"Gilbody, 2021",100,QoL,rct,individual,per_arm_count,0,1,0,0,0,126.0,,46.36,,9.56,125.0,,45.16,,9.53,,,,,,126.0,,125.0
29,"Glozier, 2013",103,PHQ-9,did,individual,per_arm_count,0,0,1,0,0,273.0,11.8,9.19999999999999,3.4,4.8,214.0,12.0,8.4,3.4,5.09999999999999,-2.60000000000001,,-3.6,,282.0,273.0,280.0,214.0
33,"Guertler, 2023",117,PHQ-8,did,individual,per_arm_count,0,1,0,0,0,229.0,14.1,10.5,3.8,5.2,227.0,14.0,10.9,3.8,5.3,-3.6,,-3.1,,229.0,229.0,227.0,227.0
33,"Guertler, 2023",118,PHQ-8,did,individual,per_arm_count,0,1,0,0,0,229.0,14.1,10.0,3.8,5.4,227.0,14.0,11.2,3.8,5.5,-4.1,,-2.800000000000001,,229.0,229.0,227.0,227.0
33,"Guertler, 2023",119,PHQ-8,did,individual,per_arm_count,0,1,0,0,0,229.0,14.1,10.3,3.8,5.9,227.0,14.0,10.2,3.8,5.6,-3.799999999999999,,-3.800000000000001,,229.0,229.0,227.0,227.0
34,"Guo, 2020",120,CESD,did,individual,per_arm_count,0,0,0,1,0,150.0,24.3,23.8,6.9,10.0,150.0,23.9,17.7,6.4,9.5,-0.5,,-6.199999999999999,,150.0,150.0,150.0,150.0
34,"Guo, 2020",121,CESD,did,individual,per_arm_count,0,0,0,1,0,150.0,24.3,24.0,6.9,11.2,150.0,23.9,17.6,6.4,10.0,-0.3000000000000007,,-6.299999999999997,,150.0,150.0,150.0,150.0
34,"Guo, 2020",122,CESD,did,individual,per_arm_count,0,0,0,1,0,150.0,24.3,23.4,6.9,11.2,150.0,23.9,17.8,6.4,10.6,-0.9000000000000021,,-6.099999999999998,,150.0,150.0,150.0,150.0
34,"Guo, 2020",123,PHQ-9,did,individual,per_arm_count,0,0,0,1,0,150.0,10.7,8.9,5.1,4.7,150.0,10.2,6.8,4.5,4.1,-1.799999999999999,,-3.399999999999999,,150.0,150.0,150.0,150.0
34,"Guo, 2020",124,PHQ-9,did,individual,per_arm_count,0,0,0,1,0,150.0,10.7,11.1,5.1,5.5,150.0,10.2,8.5,4.5,4.9,0.4000000000000004,,-1.699999999999999,,150.0,150.0,150.0,150.0
34,"Guo, 2020",125,PHQ-9,did,individual,per_arm_count,0,0,0,1,0,150.0,10.7,10.9,5.1,5.4,150.0,10.2,9.1,4.5,5.1,0.2000000000000011,,-1.1,,150.0,150.0,150.0,150.0
34,"Guo, 2020",126,QoL,did,individual,per_arm_count,0,0,0,1,0,150.0,76.6,77.0,9.4,11.3,150.0,77.4,82.6,9.0,12.0,0.4000000000000057,,5.199999999999989,,150.0,150.0,150.0,150.0
34,"Guo, 2020",127,QoL,did,individual,per_arm_count,0,0,0,1,0,150.0,76.6,76.3,9.4,12.7,150.0,77.4,83.7,9.0,12.8,-0.2999999999999972,,6.299999999999997,,150.0,150.0,150.0,150.0
34,"Guo, 2020",128,QoL,did,individual,per_arm_count,0,0,0,1,0,150.0,76.6,76.7,9.4,13.1,150.0,77.4,83.3,9.0,13.0,0.1000000000000085,,5.899999999999991,,150.0,150.0,150.0,150.0
36,"Harrer, 2021",133,CESD,did,individual,per_arm_count,0,0,0,1,0,100.0,25.05,21.91,7.85,10.3,100.0,23.6,18.18,8.17,10.09,-3.140000000000001,,-5.420000000000002,,100.0,100.0,100.0,100.0
37,"He, 2022",134,PHQ-9,did,individual,per_arm_count,0,0,1,0,0,50.0,10.76,10.1,3.86,1.92,49.0,10.1,7.58,3.18,2.01,-0.6600000000000001,,-2.52,,50.0,50.0,49.0,49.0
37,"He, 2022",135,PHQ-9,did,individual,per_arm_count,0,0,0,1,0,50.0,10.76,10.1,3.86,1.92,49.0,9.18,8.62,3.94,1.97,-0.6600000000000001,,-0.5600000000000005,,50.0,50.0,49.0,49.0
37,"He, 2022",136,PHQ-9,did,individual,per_arm_count,0,0,1,0,0,49.0,10.76,9.39,3.86,1.92,49.0,10.1,7.82,3.18,2.25,-1.369999999999999,,-2.279999999999999,,50.0,49.0,49.0,49.0
37,"He, 2022",137,PHQ-9,did,individual,per_arm_count,0,0,0,1,0,50.0,10.76,9.39,3.86,1.92,49.0,9.18,9.01,3.94,1.98,-1.369999999999999,,-0.1699999999999999,,50.0,50.0,49.0,49.0
38,"Hobfoll, 2016",138,CESD,did,individual,per_arm_count,0,0,1,0,0,94.0,12.36,12.4,5.43,5.43,209.0,12.45,11.13,5.35,5.93,0.04000000000000092,,-1.319999999999999,,94.0,94.0,209.0,209.0
38,"Hobfoll, 2016",139,CESD,did,individual,per_arm_count,0,0,1,0,0,94.0,12.36,12.82,5.43,5.43,209.0,12.45,9.95,5.35,5.78,0.4600000000000009,,-2.5,,94.0,94.0,209.0,209.0
39,"Hur, 2018",140,BDI-II,did,individual,per_arm_count,0,0,1,0,0,17.0,25.59,16.0,7.93,10.32,17.0,22.65,10.0,7.94,7.09,-9.59,,-12.65,,24.0,17.0,24.0,17.0
40,"Jamison, 1995",141,HAMD,did,individual,per_arm_count,0,0,1,0,0,39.0,19.6,19.0,3.7,4.5,33.0,20.2,9.6,4.4,5.5,-0.6000000000000014,,-10.6,,39.0,39.0,33.0,33.0
40,"Jamison, 1995",142,BDI-I,did,individual,per_arm_count,0,0,1,0,0,39.0,20.9,19.5,5.7,8.2,33.0,21.9,9.2,6.6,7.1,-1.399999999999999,,-12.7,,39.0,39.0,33.0,33.0
40,"Jamison, 1995",143,HAMD,did,individual,per_arm_count,0,0,1,0,0,34.0,19.6,10.0,3.7,5.6,31.0,20.2,9.2,4.4,5.7,-9.600000000000001,,-11.0,,39.0,34.0,33.0,31.0
40,"Jamison, 1995",144,BDI-I,did,individual,per_arm_count,0,0,1,0,0,34.0,20.9,11.1,5.7,7.9,31.0,21.9,7.7,6.6,7.2,-9.799999999999999,,-14.2,,39.0,34.0,33.0,31.0
41,"Jannati, 2020",145,EPDS,did,individual,per_arm_count,0,0,1,0,0,39.0,17.39,15.05,2.2,2.9,39.0,17.42,8.18,2.8,1.5,-2.34,,-9.240000000000002,,39.0,39.0,39.0,39.0
42,"Jelinek, 2020",146,PHQ-9,did,individual,per_arm_count,0,1,0,0,0,27.0,12.5,11.37,5.04,6.15,29.0,10.46,9.73,4.32,5.46,-1.130000000000001,,-0.7300000000000004,,32.0,27.0,37.0,29.0
42,"Jelinek, 2020",147,PHQ-9,did,individual,per_arm_count,0,1,0,0,0,32.0,11.0,9.9,4.27,3.14,29.0,10.46,9.73,4.32,5.46,-1.1,,-0.7300000000000004,,35.0,32.0,37.0,29.0
42,"Jelinek, 2020",148,PHQ-9,did,individual,per_arm_count,0,1,0,0,0,21.0,12.5,11.57,5.04,5.27,27.0,10.46,8.7,4.32,5.72,-0.9299999999999997,,-1.760000000000002,,32.0,21.0,37.0,27.0
42,"Jelinek, 2020",149,PHQ-9,did,individual,per_arm_count,0,1,0,0,0,31.0,11.0,9.26,4.27,4.14,27.0,10.46,8.7,4.32,5.72,-1.74,,-1.760000000000002,,35.0,31.0,37.0,27.0
42,"Jelinek, 2020",150,QoL,did,individual,per_arm_count,0,1,0,0,0,27.0,2.91,3.04,0.86,0.71,29.0,3.08,3.28,0.68,0.88,0.1299999999999999,,0.1999999999999997,,32.0,27.0,37.0,29.0
42,"Jelinek, 2020",151,QoL,did,individual,per_arm_count,0,1,0,0,0,32.0,2.94,3.12,0.73,0.66,29.0,3.08,3.28,0.68,0.88,0.1800000000000002,,0.1999999999999997,,35.0,32.0,37.0,29.0
42,"Jelinek, 2020",152,QoL,did,individual,per_arm_count,0,1,0,0,0,21.0,2.91,3.05,0.86,0.74,27.0,3.08,3.11,0.68,1.01,0.1399999999999997,,0.0299999999999998,,32.0,21.0,37.0,27.0
42,"Jelinek, 2020",153,QoL,did,individual,per_arm_count,0,1,0,0,0,31.0,2.94,2.94,0.73,0.77,27.0,3.08,3.11,0.68,1.01,0.0,,0.0299999999999998,,35.0,31.0,37.0,27.0
43,"Krämer, 2022",154,BDI-II,did,individual,per_arm_count,0,0,1,0,0,100.0,30.88,30.26,10.74,6.97,150.0,30.54,18.49,8.53,8.88,-0.6199999999999974,,-12.05,,100.0,100.0,150.0,150.0
43,"Krämer, 2022",155,QIDS,did,individual,per_arm_count,0,0,1,0,0,100.0,18.55,17.88,6.04,4.06,150.0,19.36,7.99,5.44,4.31,-0.6700000000000017,,-11.37,,100.0,100.0,150.0,150.0
43,"Krämer, 2022",156,HAMD,did,individual,per_arm_count,0,0,1,0,0,100.0,22.64,21.13,6.76,8.2,150.0,23.22,14.75,6.75,5.88,-1.510000000000002,,-8.469999999999999,,100.0,100.0,150.0,150.0
43,"Krämer, 2022",157,BDI-II,did,individual,per_arm_count,0,0,1,0,0,29.0,30.88,38.28,10.74,9.88,62.0,30.54,16.29,8.53,6.47,7.400000000000002,,-14.25,,100.0,29.0,150.0,62.0
43,"Krämer, 2022",158,QIDS,did,individual,per_arm_count,0,0,1,0,0,29.0,18.55,18.76,6.04,5.14,62.0,19.36,8.85,5.44,5.23,0.2100000000000009,,-10.51,,100.0,29.0,150.0,62.0
43,"Krämer, 2022",159,HAMD,did,individual,per_arm_count,0,0,1,0,0,7.0,22.64,26.29,6.76,4.15,6.0,23.22,9.83,6.75,5.19,3.649999999999999,,-13.39,,100.0,7.0,150.0,6.0
44,"Lambert, 2018",160,PHQ-8,did,individual,per_arm_count,0,1,0,0,0,25.0,14.8,12.9,2.9,4.2,25.0,14.4,8.7,3.4,4.8,-1.9,,-5.700000000000001,,30.0,25.0,32.0,25.0
46,"Levin, 2011",161,CESD,did,individual,per_arm_count,0,0,1,0,0,91.0,35.5,31.5,10.7,12.0,99.0,31.8,26.3,10.0,11.4,-4.0,,-5.5,,91.0,91.0,100.0,99.0
46,"Levin, 2011",162,CESD,did,individual,per_arm_count,0,0,1,0,0,87.0,35.5,28.2,10.7,13.5,84.0,31.8,24.4,10.0,13.1,-7.300000000000001,,-7.400000000000002,,91.0,87.0,100.0,84.0
46,"Levin, 2011",163,Other,did,individual,per_arm_count,0,0,1,0,0,91.0,5.6,4.4,2.8,2.9,99.0,4.6,3.1,3.1,2.8,-1.199999999999999,,-1.5,,91.0,91.0,100.0,99.0
47,"Lin, 2023",165,PHQ-9,did,individual,per_arm_count,0,0,1,0,0,43.0,12.66,10.88,5.07,5.8,37.0,13.1,6.68,5.96,5.55,-1.779999999999999,,-6.42,,44.0,43.0,40.0,37.0
48,"Lintvedt, 2013",166,CESD,did,individual,per_arm_count,0,0,1,0,0,82.0,19.5,22.4,10.0,12.1,81.0,22.1,18.0,10.0,16.0,2.899999999999999,,-4.100000000000001,,82.0,82.0,81.0,81.0
49,"Liu, 2009",167,BDI-II,did,individual,per_arm_count,0,0,1,0,0,25.0,23.4,20.9,7.6,8.6,27.0,27.7,18.2,9.1,9.5,-2.5,,-9.5,,25.0,25.0,27.0,27.0
50,"Lobner, 2018",168,BDI-II,did,individual,per_arm_count,0,0,1,0,0,296.0,20.4,19.1,11.99,12.29,246.0,23.6,18.2,10.95,9.6,-1.299999999999997,,-5.400000000000002,,327.0,296.0,320.0,246.0
50,"Lobner, 2018",169,BDI-II,did,individual,per_arm_count,0,0,1,0,0,269.0,20.4,17.0,11.99,19.25,210.0,23.6,14.2,10.95,11.09,-3.399999999999999,,-9.400000000000002,,327.0,269.0,320.0,210.0
50,"Lobner, 2018",170,PHQ-9,did,individual,per_arm_count,0,0,1,0,0,296.0,10.7,9.5,7.38,7.02,255.0,12.6,9.5,7.3,4.88999999999999,-1.199999999999999,,-3.1,,327.0,296.0,320.0,255.0
50,"Lobner, 2018",171,PHQ-9,did,individual,per_arm_count,0,0,1,0,0,268.0,10.7,8.6,7.38,8.35,216.0,12.6,7.6,7.3,6.0,-2.1,,-5.0,,327.0,268.0,320.0,216.0
50,"Lobner, 2018",172,QoL,did,individual,per_arm_count,0,0,1,0,0,302.0,74.3,74.5,11.07,31.03,253.0,74.3,79.3,12.78,13.8,0.2000000000000028,,5.0,,327.0,302.0,320.0,253.0
50,"Lobner, 2018",173,QoL,did,individual,per_arm_count,0,0,1,0,0,286.0,74.3,76.6,11.07,37.96,217.0,74.3,82.4,12.78,16.53,2.299999999999997,,8.100000000000009,,327.0,286.0,320.0,217.0
51,"Lokman, 2017",176,IDS,did,individual,per_arm_count,0,0,1,0,0,164.0,24.91,24.04,8.32,8.84,165.0,25.69,20.35,8.22,10.15,-0.870000000000001,,-5.34,,164.0,164.0,165.0,165.0
51,"Lokman, 2017",177,QoL,did,individual,per_arm_count,0,0,1,0,0,164.0,43.25,44.01,7.81,8.2,165.0,42.84,46.17,7.71,9.38,0.759999999999998,,3.329999999999998,,164.0,164.0,165.0,165.0
52,"Lukas, 2021",179,PHQ-9,did,individual,per_arm_count,0,0,0,1,0,37.0,14.87,13.48,4.43,4.69,40.0,11.65,8.11,5.27,4.07,-1.389999999999999,,-3.540000000000001,,37.0,37.0,40.0,40.0
52,"Lukas, 2021",180,PHQ-9,did,individual,per_arm_count,0,0,0,1,0,37.0,14.87,13.79,4.43,4.85,40.0,11.65,9.55,5.27,4.64,-1.08,,-2.1,,37.0,37.0,40.0,40.0
52,"Lukas, 2021",181,QoL,did,individual,per_arm_count,0,0,0,1,0,37.0,7.67,7.75,3.09,3.37,40.0,7.77,10.76,4.5,4.25,0.08000000000000007,,2.99,,37.0,37.0,40.0,40.0
52,"Lukas, 2021",182,QoL,did,individual,per_arm_count,0,0,0,1,0,37.0,7.67,7.91,3.09,3.57,40.0,7.77,10.57,4.5,4.09,0.2400000000000002,,2.800000000000001,,37.0,37.0,40.0,40.0
54,"Meyer, 2015",183,PHQ-9,did,individual,per_arm_count,0,0,1,0,0,85.0,17.2,13.64,3.86,6.14,78.0,16.62,10.08,3.44,6.37,-3.559999999999999,,-6.540000000000001,,85.0,85.0,78.0,78.0
54,"Meyer, 2015",184,PHQ-9,did,individual,per_arm_count,0,0,1,0,0,85.0,17.2,13.39,3.86,6.59,78.0,16.62,11.28,3.44,6.04,-3.809999999999999,,-5.340000000000002,,85.0,85.0,78.0,78.0
54,"Meyer, 2015",185,QoL,did,individual,per_arm_count,0,0,1,0,0,85.0,24.65,30.62,7.31,11.61,78.0,25.93,33.7,6.95,11.24,5.970000000000002,,7.770000000000003,,85.0,85.0,78.0,78.0
54,"Meyer, 2015",186,QoL,did,individual,per_arm_count,0,0,1,0,0,85.0,24.65,32.89,7.31,11.82,78.0,25.93,34.58,6.95,11.74,8.240000000000002,,8.649999999999999,,85.0,85.0,78.0,78.0
55,"Meyer, 2019",188,PHQ-9,did,individual,per_arm_count,0,0,1,0,0,100.0,15.27,12.73,3.35,4.19,100.0,14.74,10.42,3.0,4.38,-2.539999999999999,,-4.32,,100.0,100.0,100.0,100.0
55,"Meyer, 2019",189,NDDIE,did,individual,per_arm_count,0,0,1,0,0,100.0,17.3,16.02,2.84,3.15,100.0,17.01,14.35,3.03,3.4,-1.280000000000001,,-2.660000000000002,,100.0,100.0,100.0,100.0
55,"Meyer, 2019",190,QoL,did,individual,per_arm_count,0,0,1,0,0,100.0,30.11,30.91,5.24,5.05,100.0,30.44,32.5,5.93,5.12,0.8000000000000007,,2.059999999999999,,100.0,100.0,100.0,100.0
56,"Milgrom, 2016",191,BDI-II,did,individual,per_arm_count,0,0,1,0,0,22.0,26.3,23.0,8.6,7.5,21.0,25.3,14.5,6.4,12.2,-3.300000000000001,,-10.8,,22.0,22.0,21.0,21.0
57,"Milgrom, 2021",192,BDI-II,did,individual,per_arm_count,0,0,1,0,0,38.0,29.97,18.85,8.76,10.16,39.0,28.1,11.63,7.91,8.96,-11.12,,-16.47,,38.0,38.0,39.0,39.0
57,"Milgrom, 2021",193,BDI-II,did,individual,per_arm_count,0,0,1,0,0,38.0,29.97,17.41,8.76,11.51,39.0,28.1,8.7,7.91,6.92,-12.56,,-19.4,,38.0,38.0,39.0,39.0
58,"Mohr, 2013",194,PHQ-9,did,individual,per_arm_count,0,0,1,0,0,33.0,15.36,12.51,4.77,4.94,35.0,15.51,10.41,4.79,5.5,-2.85,,-5.1,,33.0,33.0,35.0,35.0
58,"Mohr, 2013",195,PHQ-9,did,individual,per_arm_count,0,0,1,0,0,33.0,15.36,12.51,4.77,4.94,34.0,15.71,9.84,4.78,5.25,-2.85,,-5.870000000000001,,33.0,33.0,34.0,34.0
59,"Moldovan, 2013",196,BDI-II,did,individual,per_arm_count,0,0,1,0,0,22.0,12.7,12.0,2.3,7.9,21.0,11.7,7.7,2.2,4.8,-0.6999999999999993,,-3.999999999999999,,24.0,22.0,24.0,21.0
59,"Moldovan, 2013",197,BDI-II,did,individual,per_arm_count,0,0,1,0,0,20.0,11.3,11.0,1.9,6.1,21.0,11.7,7.7,2.2,4.8,-0.3000000000000007,,-3.999999999999999,,24.0,20.0,24.0,21.0
59,"Moldovan, 2013",198,BDI-II,did,individual,per_arm_count,0,0,1,0,0,21.0,11.7,7.1,1.6,5.3,21.0,11.7,7.7,2.2,4.8,-4.6,,-3.999999999999999,,24.0,21.0,24.0,21.0
60,"Montero-Marin, 2016",199,BDI-II,did,individual,per_arm_count,0,0,1,0,0,67.0,21.76,17.91,5.39,11.06,57.0,22.59,16.59,4.78,10.6,-3.850000000000001,,-6.0,,67.0,67.0,57.0,57.0
60,"Montero-Marin, 2016",200,BDI-II,did,individual,per_arm_count,0,0,1,0,0,67.0,21.76,18.12,5.39,12.15,57.0,22.59,14.27,4.78,10.0,-3.640000000000001,,-8.32,,67.0,67.0,57.0,57.0
60,"Montero-Marin, 2016",201,BDI-II,did,individual,per_arm_count,0,0,1,0,0,67.0,21.76,16.72,5.39,10.97,57.0,22.59,11.53,4.78,10.72,-5.040000000000003,,-11.06,,67.0,67.0,57.0,57.0
60,"Montero-Marin, 2016",202,QoL,did,individual,per_arm_count,0,0,1,0,0,64.0,29.13,35.41,11.18,12.19,55.0,28.59,34.72,8.9,12.46,6.279999999999998,,6.129999999999999,,64.0,64.0,55.0,55.0
60,"Montero-Marin, 2016",203,QoL,did,individual,per_arm_count,0,0,1,0,0,64.0,29.13,36.05,11.18,12.38,55.0,29.13,42.35,11.18,11.03,6.919999999999998,,13.22,,64.0,64.0,55.0,55.0
60,"Montero-Marin, 2016",204,QoL,did,individual,per_arm_count,0,0,1,0,0,64.0,29.13,36.35,11.18,12.12,55.0,29.13,43.44,11.18,11.66,7.220000000000002,,14.31,,64.0,64.0,55.0,55.0
61,"Morgan, 2012",205,PHQ-9,did,individual,per_arm_count,0,0,0,1,0,293.0,10.6,8.3,2.0,5.0,276.0,10.6,7.5,2.0,4.7,-2.299999999999999,,-3.1,,661.0,293.0,665.0,276.0
62,"Naeem, 2013",206,HADS,did,individual,per_arm_count,0,0,1,0,0,89.0,13.3,10.4,2.7,3.9,94.0,13.0,6.2,3.4,3.6,-2.9,,-6.8,,89.0,89.0,94.0,94.0
63,"Naylor, 2010",207,BDI-FS,did,individual,per_arm_count,0,0,1,0,0,18.0,7.53,4.9,4.0,5.3,15.0,8.3,4.4,3.7,5.3,-2.63,,-3.9,,19.0,18.0,19.0,15.0
63,"Naylor, 2010",208,BDI-FS,did,,,0,0,1,0,0,17.0,7.53,3.9,4.0,4.4,14.0,8.3,3.3,3.7,3.9,-3.63,,-5.000000000000001,,19.0,17.0,19.0,14.0
63,"Naylor, 2010",209,BDI-FS,did,,,0,0,1,0,0,16.0,7.53,4.8,4.0,5.2,11.0,8.3,3.0,3.7,3.5,-2.73,,-5.300000000000001,,19.0,16.0,19.0,11.0
63,"Naylor, 2010",210,QoL,did,individual,per_arm_count,0,0,1,0,0,18.0,46.1,54.7,15.9,19.6,15.0,46.6,58.5,18.0,24.7,8.600000000000001,,11.9,,19.0,18.0,19.0,15.0
63,"Naylor, 2010",211,QoL,did,,,0,0,1,0,0,17.0,46.1,58.1,15.9,16.8,14.0,46.6,59.9,18.0,20.8,12.0,,13.3,,19.0,17.0,19.0,14.0
63,"Naylor, 2010",212,QoL,did,,,0,0,1,0,0,16.0,46.1,56.6,15.9,21.9,11.0,46.6,59.8,18.0,21.5,10.5,,13.2,,19.0,16.0,19.0,11.0
64,"O'Mahen, 2013",213,EPDS,did,individual,per_arm_count,0,1,0,0,0,162.0,19.44,14.28,3.8,6.63,181.0,19.46,10.94,3.81,5.57,-5.160000000000002,,-8.520000000000001,,138.0,162.0,172.0,181.0
65,"O'Moore, 2018",214,PHQ-9,did,individual,per_arm_count,0,0,1,0,0,25.0,12.75,12.46,4.8,4.7,44.0,13.95,7.65,4.78,4.73,-0.2899999999999991,,-6.299999999999999,,25.0,25.0,44.0,44.0
65,"O'Moore, 2018",215,PHQ-9,did,individual,per_arm_count,0,0,1,0,0,25.0,12.75,10.48,4.8,4.75,44.0,13.95,6.19,4.78,4.68,-2.27,,-7.759999999999999,,25.0,25.0,44.0,44.0
65,"O'Moore, 2018",216,QoL,did,individual,per_arm_count,0,0,1,0,0,25.0,35.66,36.53,9.8,10.05,44.0,33.49,43.67,9.75,10.02,0.8700000000000045,,10.18,,25.0,25.0,44.0,44.0
65,"O'Moore, 2018",217,QoL,did,individual,per_arm_count,0,0,1,0,0,25.0,35.66,36.62,9.8,10.95,44.0,33.49,45.98,9.75,11.14,0.9600000000000009,,12.48999999999999,,25.0,25.0,44.0,44.0
66,"Pardini, 2014 (study 1)",218,BDI,did,individual,per_arm_count,0,0,1,0,0,10.0,29.76,23.9,11.31,14.06,13.0,33.4,14.53,11.63,11.03,-5.860000000000003,,-18.87,,17.0,10.0,20.0,13.0
66,"Pardini, 2014 (study 1)",219,BDI,did,individual,per_arm_count,0,0,1,0,0,7.0,29.76,17.29,11.31,11.18,9.0,33.4,14.0,11.63,10.5,-12.47,,-19.4,,17.0,7.0,20.0,9.0
67,"Pardini, 2014 (study 2)",220,BDI-II,did,individual,per_arm_count,0,0,1,0,0,23.0,27.26,19.22,10.09,10.08,19.0,27.84,13.0,11.7,10.31,-8.040000000000003,,-14.84,,23.0,23.0,19.0,19.0
67,"Pardini, 2014 (study 2)",221,BSI-D,did,individual,per_arm_count,0,0,1,0,0,23.0,1.91,1.2,0.84,0.69,19.0,1.61,0.83,1.0,0.91,-0.71,,-0.7800000000000001,,23.0,23.0,19.0,19.0
67,"Pardini, 2014 (study 2)",222,HAMD,did,individual,per_arm_count,0,0,1,0,0,23.0,15.61,12.96,6.23,6.77,19.0,16.53,7.26,5.05,7.59,-2.649999999999999,,-9.270000000000001,,23.0,23.0,19.0,19.0
67,"Pardini, 2014 (study 2)",223,BDI-II,did,individual,per_arm_count,0,0,1,0,0,19.0,27.26,12.26,10.09,6.01,16.0,27.84,8.75,11.7,9.85,-15.0,,-19.09,,23.0,19.0,19.0,16.0
67,"Pardini, 2014 (study 2)",224,BSI-D,did,individual,per_arm_count,0,0,1,0,0,19.0,1.91,0.9,0.84,0.73,16.0,1.61,0.46,1.0,0.74,-1.01,,-1.15,,23.0,19.0,19.0,16.0
67,"Pardini, 2014 (study 2)",225,HAMD,did,individual,per_arm_count,0,0,1,0,0,19.0,15.61,7.53,6.23,4.71,16.0,16.53,5.38,5.05,5.46,-8.079999999999998,,-11.15,,23.0,19.0,19.0,16.0
68,"Phillips, 2014",226,PHQ-9,did,individual,per_arm_count,0,0,1,0,0,176.0,14.6,10.1999999999999,5.6,6.0,164.0,14.6,9.9,5.4,6.1,-4.4000000000001,,-4.699999999999999,,318.0,176.0,311.0,164.0
68,"Phillips, 2014",227,PHQ-9,did,individual,per_arm_count,0,0,1,0,0,122.0,14.6,10.3,5.6,6.9,97.0,14.6,9.3,5.4,6.9,-4.299999999999999,,-5.299999999999999,,318.0,122.0,311.0,97.0
69,"Roepke, 2015",228,CESD,did,individual,per_arm_count,0,0,1,0,0,36.0,32.62,27.36,10.15,10.63,20.0,34.48,23.55,9.24,13.73,-5.259999999999998,,-10.93,,93.0,36.0,93.0,20.0
69,"Roepke, 2015",229,CESD,did,individual,per_arm_count,1,0,0,0,0,36.0,32.62,27.36,10.15,10.63,18.0,33.07,19.0599999999999,8.81,10.3,-5.259999999999998,,-14.0100000000001,,93.0,36.0,97.0,18.0
69,"Roepke, 2015",230,CESD,did,individual,per_arm_count,0,0,1,0,0,29.0,32.62,25.14,10.15,15.14,11.0,34.48,18.73,9.24,13.19,-7.479999999999997,,-15.75,,93.0,29.0,93.0,11.0
69,"Roepke, 2015",231,CESD,did,individual,per_arm_count,1,0,0,0,0,29.0,32.62,25.14,10.15,15.14,12.0,33.07,16.83,8.81,9.63,-7.479999999999997,,-16.24,,93.0,29.0,97.0,12.0
70,"Rohde, 2014",232,Other,did,individual,per_arm_count,0,0,1,0,0,29.0,1.43,1.4,0.35,0.33,21.0,1.51,1.36,0.41,0.31,-0.03000000000000003,,-0.1499999999999999,,33.0,29.0,22.0,21.0
70,"Rohde, 2014",233,Other,did,individual,per_arm_count,0,0,1,0,0,26.0,1.43,1.27,0.35,0.37,18.0,1.51,1.3,0.41,0.36,-0.1599999999999999,,-0.21,,33.0,26.0,22.0,18.0
70,"Rohde, 2014",234,Other,did,individual,per_arm_count,0,0,1,0,0,29.0,1.43,1.18,0.35,0.3,18.0,1.51,1.16,0.41,0.35,-0.25,,-0.3500000000000001,,33.0,29.0,22.0,18.0
71,"Rosso, 2017",235,HAMD,did,individual,per_arm_count,0,0,1,0,0,40.0,15.7,14.05,4.26,5.34,37.0,15.73,9.17,4.02,6.92,-1.649999999999999,,-6.56,,40.0,40.0,37.0,37.0
71,"Rosso, 2017",236,PHQ-9,did,individual,per_arm_count,0,0,1,0,0,40.0,15.58,11.88,3.97,5.21,37.0,13.92,7.7,3.89,5.39,-3.699999999999999,,-6.22,,40.0,40.0,37.0,37.0
71,"Rosso, 2017",237,K10,did,individual,per_arm_count,0,0,1,0,0,40.0,30.75,26.73,4.55,6.55,37.0,28.89,20.14,5.42,7.37,-4.02,,-8.75,,40.0,40.0,37.0,37.0
72,"Ruehlman, 2021",238,PHQ-8,did,individual,per_arm_count,0,0,1,0,0,24.0,15.21,13.24,4.08,5.39,28.0,15.36,9.01,4.41,5.4,-1.970000000000001,,-6.35,,24.0,24.0,28.0,28.0
73,"Salkovskis, 2006",239,BDI,did,individual,per_arm_count,0,0,0,1,0,46.0,27.1,14.9,10.5,11.0,50.0,27.5,15.1,9.8,10.9,-12.2,,-12.4,,46.0,46.0,50.0,50.0
73,"Salkovskis, 2006",240,BDI,did,individual,per_arm_count,0,0,0,1,0,46.0,27.1,14.3,10.5,12.5,50.0,27.5,12.6,9.8,9.6,-12.8,,-14.9,,46.0,46.0,50.0,50.0
74,"Sandoval, 2017",241,BDI-II,did,individual,per_arm_count,0,0,0,0,1,20.0,21.8,23.2,4.2,5.2,25.0,21.9,14.5,4.2,3.7,1.399999999999999,,-7.399999999999999,,20.0,20.0,25.0,25.0
74,"Sandoval, 2017",242,HSCL,did,individual,per_arm_count,0,0,0,0,1,20.0,1.5,1.6,0.5,0.4,25.0,1.5,1.2,0.5,0.4,0.1000000000000001,,-0.3,,20.0,20.0,25.0,25.0
75,"Schmidt, 1983",243,BDI-I,did,individual,per_arm_count,0,0,1,0,0,10.0,26.0,21.7,7.2,9.0,12.0,23.8,8.5,8.0,5.8,-4.300000000000001,,-15.3,,10.0,10.0,12.0,12.0
75,"Schmidt, 1983",244,DACL,did,individual,per_arm_count,0,0,1,0,0,10.0,17.8,17.7,7.6,8.7,12.0,16.9,7.9,8.4,5.3,-0.1000000000000014,,-8.999999999999998,,10.0,10.0,12.0,12.0
75,"Schmidt, 1983",245,SDS,did,individual,per_arm_count,0,0,1,0,0,10.0,62.5,64.7,9.8,12.7,12.0,62.3,47.9,7.8,11.9,2.200000000000003,,-14.4,,10.0,10.0,12.0,12.0
75,"Schmidt, 1983",246,POMS-D,did,individual,per_arm_count,0,0,1,0,0,10.0,31.6,30.2,12.7,19.4,12.0,29.4,10.0,12.0,9.7,-1.400000000000002,,-19.4,,10.0,10.0,12.0,12.0
75,"Schmidt, 1983",247,MMPI-D,did,individual,per_arm_count,0,0,1,0,0,10.0,35.3,34.6,7.4,7.1,12.0,33.9,25.1,6.8,7.4,-0.6999999999999957,,-8.799999999999997,,10.0,10.0,12.0,12.0
75,"Schmidt, 1983",248,BDI-I,did,individual,per_arm_count,0,0,1,0,0,9.0,26.0,13.2,7.2,10.3,11.0,23.8,9.3,8.0,7.9,-12.8,,-14.5,,10.0,9.0,12.0,11.0
75,"Schmidt, 1983",249,DACL,did,individual,per_arm_count,0,0,1,0,0,9.0,17.8,8.1,7.6,5.2,11.0,16.9,9.4,8.4,8.1,-9.700000000000001,,-7.499999999999998,,10.0,9.0,12.0,11.0
75,"Schmidt, 1983",250,SDS,did,individual,per_arm_count,0,0,1,0,0,9.0,62.5,50.8,9.8,13.3,11.0,62.3,47.3,7.8,13.5,-11.7,,-15.0,,10.0,9.0,12.0,11.0
75,"Schmidt, 1983",251,POMS-D,did,individual,per_arm_count,0,0,1,0,0,9.0,31.6,14.1,12.7,16.7,11.0,29.4,10.9,12.0,12.6,-17.5,,-18.5,,10.0,9.0,12.0,11.0
75,"Schmidt, 1983",252,MMPI-D,did,individual,per_arm_count,0,0,1,0,0,9.0,35.3,29.7,7.4,8.8,11.0,33.9,24.7,6.8,8.0,-5.599999999999998,,-9.2,,10.0,9.0,12.0,11.0
76,"Schure, 2019",253,PHQ-9,did,individual,per_arm_count,0,0,1,0,0,162.0,13.4,9.845,5.0,4.67,181.0,13.7,7.24,5.0,5.18,-3.555,,-6.459999999999999,,162.0,162.0,181.0,181.0
77,"Scogin, 1989",254,HAMD,did,individual,per_arm_count,0,0,1,0,0,21.0,16.4,15.9,5.2,6.9,21.0,16.3,7.5,3.7,3.6,-0.4999999999999982,,-8.8,,21.0,21.0,21.0,21.0
77,"Scogin, 1989",255,HAMD,did,individual,per_arm_count,0,0,1,0,0,21.0,16.4,15.9,5.2,6.9,20.0,17.8,9.7,4.8,5.7,-0.4999999999999982,,-8.100000000000001,,21.0,21.0,19.0,20.0
77,"Scogin, 1989",256,GDS,did,individual,per_arm_count,0,0,1,0,0,21.0,12.9,12.4,6.2,6.0,21.0,14.7,9.1,6.2,4.7,-0.5,,-5.6,,21.0,21.0,21.0,21.0
77,"Scogin, 1989",257,GDS,did,individual,per_arm_count,0,0,1,0,0,21.0,12.9,12.4,6.2,6.0,20.0,16.8,14.1,6.4,6.3,-0.5,,-2.700000000000001,,21.0,21.0,19.0,20.0
77,"Scogin, 1989",258,HAMD,did,individual,per_arm_count,0,0,1,0,0,16.0,16.4,7.2,5.2,3.4,16.0,16.3,8.9,3.7,6.0,-9.2,,-7.4,,21.0,16.0,21.0,16.0
77,"Scogin, 1989",259,HAMD,did,individual,per_arm_count,0,0,1,0,0,16.0,16.4,7.2,5.2,3.4,17.0,17.8,9.1,4.8,6.3,-9.2,,-8.700000000000001,,21.0,16.0,19.0,17.0
77,"Scogin, 1989",260,GDS,did,individual,per_arm_count,0,0,1,0,0,16.0,12.9,9.1,6.2,5.5,16.0,14.7,7.9,6.2,4.8,-3.800000000000001,,-6.799999999999999,,21.0,16.0,21.0,16.0
77,"Scogin, 1989",261,GDS,did,individual,per_arm_count,0,0,1,0,0,16.0,12.9,9.1,6.2,5.5,17.0,16.8,11.6,6.4,7.8,-3.800000000000001,,-5.200000000000001,,21.0,16.0,19.0,17.0
78,"Selmi, 1990",262,HAMD,did,individual,per_arm_count,0,0,1,0,0,12.0,15.57,13.83,5.0,4.74,12.0,14.33,5.83,4.01,2.62,-1.74,,-8.5,,12.0,12.0,12.0,12.0
78,"Selmi, 1990",263,BDI-I,did,individual,per_arm_count,0,0,1,0,0,12.0,22.92,18.5,5.02,9.32,12.0,21.42,10.33,3.96,5.18,-4.420000000000002,,-11.09,,12.0,12.0,12.0,12.0
78,"Selmi, 1990",264,SCL,did,individual,per_arm_count,0,0,1,0,0,12.0,1.98,1.65,0.55,0.76,12.0,1.76,1.11,0.61,0.72,-0.3300000000000001,,-0.6499999999999999,,12.0,12.0,12.0,12.0
78,"Selmi, 1990",265,HAMD,did,individual,per_arm_count,0,0,1,0,0,12.0,15.57,14.5,5.0,6.76,12.0,14.33,4.92,4.01,2.31,-1.07,,-9.41,,12.0,12.0,12.0,12.0
78,"Selmi, 1990",266,BDI-I,did,individual,per_arm_count,0,0,1,0,0,12.0,22.92,20.67,5.02,9.89,12.0,21.42,6.17,3.96,5.57,-2.25,,-15.25,,12.0,12.0,12.0,12.0
78,"Selmi, 1990",267,SCL,did,individual,per_arm_count,0,0,1,0,0,12.0,1.98,1.92,0.55,0.98,12.0,1.76,0.73,0.61,0.57,-0.06000000000000005,,-1.03,,12.0,12.0,12.0,12.0
79,"Seo, 2022",268,EPDS,did,individual,per_arm_count,0,0,1,0,0,36.0,15.03,13.03,5.35,6.19,37.0,13.95,10.7,4.56,4.64,-2.0,,-3.25,,36.0,36.0,37.0,37.0
79,"Seo, 2022",269,EPDS,did,individual,per_arm_count,0,0,1,0,0,36.0,15.03,11.47,5.35,6.05,37.0,13.95,9.84,4.56,5.79,-3.559999999999999,,-4.109999999999999,,36.0,36.0,37.0,37.0
80,"Shah, 2018",270,GDS,did,individual,per_arm_count,0,0,1,0,0,12.0,18.53,13.0,5.84,9.45,14.0,16.41,8.86,5.4,7.67,-5.530000000000001,,-7.550000000000001,,17.0,12.0,17.0,14.0
80,"Shah, 2018",271,GDS,did,individual,per_arm_count,0,0,1,0,0,12.0,18.53,13.0,5.84,9.45,14.0,15.65,7.5,3.5,4.33,-5.530000000000001,,-8.15,,17.0,12.0,17.0,14.0
80,"Shah, 2018",272,HAMD,did,individual,per_arm_count,0,0,1,0,0,16.0,15.53,11.7,8.43,8.35,15.0,17.0,7.76,7.79,7.79,-3.83,,-9.24,,17.0,16.0,17.0,15.0
80,"Shah, 2018",273,HAMD,did,individual,per_arm_count,0,0,1,0,0,16.0,15.53,11.7,8.43,8.35,14.0,16.41,4.79,6.9,3.26,-3.83,,-11.62,,17.0,16.0,17.0,14.0
81,"Silverstone, 2017",274,PHQ-9,did,individual,per_arm_count,0,0,1,0,0,43.0,15.3,4.0,4.2,2.6,29.0,15.4,3.4,3.8,2.7,-11.3,,-12.0,,54.0,43.0,47.0,29.0
81,"Silverstone, 2017",275,PHQ-9,did,individual,per_arm_count,0,0,1,0,0,48.0,15.5,4.6,3.9,3.0,29.0,15.4,3.4,3.8,2.7,-10.9,,-12.0,,62.0,48.0,47.0,29.0
82,"Smith, 2017",276,PHQ-9,did,individual,per_arm_count,0,0,1,0,0,48.0,16.07,13.14,5.03,4.91,47.0,15.76,8.33,5.03,4.78,-2.93,,-7.43,,59.0,48.0,74.0,47.0
82,"Smith, 2017",277,K10,did,individual,per_arm_count,0,0,1,0,0,48.0,29.68,27.93,6.66,4.91,47.0,24.99,22.49,6.6,6.37,-1.75,,-2.5,,59.0,48.0,74.0,47.0
82,"Smith, 2017",278,PHQ-9,did,individual,per_arm_count,0,0,1,0,0,48.0,16.07,13.14,5.03,4.91,33.0,16.39,8.95,5.03,4.77,-2.93,,-7.440000000000001,,59.0,48.0,54.0,33.0
82,"Smith, 2017",279,K10,did,individual,per_arm_count,0,0,1,0,0,48.0,32.69,27.93,6.74,6.57,33.0,32.26,21.98,6.74,6.36,-4.759999999999998,,-10.28,,59.0,48.0,74.0,33.0
84,"Spek, 2007",281,BDI,did,individual,per_arm_count,0,0,1,0,0,100.0,18.13,14.46,8.1,10.42,102.0,19.17,11.97,7.21,8.05,-3.669999999999998,,-7.200000000000001,,100.0,100.0,102.0,102.0
85,"Stiles-Shields, 2018",282,PHQ-9,did,individual,per_arm_count,0,1,0,0,0,10.0,16.1,11.3,3.76,5.58,10.0,15.2,6.6,5.49,3.95,-4.800000000000001,,-8.6,,10.0,10.0,10.0,10.0
85,"Stiles-Shields, 2018",283,PHQ-9,did,individual,per_arm_count,0,0,1,0,0,10.0,16.1,11.3,3.76,5.58,7.0,17.0,3.43,4.62,3.82,-4.800000000000001,,-13.57,,10.0,10.0,10.0,7.0
85,"Stiles-Shields, 2018",284,PHQ-9,did,individual,per_arm_count,0,1,0,0,0,10.0,16.1,11.5,3.76,4.25,10.0,15.2,8.9,5.49,5.88,-4.600000000000001,,-6.299999999999999,,10.0,10.0,10.0,10.0
85,"Stiles-Shields, 2018",285,PHQ-9,did,individual,per_arm_count,0,0,1,0,0,10.0,16.1,11.5,3.76,4.25,8.0,17.0,5.29,4.62,4.46,-4.600000000000001,,-11.71,,10.0,10.0,10.0,8.0
86,"Stuart, 2022",286,PHQ-9,did,individual,per_arm_count,0,0,1,0,0,99.0,14.9,10.9,5.07,5.08,77.0,14.6,8.1,4.97,4.92,-4.0,,-6.5,,154.0,99.0,148.0,77.0
86,"Stuart, 2022",287,PHQ-9,did,individual,per_arm_count,0,0,1,0,0,114.0,14.9,9.9,5.07,5.45,82.0,14.6,8.9,4.97,5.54,-5.0,,-5.699999999999999,,154.0,114.0,148.0,82.0
87,"Sun, 2021",288,EPDS,did,individual,per_arm_count,1,0,0,0,0,54.0,8.55,9.09,4.59,6.24,63.0,7.99,6.49,3.87,4.49699999999999,0.5399999999999991,,-1.5,,84.0,54.0,84.0,63.0
87,"Sun, 2021",289,EPDS,did,individual,per_arm_count,1,0,0,0,0,43.0,8.55,8.02,4.59,6.0,51.0,7.99,6.14,3.87,4.55,-0.5300000000000011,,-1.850000000000001,,84.0,43.0,84.0,51.0
87,"Sun, 2021",290,EPDS,did,individual,per_arm_count,1,0,0,0,0,40.0,8.55,6.25,4.59,5.098,52.0,7.99,6.77,3.87,4.69,-2.300000000000001,,-1.220000000000001,,84.0,40.0,84.0,52.0
89,"Titov, 2010",291,BDI-II,did,individual,per_arm_count,0,0,1,0,0,40.0,26.33,26.15,10.46,10.14,41.0,27.15,15.29,9.96,9.81,-0.1799999999999997,,-11.86,,40.0,40.0,41.0,41.0
89,"Titov, 2010",292,K10,did,individual,per_arm_count,0,0,1,0,0,40.0,28.3,26.98,7.29,7.29,41.0,28.32,21.9,6.39,7.01,-1.32,,-6.420000000000002,,40.0,40.0,41.0,41.0
89,"Titov, 2010",293,PHQ-9,did,individual,per_arm_count,0,0,1,0,0,40.0,13.35,12.98,4.62,4.44,41.0,14.2,7.59,4.2,4.04,-0.3699999999999992,,-6.609999999999999,,40.0,40.0,41.0,41.0
90,"Vázquez, 2023",294,CESD,did,individual,per_arm_count,0,0,1,0,0,63.0,25.7,25.3,7.3,9.8,58.0,24.6,18.3,7.3,11.3,-0.3999999999999986,,-6.300000000000001,,63.0,63.0,58.0,58.0
91,"Walker, 2014",295,CESD,did,individual,per_arm_count,0,0,1,0,0,22.0,15.23,12.86,6.53,7.28,21.0,17.76,8.1,8.28,5.08,-2.370000000000001,,-9.660000000000002,,22.0,22.0,21.0,21.0
91,"Walker, 2014",296,CESD,did,individual,per_arm_count,0,0,1,0,0,22.0,15.23,12.86,6.53,7.28,22.0,14.55,8.59,6.84,6.86,-2.370000000000001,,-5.960000000000001,,22.0,22.0,22.0,22.0
91,"Walker, 2014",297,CESD,did,individual,per_arm_count,0,0,0,1,0,22.0,15.23,12.86,6.53,7.28,21.0,19.38,9.57,8.82,5.82,-2.370000000000001,,-9.809999999999999,,22.0,22.0,21.0,21.0
92,"Zhao, 2022",298,BDI-II,did,individual,per_arm_count,1,0,0,0,0,87.0,26.76,26.05,9.35,10.06,95.0,26.39,13.61,8.65,9.48,-0.7100000000000009,,-12.78,,87.0,87.0,95.0,95.0
92,"Zhao, 2022",299,BDI-II,did,individual,per_arm_count,1,0,0,0,0,87.0,26.76,22.58,9.35,9.98,95.0,26.39,14.97,8.65,10.38,-4.180000000000003,,-11.42,,87.0,87.0,95.0,95.0
