study_id,Study_Reference,Intervention_ID,Indicator,design,randomisation,randomisation_source,Covariate_cbt,n_control,mean_pre_control,mean_post_control,sd_pre_control,sd_post_control,n_treatment,mean_pre_treatment,mean_post_treatment,sd_pre_treatment,sd_post_treatment,mean_change_control,sd_change_control,mean_change_treatment,sd_change_treatment,n_pre_control,n_post_control,n_pre_treatment,n_post_treatment
1,"Agras, 1989",1,PurgeFreq,did,individual,per_arm_count,1,17.0,13.8,13.6,8.4,10.7,12.0,11.1,2.8,6.0,6.3,-0.2000000000000011,,-8.3,,18.0,17.0,17.0,12.0
2,"Agras, 1995",2,BingeFreq,did,individual,per_arm_count,1,10.0,3.7,3.4,1.2,2.0,32.0,4.4,0.7,1.8,1.0,-0.3000000000000003,,-3.7,,11.0,10.0,39.0,32.0
3,"Allen, 1999",3,BES,did,individual,per_arm_count,1,9.0,29.78,25.22,5.56,9.81,11.0,30.36,17.18,3.64,4.92,-4.560000000000002,,-13.18,,9.0,9.0,11.0,11.0
4,"Banasiak, 2005",4,EDE,did,individual,per_arm_count,1,55.0,3.89,3.49,0.99,1.25,54.0,3.87,2.46,1.02,1.49,-0.3999999999999999,,-1.41,,55.0,55.0,54.0,54.0
5,"Barakat, 2023",5,EDE-Q,did,individual,per_arm_count,1,34.0,4.2,3.9,1.0,1.0,37.0,4.5,2.3,0.7,1.3,-0.3000000000000003,,-2.2,,34.0,34.0,37.0,37.0
6,"Cachelin, 2019",6,EDE,did,individual,per_arm_count,1,19.0,13.1,11.4,13.1,8.9,21.0,13.3,3.0,13.6,5.0,-1.699999999999999,,-10.3,,19.0,19.0,21.0,21.0
7,"Carrard , 2011",7,EDE,did,individual,per_arm_count,1,37.0,3.3,2.9,1.0,1.0,37.0,3.6,2.5,0.8,1.1,-0.3999999999999999,,-1.1,,37.0,37.0,37.0,37.0
8,"Carter, 1998",8,EDE,did,individual,per_arm_count,1,24.0,3.6,3.5,1.0,0.8,25.0,3.6,2.1,0.8,1.2,-0.1000000000000001,,-1.5,,24.0,24.0,25.0,25.0
11,"Dingemans, 2007",9,EDE,did,individual,per_arm_count,1,22.0,2.3,2.3,0.8,0.9,28.0,2.4,1.3,0.9,1.0,0.0,,-1.1,,22.0,22.0,30.0,28.0
13,"Freeman, 1988",10,Other,did,individual,per_arm_count,1,16.0,5.7,3.7,4.7,3.6,21.0,6.2,1.3,5.0,3.4,-2.0,,-4.9,,20.0,16.0,32.0,21.0
14,"Gorin, 2003",11,EDE,did,individual,per_arm_count,1,20.0,8.47,5.87,5.21,4.64,21.0,9.55,3.32,6.09,4.35,-2.600000000000001,,-6.23,,31.0,20.0,32.0,21.0
14,"Gorin, 2003",12,EDE,did,individual,per_arm_count,1,20.0,8.47,5.87,5.21,4.64,20.0,7.61,2.44,5.66,2.83,-2.600000000000001,,-5.17,,31.0,20.0,31.0,20.0
15,"Griffiths, 1994",13,EAT,did,individual,per_arm_count,1,22.0,53.0,45.73,16.06,17.99,19.0,46.63,18.79,16.04,11.65,-7.270000000000003,,-27.84,,22.0,22.0,19.0,19.0
16,"Grilo, 2005",14,EDE-Q,did,individual,per_arm_count,1,15.0,11.8,8.1,6.0,6.9,37.0,14.6,2.8,9.5,5.1,-3.700000000000001,,-11.8,,15.0,15.0,37.0,37.0
17,"Grilo, 2013",15,EDE,did,individual,per_arm_count,1,24.0,2.34,1.99,0.83,0.71,24.0,2.61,1.97,0.8,0.58,-0.3499999999999999,,-0.6399999999999999,,24.0,24.0,24.0,24.0
19,"Jenkins, 2021",17,EDE-Q,did,individual,per_arm_count,1,58.0,4.12,3.8,0.99,1.29,19.0,4.16,2.19,1.13,2.11,-0.3200000000000003,,-1.97,,58.0,58.0,28.0,19.0
19,"Jenkins, 2021",18,EDE-Q,did,individual,per_arm_count,1,58.0,4.12,3.8,0.99,1.29,36.0,4.11,2.47,1.14,1.52,-0.3200000000000003,,-1.64,,58.0,58.0,38.0,36.0
20,"Kristeller, 2014",19,BES,did,individual,per_arm_count,1,35.0,28.12,25.88,7.8,8.99,33.0,31.26,18.04,7.64,9.91,-2.240000000000002,,-13.22,,47.0,35.0,50.0,33.0
21,"Lee, 1986",20,BingeFreq,rct,individual,per_arm_count,1,14.0,17.5,10.1,,17.5,14.0,16.5,3.7,,4.0,-7.4,,-12.8,,14.0,14.0,14.0,14.0
22,"Leitenberg, 1988",21,EAT,did,individual,per_arm_count,1,12.0,57.2,56.7,14.1,10.6,12.0,51.42,31.83,16.8,21.4,-0.5,,-19.59,,12.0,12.0,12.0,12.0
22,"Leitenberg, 1988",22,EAT,did,individual,per_arm_count,1,12.0,57.2,56.7,14.1,10.6,12.0,48.92,30.92,19.3,18.8,-0.5,,-18.0,,12.0,12.0,12.0,12.0
22,"Leitenberg, 1988",23,EAT,did,individual,per_arm_count,1,12.0,57.2,56.7,14.1,10.6,11.0,43.36,27.45,13.5,17.4,-0.5,,-15.91,,12.0,12.0,11.0,11.0
23,"Melisse, 2023",24,EDE,did,individual,per_arm_count,1,90.0,3.0,2.8,0.9,0.9,90.0,3.4,1.7,1.0,0.9,-0.2000000000000002,,-1.7,,90.0,90.0,90.0,90.0
24,"Peterson, 1998",25,Other,did,individual,per_arm_count,1,9.0,3.5,4.7,4.9,4.7,11.0,3.1,0.4,2.1,1.1,1.2,,-2.7,,11.0,9.0,15.0,11.0
24,"Peterson, 1998",26,Other,did,individual,per_arm_count,1,9.0,3.5,4.7,4.9,4.7,17.0,5.5,1.3,6.5,3.4,1.2,,-4.2,,11.0,9.0,19.0,17.0
24,"Peterson, 1998",27,Other,did,individual,per_arm_count,1,9.0,3.5,4.7,4.9,4.7,14.0,3.4,0.7,1.7,1.3,1.2,,-2.7,,11.0,9.0,16.0,14.0
25,"Peterson, 2009",28,EDE,did,individual,per_arm_count,1,69.0,2.6,2.3,0.9,0.9,67.0,2.7,2.3,0.9,1.0,-0.3000000000000003,,-0.4000000000000004,,69.0,69.0,67.0,67.0
25,"Peterson, 2009",29,EDE,did,individual,per_arm_count,1,69.0,2.6,2.3,0.9,0.9,63.0,2.4,1.8,0.8,0.8,-0.3000000000000003,,-0.5999999999999999,,69.0,69.0,63.0,63.0
25,"Peterson, 2009",30,EDE,did,individual,per_arm_count,1,69.0,2.6,2.3,0.9,0.9,60.0,2.8,2.1,0.8,0.9,-0.3000000000000003,,-0.6999999999999997,,69.0,69.0,60.0,60.0
26,"Sánchez-Ortiz, 2011",31,EDE,did,individual,per_arm_count,1,36.0,3.8,3.3,1.1,1.0,31.0,3.4,2.0,1.1,1.1,-0.5,,-1.4,,38.0,36.0,38.0,31.0
27,"Schag, 2019",32,EDE,did,individual,per_arm_count,1,39.0,2.4,2.3,0.8,0.7,41.0,2.6,2.1,0.8,0.8,-0.1000000000000001,,-0.5,,39.0,39.0,41.0,41.0
29,"Shapiro, 2007",33,BES,did,individual,per_arm_count,1,20.0,27.41,23.6,5.93,6.14,13.0,26.82,20.92,4.47,4.31,-3.809999999999999,,-5.899999999999999,,22.0,20.0,22.0,13.0
30,"Tasca, 2006",34,BingeFreq,did,individual,per_arm_count,1,33.0,4.0,3.58,1.52,2.03,37.0,3.95,0.57,1.7,0.93,-0.4199999999999999,,-3.38,,40.0,33.0,47.0,37.0
31,"Telch, 1990",35,BingeFreq,did,individual,per_arm_count,1,21.0,5.29,4.14,3.3,2.43,19.0,5.3,0.32,2.98,0.75,-1.15,,-4.98,,21.0,21.0,23.0,19.0
33,"Wagner, 2016",36,EDE-Q,did,individual,per_arm_count,1,70.0,3.9,3.7,0.9,0.8,69.0,3.9,2.5,0.8,1.2,-0.1999999999999997,,-1.4,,70.0,70.0,69.0,69.0
34,"Wilfley, 1993",37,EDE-Q,did,individual,per_arm_count,1,20.0,4.4,3.9,1.8,1.7,18.0,4.2,2.2,1.5,2.4,-0.5000000000000004,,-2.0,,20.0,20.0,18.0,18.0
35,"Wolf, 1992",38,EDI,did,individual,per_arm_count,1,15.0,10.0,8.4,5.2,4.3,15.0,12.9,6.7,4.5,4.3,-1.6,,-6.2,,15.0,15.0,15.0,15.0
36,"Zipfel, 2014",39,EDI,rct,individual,per_arm_count,1,80.0,,277.0,,57.78,80.0,,270.0,,52.15,,,,,,80.0,,80.0
