study_id,Study_Reference,Intervention_ID,Indicator,design,randomisation,randomisation_source,Covariate_3rd,Covariate_ar,Covariate_bt,Covariate_cbt,Covariate_cr,Covariate_dyn,Covariate_other_psy,Covariate_pe,Covariate_pst,Covariate_sup,n_control,mean_pre_control,mean_post_control,sd_pre_control,sd_post_control,n_treatment,mean_pre_treatment,mean_post_treatment,sd_pre_treatment,sd_post_treatment,mean_change_control,sd_change_control,mean_change_treatment,sd_change_treatment,n_pre_control,n_post_control,n_pre_treatment,n_post_treatment
1,"Alavi, 2020",1,BAI,did,,,0,0,0,1,0,0,0,0,0,0,38.0,37.0,37.1,7.13,6.81,36.0,37.66,25.38,7.13,7.03,0.1000000000000014,,-12.28,4.492682926829267,40.0,38.0,40.0,36.0
2,"Andersson, 2012",2,PSWQ,did,,,0,0,0,1,0,0,0,0,0,0,26.0,68.52,62.88,6.24,9.39,23.0,67.89,60.78,6.19,9.83,-5.639999999999993,,-7.109999999999999,,27.0,26.0,27.0,23.0
2,"Andersson, 2012",3,PSWQ,did,,,0,0,0,0,0,1,0,0,0,0,26.0,68.52,62.88,6.24,9.39,26.0,69.74,61.88,5.56,7.73,-5.639999999999993,,-7.859999999999992,,27.0,26.0,27.0,26.0
2,"Andersson, 2012",4,GAD-Q-IV,did,,,0,0,0,1,0,0,0,0,0,0,26.0,10.82,8.52,1.2,3.7,23.0,10.44,8.53,1.09,2.37,-2.300000000000001,,-1.91,,27.0,26.0,27.0,23.0
2,"Andersson, 2012",5,GAD-Q-IV,did,,,0,0,0,0,0,1,0,0,0,0,26.0,10.82,8.52,1.2,3.7,26.0,10.95,8.34,1.14,3.31,-2.300000000000001,,-2.609999999999999,,27.0,26.0,27.0,26.0
2,"Andersson, 2012",6,BAI,did,,,0,0,0,1,0,0,0,0,0,0,26.0,23.7,19.52,10.61,10.34,23.0,24.3,15.09,9.1,6.99,-4.18,,-9.21,,27.0,26.0,27.0,23.0
2,"Andersson, 2012",7,BAI,did,,,0,0,0,0,0,1,0,0,0,0,26.0,23.7,19.52,10.61,10.34,26.0,25.26,15.88,8.59,8.87,-4.18,,-9.38,,27.0,26.0,27.0,26.0
3,"Bakhshani, 2007",8,HAMA,did,,,0,0,0,1,0,0,0,0,0,0,7.0,26.89,9.86,4.06,5.03,7.0,20.57,11.43,4.2,3.3,-17.03,4.669134179008288,-9.14,4.249941473309378,7.0,7.0,7.0,7.0
3,"Bakhshani, 2007",9,HAMA,did,,,0,0,0,1,0,0,0,0,0,0,6.0,20.5,17.92,3.99,7.92,7.0,20.57,11.43,4.2,3.3,-2.579999999999998,4.213122357587063,-9.14,4.249941473309378,6.0,6.0,7.0,7.0
4,"Barlow, 1992",10,HAMA,did,,,0,0,0,1,0,0,0,0,0,0,10.0,16.9,21.6,3.8,5.4,13.0,18.2,11.3,4.8,5.0,4.700000000000003,,-6.899999999999999,,10.0,10.0,13.0,13.0
4,"Barlow, 1992",11,HAMA,did,,,0,1,0,0,0,0,0,0,0,0,10.0,16.9,21.6,3.8,5.4,10.0,20.2,11.6,3.2,6.3,4.700000000000003,,-8.6,,10.0,10.0,10.0,10.0
4,"Barlow, 1992",12,HAMA,did,,,0,0,0,0,0,0,1,0,0,0,10.0,16.9,21.6,3.8,5.4,11.0,21.0,13.0,7.9,6.3,4.700000000000003,,-8.0,,10.0,10.0,11.0,11.0
4,"Barlow, 1992",13,Other,did,,,0,0,0,0,1,0,0,0,0,0,10.0,5.3,5.09,1.0,1.3,13.0,5.4,2.7,0.9,1.4,-0.21,,-2.7,,10.0,10.0,13.0,13.0
4,"Barlow, 1992",14,Other,did,,,0,1,0,0,0,0,0,0,0,0,10.0,5.3,5.09,1.0,1.3,10.0,5.5,5.2,1.0,1.6,-0.21,,-0.2999999999999998,,10.0,10.0,10.0,10.0
4,"Barlow, 1992",15,Other,did,,,0,0,0,0,0,0,1,0,0,0,10.0,5.3,5.09,1.0,1.3,11.0,5.8,3.2,0.8,1.7,-0.21,,-2.6,,10.0,10.0,11.0,11.0
4,"Barlow, 1992",16,Other,did,,,0,0,0,0,1,0,0,0,0,0,10.0,49.4,51.3,31.2,30.3,13.0,66.2,31.8,23.0,25.8,1.899999999999999,,-34.40000000000001,,10.0,10.0,13.0,13.0
4,"Barlow, 1992",17,Other,did,,,0,1,0,0,0,0,0,0,0,0,10.0,49.4,51.3,31.2,30.3,10.0,58.3,25.6,20.9,23.4,1.899999999999999,,-32.7,,10.0,10.0,10.0,10.0
4,"Barlow, 1992",18,Other,did,,,0,0,0,0,0,0,1,0,0,0,10.0,49.4,51.3,31.2,30.3,11.0,60.3,44.3,33.2,39.3,1.899999999999999,,-16.0,,10.0,10.0,11.0,11.0
5,"Berger, 2017",19,PSWQ,did,,,0,0,0,1,0,0,0,0,0,0,29.0,66.7,66.3,9.2,10.61,29.0,67.6,62.8,7.0,10.61,-0.4000000000000057,,-4.799999999999997,,29.0,29.0,29.0,29.0
6,"Bowman, 1997",20,HAMA,did,,,0,0,0,0,0,0,0,0,1,0,18.0,27.94,29.06,9.65,9.34,17.0,29.12,19.53,6.4,8.16,1.119999999999997,,-9.59,,18.0,18.0,17.0,17.0
6,"Bowman, 1997",21,SCL-90,did,,,0,0,0,0,0,0,0,0,1,0,18.0,128.61,114.72,60.08,73.18,17.0,124.88,68.71,50.48,49.0,-13.89000000000001,,-56.17,,18.0,18.0,17.0,17.0
8,"Butler, 1991",24,HAMA,did,,,0,0,0,1,0,0,0,0,0,0,19.0,15.4,13.2,3.2,6.0,19.0,16.4,7.9,4.8,4.8,-2.200000000000001,,-8.499999999999998,,19.0,19.0,19.0,19.0
8,"Butler, 1991",25,HAMA,did,,,0,0,1,0,0,0,0,0,0,0,19.0,15.4,13.2,3.2,6.0,18.0,15.8,12.7,2.7,6.5,-2.200000000000001,,-3.100000000000001,,19.0,19.0,19.0,18.0
9,"Carl, 2020",26,GAD-7,did,,,0,0,0,1,0,0,0,0,0,0,128.0,15.6,12.66,3.1,4.7,128.0,15.6,9.46,2.8,4.67,-2.94,,-6.139999999999999,,128.0,128.0,128.0,128.0
9,"Carl, 2020",27,PSWQ,did,,,0,0,0,1,0,0,0,0,0,0,128.0,70.9,67.66,5.9,7.84,128.0,70.8,62.56,6.9,9.81,-3.240000000000009,,-8.239999999999995,,128.0,128.0,128.0,128.0
10,"Cragan, 1984",28,STAI-T,did,,,0,0,0,1,0,0,0,0,0,0,17.0,44.35,44.39,11.23,10.56,19.0,46.63,32.23,8.58,7.4,0.03999999999999915,,-14.40000000000001,,17.0,17.0,19.0,19.0
10,"Cragan, 1984",29,STAI-T,did,,,0,1,0,0,0,0,0,0,0,0,17.0,44.35,44.39,11.23,10.56,19.0,45.42,37.85,9.2,10.44,0.03999999999999915,,-7.57,,17.0,17.0,19.0,19.0
11,"Dahlin, 2016",30,GAD-7,did,,,1,0,0,0,0,0,0,0,0,0,43.0,13.51,10.72,4.14,4.2,42.0,13.83,6.9,3.66,3.52,-2.789999999999999,,-6.93,,51.0,43.0,52.0,42.0
11,"Dahlin, 2016",31,PSWQ,did,,,1,0,0,0,0,0,0,0,0,0,43.0,67.45,63.35,6.77,8.4,42.0,66.88,55.29,7.16,10.02,-4.100000000000001,,-11.59,,51.0,43.0,52.0,42.0
11,"Dahlin, 2016",32,BAI,did,,,1,0,0,0,0,0,0,0,0,0,43.0,22.04,17.09,8.2,7.78,42.0,21.12,12.67,8.81,8.24,-4.949999999999999,,-8.450000000000001,,51.0,43.0,52.0,42.0
12,"Dugas, 2010",33,Other,did,,,0,0,0,1,0,0,0,0,0,0,20.0,5.9,4.78,1.25,2.07,23.0,5.78,1.61,1.04,2.21,-1.12,,-4.17,,20.0,20.0,23.0,23.0
12,"Dugas, 2010",34,Other,did,,,0,1,0,0,0,0,0,0,0,0,20.0,5.9,4.78,1.25,2.07,22.0,5.36,2.55,1.26,2.58,-1.12,,-2.81,,20.0,20.0,22.0,22.0
12,"Dugas, 2010",35,PSWQ,did,,,0,0,0,1,0,0,0,0,0,0,20.0,57.34,58.8,9.78,9.13,23.0,61.65,51.13,8.27,9.87,1.459999999999994,,-10.52,,20.0,20.0,23.0,23.0
12,"Dugas, 2010",36,PSWQ,did,,,0,1,0,0,0,0,0,0,0,0,20.0,57.34,58.8,9.78,9.13,22.0,58.01,52.16,5.51,8.04,1.459999999999994,,-5.850000000000001,,20.0,20.0,22.0,22.0
13,"Dugas, 2003",37,Other,did,,,0,0,0,1,0,0,0,0,0,0,27.0,5.82,5.3,1.04,1.13,25.0,6.36,3.4,1.19,1.78,-0.5200000000000005,,-2.96,,27.0,27.0,25.0,25.0
13,"Dugas, 2003",38,PSWQ,did,,,0,0,0,1,0,0,0,0,0,0,27.0,62.22,60.04,7.0,8.75,25.0,62.56,49.08,9.5,12.18,-2.18,,-13.48,,27.0,27.0,25.0,25.0
14,"Dugas, 2022",39,Other,did,,,0,0,0,1,0,0,0,0,0,0,27.0,5.47,5.17,0.91,0.97,23.0,5.48,2.46,0.83,1.41,-0.2999999999999998,,-3.02,,30.0,27.0,30.0,23.0
14,"Dugas, 2022",40,PSWQ,did,,,0,0,0,1,0,0,0,0,0,0,27.0,64.0,60.0,6.48,8.33,23.0,67.43,44.13,7.51,8.83,-4.0,,-23.3,,30.0,27.0,30.0,23.0
15,"Erickson, 2007",41,BAI,did,,,0,0,0,1,0,0,0,0,0,0,7.0,15.7,13.0,8.7,6.2,7.0,23.9,17.0,16.9,11.6,-2.699999999999999,,-6.899999999999999,,7.0,7.0,7.0,7.0
16,"Hoyer, 2009",42,HAMA,did,,,0,0,1,0,0,0,0,0,0,0,29.0,23.33,21.15,7.02,7.16,29.0,21.6,12.19,7.23,7.82,-2.18,7.830469234863947,-9.410000000000002,6.731456008918131,29.0,29.0,29.0,29.0
16,"Hoyer, 2009",43,HAMA,did,,,0,1,0,0,0,0,0,0,0,0,29.0,23.33,21.15,7.02,7.16,28.0,22.71,12.21,7.35,8.82,-2.18,7.830469234863947,-10.5,9.449111825230682,29.0,29.0,28.0,28.0
16,"Hoyer, 2009",44,PSWQ,did,,,0,0,1,0,0,0,0,0,0,0,29.0,57.0,57.03,7.78,9.85,29.0,61.1,54.33,10.4,10.13,0.03000000000000114,7.143585968647811,-6.770000000000003,7.830469234863946,29.0,29.0,29.0,29.0
16,"Hoyer, 2009",45,PSWQ,did,,,0,1,0,0,0,0,0,0,0,0,29.0,57.0,57.03,7.78,9.85,28.0,56.84,43.55,8.15,9.49,0.03000000000000114,7.143585968647811,-13.29000000000001,8.774175266285633,29.0,29.0,28.0,28.0
17,"Hui, 2017",46,PSWQ,did,,,0,0,0,1,0,0,0,0,0,0,31.0,67.48,66.06,8.26,7.27,32.0,67.84,49.59,7.41,7.76,-1.420000000000002,,-18.25,,31.0,31.0,32.0,32.0
17,"Hui, 2017",47,GAD-Q-IV,did,,,0,0,0,1,0,0,0,0,0,0,31.0,10.06,10.42,3.27,2.86,32.0,10.31,5.75,2.79,2.3,0.3599999999999994,,-4.56,,31.0,31.0,32.0,32.0
17,"Hui, 2017",48,BAI,did,,,0,0,0,1,0,0,0,0,0,0,31.0,24.06,24.87,12.88,12.54,32.0,23.69,12.44,12.92,5.85,0.8100000000000023,,-11.25,,31.0,31.0,32.0,32.0
18,"Jones, 2016",49,GAD-7,did,,,0,0,0,1,0,0,0,0,0,0,19.0,11.99,10.16,4.82,4.22,22.0,11.78,6.5,4.87,4.55,-1.83,,-5.279999999999999,,21.0,19.0,24.0,22.0
18,"Jones, 2016",50,PSWQ,did,,,0,0,0,1,0,0,0,0,0,0,19.0,28.67,27.89,6.93,7.15,22.0,29.38,22.14,8.67,8.08,-0.7800000000000011,,-7.239999999999998,,21.0,19.0,24.0,22.0
19,"Ladouceur, 2000",51,Other,did,,,0,0,0,1,0,0,0,0,0,0,12.0,5.92,5.67,0.9,1.37,14.0,6.36,2.64,0.74,1.55,-0.25,,-3.72,,12.0,12.0,14.0,14.0
19,"Ladouceur, 2000",52,PSWQ,did,,,0,0,0,1,0,0,0,0,0,0,12.0,59.25,64.58,7.44,8.27,14.0,65.86,45.64,8.96,9.96,5.329999999999998,,-20.22,,12.0,12.0,14.0,14.0
20,"Levy Berg, 2009",53,BAI,did,,,0,0,0,0,0,0,1,0,0,0,28.0,25.4,18.6,10.5,12.2,33.0,29.5,17.7,13.2,12.3,-6.799999999999997,,-11.8,,28.0,28.0,33.0,33.0
21,"Linden, 2005",54,HAMA,did,,,0,0,0,1,0,0,0,0,0,0,36.0,24.0,22.5,8.3,8.8,36.0,26.8,17.3,8.3,10.5,-1.5,4.6,-9.5,8.9,36.0,36.0,36.0,36.0
22,"Lindsay, 1987",55,Zung,did,,,0,0,0,1,0,0,0,0,0,0,10.0,54.8,48.7,8.16,21.12,10.0,50.0,29.6,8.21,11.44,-6.099999999999994,12.44509272711426,-20.4,11.10335013208863,10.0,10.0,10.0,10.0
22,"Lindsay, 1987",56,Zung,did,,,0,1,0,0,0,0,0,0,0,0,10.0,54.8,48.7,8.16,21.12,10.0,54.2,39.3,12.05,13.4,-6.099999999999994,12.44509272711426,-14.90000000000001,16.19173097474532,10.0,10.0,10.0,10.0
22,"Lindsay, 1987",57,GHQ,did,,,0,0,0,1,0,0,0,0,0,0,10.0,4.8,3.7,1.99,2.4,10.0,3.9,0.9,2.28,1.91,-1.1,,-3.0,,10.0,10.0,10.0,10.0
22,"Lindsay, 1987",58,GHQ,did,,,0,1,0,0,0,0,0,0,0,0,10.0,4.8,3.7,1.99,2.4,10.0,5.3,3.7,1.49,2.35,-1.1,,-1.6,,10.0,10.0,10.0,10.0
23,"Lorian, 2012",59,GAD-7,did,,,0,0,0,1,0,0,0,0,0,0,20.0,13.62,12.29,3.51,4.26,24.0,14.33,6.79,4.5,4.33,-1.33,,-7.54,,20.0,20.0,24.0,24.0
23,"Lorian, 2012",60,PSWQ,did,,,0,0,0,1,0,0,0,0,0,0,20.0,66.33,66.14,12.7,8.7,24.0,66.13,56.75,8.25,10.78,-0.1899999999999977,,-9.379999999999995,,20.0,20.0,24.0,24.0
24,"Mennin, 2018",61,Other,did,,,1,0,0,0,0,0,0,0,0,0,25.0,5.9,5.5,0.6,0.9,28.0,5.6,3.0,0.6,1.3,-0.4000000000000004,,-2.6,,25.0,25.0,28.0,28.0
24,"Mennin, 2018",62,PSWQ,did,,,1,0,0,0,0,0,0,0,0,0,25.0,68.1,67.2,11.8,10.9,28.0,67.5,44.0,7.3,9.9,-0.8999999999999915,,-23.5,,25.0,25.0,28.0,28.0
25,"Mohlman, 2003",63,SCL-90,did,,,0,0,0,1,0,0,0,0,0,0,17.0,48.25,48.45,7.41,8.88,19.0,45.23,41.77,9.11,8.22,0.2000000000000028,,-3.459999999999994,,17.0,17.0,19.0,19.0
25,"Mohlman, 2003",64,BAI,did,,,0,0,0,1,0,0,0,0,0,0,10.0,14.09,11.45,7.02,4.87,11.0,13.0,10.25,9.23,7.03,-2.640000000000001,,-2.75,,10.0,10.0,11.0,11.0
26,"Newman, 2020",65,PSWQ,did,,,0,0,0,1,0,0,0,0,0,0,43.0,45.72,42.42,5.54,8.36,39.0,45.18,40.13,6.23,6.83,-3.299999999999997,,-5.049999999999997,,50.0,43.0,50.0,39.0
26,"Newman, 2020",66,STAI-T,did,,,0,0,0,1,0,0,0,0,0,0,43.0,59.78,55.56,7.98,9.67,39.0,58.5,52.36,9.96,10.51,-4.219999999999999,,-6.140000000000001,,50.0,43.0,50.0,39.0
27,"Nordahl, 2018",67,PSWQ,did,,,0,0,0,1,0,0,0,0,0,0,21.0,67.52,63.95,7.6,8.49,28.0,67.6,54.67,6.28,12.8,-3.569999999999993,,-12.92999999999999,,21.0,21.0,28.0,28.0
27,"Nordahl, 2018",68,PSWQ,did,,,1,0,0,0,0,0,0,0,0,0,21.0,67.52,63.95,7.6,8.49,32.0,65.1,42.93,8.47,14.09,-3.569999999999993,,-22.16999999999999,,21.0,21.0,32.0,32.0
27,"Nordahl, 2018",69,BAI,did,,,0,0,0,1,0,0,0,0,0,0,21.0,28.85,22.52,12.85,13.84,28.0,21.46,10.42,10.05,12.8,-6.330000000000002,,-11.04,,21.0,21.0,29.0,28.0
27,"Nordahl, 2018",70,BAI,did,,,1,0,0,0,0,0,0,0,0,0,21.0,28.85,22.52,12.85,13.84,32.0,24.47,5.06,13.82,5.57,-6.330000000000002,,-19.41,,21.0,21.0,32.0,32.0
28,"Orvati Aziz, 2020",71,HAMA,did,,,0,0,0,0,0,0,1,0,0,0,12.0,31.0,29.75,9.81,9.26,12.0,36.67,7.0,8.92,3.44,-1.25,,-29.67,,12.0,12.0,12.0,12.0
28,"Orvati Aziz, 2020",72,HAMA,did,,,0,0,0,1,0,0,0,0,0,0,12.0,31.0,29.75,9.81,9.26,12.0,30.67,10.67,8.46,4.87,-1.25,,-20.0,,12.0,12.0,12.0,12.0
29,"Pallavicini, 2009",73,HAMA,did,,,0,0,1,0,0,0,0,0,0,0,4.0,25.0,16.25,7.43,6.7,8.0,22.25,16.87,6.83,7.38,-8.75,,-5.379999999999999,,4.0,4.0,8.0,8.0
29,"Pallavicini, 2009",74,PSWQ,did,,,0,0,1,0,0,0,0,0,0,0,4.0,51.25,50.0,9.84,5.29,8.0,44.87,47.85,12.6,9.94,-1.25,,2.980000000000004,,4.0,4.0,8.0,8.0
29,"Pallavicini, 2009",75,GAD-7,did,,,0,0,1,0,0,0,0,0,0,0,4.0,14.25,8.75,4.57,6.18,8.0,13.12,7.35,7.25,4.02,-5.5,,-5.77,,4.0,4.0,8.0,8.0
31,"Power, 1989",78,HAMA,did,,,0,0,0,1,0,0,0,0,0,0,11.0,16.7,12.6,1.1,6.4,10.0,18.1,4.4,2.5,4.6,-4.1,,-13.7,,11.0,11.0,10.0,10.0
32,"Power, 1990",79,Other,did,,,0,0,0,1,0,0,0,0,0,0,19.0,5.21,4.21,0.42,1.39,21.0,5.19,2.62,0.74,1.36,-1.0,,-2.57,,19.0,19.0,21.0,21.0
33,"Richards, 2016",80,GAD-7,did,,,0,0,0,1,0,0,0,0,0,0,67.0,13.19,9.13,2.78,4.13,70.0,12.84,7.73,2.39,4.44,-4.059999999999999,,-5.109999999999999,,67.0,67.0,70.0,70.0
33,"Richards, 2016",81,PSWQ,did,,,0,0,0,1,0,0,0,0,0,0,67.0,63.48,60.33,6.95,8.79,70.0,63.04,58.53,8.11,10.97,-3.149999999999999,,-4.509999999999998,,67.0,67.0,70.0,70.0
34,"Robinson, 2010",82,GAD-7,did,,,0,0,0,1,0,0,0,0,0,0,48.0,12.94,11.25,4.07,4.7,97.0,12.16,5.79,3.75,4.09,-1.69,,-6.37,,48.0,48.0,97.0,97.0
34,"Robinson, 2010",83,PSWQ,did,,,0,0,0,1,0,0,0,0,0,0,48.0,65.81,64.22,10.24,11.81,97.0,63.55,51.87,9.33,11.45,-1.590000000000003,,-11.68,,48.0,48.0,97.0,97.0
35,"Roemer, 2008",84,Other,did,,,1,0,0,0,0,0,0,0,0,0,16.0,5.69,5.32,0.48,1.36,15.0,5.73,3.18,0.69,1.16,-0.3700000000000001,,-2.55,,16.0,16.0,15.0,15.0
35,"Roemer, 2008",85,PSWQ,did,,,1,0,0,0,0,0,0,0,0,0,16.0,72.03,68.93,3.76,5.88,15.0,65.72,54.18,8.17,9.11,-3.099999999999994,,-11.54,,16.0,16.0,15.0,15.0
36,"Rogiers, 2021",86,PSWQ,did,,,0,0,0,1,0,0,0,0,0,0,35.0,65.3,63.1,8.53,8.73,45.0,64.2,55.3,8.47,8.65,-2.199999999999996,,-8.900000000000006,,35.0,35.0,45.0,45.0
36,"Rogiers, 2021",87,STAI-S,did,,,0,0,0,1,0,0,0,0,0,0,35.0,53.6,49.1,13.1,11.06,45.0,51.2,42.8,14.0,10.98,-4.5,,-8.400000000000006,,35.0,35.0,45.0,45.0
37,"Roy, 2021",88,GAD-7,did,,,1,0,0,0,0,0,0,0,0,0,33.0,12.6,10.6,4.3,3.5,28.0,12.9,4.8,4.8,4.1,-2.0,,-8.100000000000001,,33.0,33.0,28.0,28.0
37,"Roy, 2021",89,PSWQ,did,,,1,0,0,0,0,0,0,0,0,0,33.0,67.8,63.8,8.0,7.9,28.0,65.4,49.9,7.0,11.5,-4.0,,-15.50000000000001,,33.0,33.0,28.0,28.0
38,"Roy-Byrne, 2010",90,BSI,did,,,0,0,0,1,0,0,0,0,0,0,366.0,16.27,11.68,7.88,7.58,390.0,16.21,9.16,6.12,7.43,-4.59,,-7.050000000000001,,366.0,366.0,390.0,390.0
39,"Stanley, 2003",91,HAMA,did,,,0,0,0,1,0,0,0,0,0,0,35.0,19.3,19.7,6.7,6.93,29.0,20.8,13.5,7.28,5.2,0.3999999999999986,,-7.300000000000001,,35.0,35.0,29.0,29.0
39,"Stanley, 2003",92,PSWQ,did,,,0,0,0,1,0,0,0,0,0,0,35.0,63.3,61.8,9.34,8.61,29.0,60.1,51.6,9.47,10.19,-1.5,,-8.5,,35.0,35.0,29.0,29.0
40,"Stanley, 2016",93,GAD-7,did,,,0,0,0,1,0,0,0,0,0,0,17.0,12.3,10.71,5.36,5.54,19.0,11.5,7.5,5.1,5.04,-1.59,,-4.0,,20.0,17.0,20.0,19.0
40,"Stanley, 2016",94,PSWQ,did,,,0,0,0,1,0,0,0,0,0,0,17.0,30.8,27.76,4.56,7.85,19.0,27.15,24.44,7.46,5.45,-3.039999999999999,,-2.709999999999997,,20.0,17.0,20.0,19.0
41,"Stanley, 2009",95,GADSS,did,,,0,0,0,1,0,0,0,0,0,0,50.0,11.3,9.9,3.4,4.5,65.0,11.4,8.6,3.6,3.6,-1.4,,-2.800000000000001,,64.0,50.0,70.0,65.0
41,"Stanley, 2009",96,PSWQ,did,,,0,0,0,1,0,0,0,0,0,0,50.0,57.6,54.4,10.9,10.6,65.0,53.3,45.6,10.6,8.9,-3.200000000000003,,-7.699999999999996,,64.0,50.0,70.0,65.0
42,"Titov, 2009",97,GAD-7,did,,,0,0,0,1,0,0,0,0,0,0,21.0,13.62,12.29,3.51,4.26,24.0,14.33,6.92,4.5,4.4,-1.33,,-7.41,,21.0,21.0,24.0,24.0
42,"Titov, 2009",98,PSWQ,did,,,0,0,0,1,0,0,0,0,0,0,21.0,66.33,66.14,12.7,8.7,24.0,66.13,56.75,8.25,10.78,-0.1899999999999977,,-9.379999999999995,,21.0,21.0,24.0,24.0
43,Titov 2010,99,PSWQ,did,,,0,0,0,1,0,0,0,0,0,0,16.0,65.19,61.94,9.78,11.16,18.0,66.17,60.94,8.77,9.4,-3.25,,-5.230000000000004,,16.0,16.0,18.0,18.0
44,"Van der Heiden, 2012",100,PSWQ,did,,,1,0,0,0,0,0,0,0,0,0,20.0,65.45,65.05,11.35,11.7,54.0,68.66,48.7,6.72,16.1,-0.4000000000000057,,-19.95999999999999,,20.0,20.0,54.0,54.0
44,"Van der Heiden, 2012",101,PSWQ,did,,,0,0,0,1,0,0,0,0,0,0,20.0,65.45,65.05,11.35,11.7,52.0,66.98,56.26,8.34,11.3,-0.4000000000000057,,-10.72000000000001,,20.0,20.0,52.0,52.0
44,"Van der Heiden, 2012",102,STAI-T,did,,,1,0,0,0,0,0,0,0,0,0,20.0,54.26,51.6,11.85,12.35,54.0,61.1,44.82,8.01,14.05,-2.659999999999997,,-16.28,,20.0,20.0,54.0,54.0
44,"Van der Heiden, 2012",103,STAI-T,did,,,0,0,0,1,0,0,0,0,0,0,20.0,54.26,51.6,11.85,12.35,52.0,59.2,48.48,8.76,12.63,-2.659999999999997,,-10.72000000000001,,20.0,20.0,52.0,52.0
44,"Van der Heiden, 2012",104,SCL-90,did,,,1,0,0,0,0,0,0,0,0,0,20.0,179.05,178.15,63.69,66.42,54.0,209.15,145.48,53.87,52.24,-0.9000000000000057,,-63.67000000000002,,20.0,20.0,54.0,54.0
44,"Van der Heiden, 2012",105,SCL-90,did,,,0,0,0,1,0,0,0,0,0,0,20.0,179.05,178.15,63.69,66.42,52.0,203.64,165.0,57.45,60.99,-0.9000000000000057,,-38.63999999999999,,20.0,20.0,52.0,52.0
45,"Vera, 2021",106,PSWQ,did,,,1,0,0,0,0,0,0,0,0,0,29.0,66.67,59.93,5.91,15.43,21.0,66.73,45.95,6.66,17.0,-6.740000000000002,,-20.78,,30.0,29.0,30.0,21.0
45,"Vera, 2021",107,PSWQ,did,,,0,0,0,1,0,0,0,0,0,0,29.0,66.67,59.93,5.91,15.43,26.0,67.76,48.27,7.22,16.34,-6.740000000000002,,-19.49,,30.0,29.0,29.0,26.0
45,"Vera, 2021",108,DASS-Anx,did,,,1,0,0,0,0,0,0,0,0,0,29.0,18.33,13.59,10.23,10.09,21.0,22.6,11.81,9.5,10.61,-4.739999999999998,,-10.79,,30.0,29.0,30.0,21.0
45,"Vera, 2021",109,DASS-Anx,did,,,0,0,0,1,0,0,0,0,0,0,29.0,18.33,13.59,10.23,10.09,26.0,26.67,14.15,11.91,12.35,-4.739999999999998,,-12.52,,30.0,29.0,30.0,26.0
46,"Wetherell, 2003",110,HAMA,did,,,0,0,0,1,0,0,0,0,0,0,21.0,16.1,16.0,8.3,7.2,18.0,14.2,11.2,4.9,4.7,-0.1000000000000014,,-3.0,,21.0,21.0,18.0,18.0
46,"Wetherell, 2003",111,HAMA,did,,,0,0,0,0,0,0,0,0,0,1,21.0,16.1,16.0,8.3,7.2,18.0,16.6,13.0,6.8,8.0,-0.1000000000000014,,-3.600000000000001,,21.0,21.0,18.0,18.0
46,"Wetherell, 2003",112,PSWQ,did,,,0,0,0,1,0,0,0,0,0,0,21.0,63.9,65.7,11.3,9.7,18.0,63.6,58.1,10.3,14.0,1.800000000000004,,-5.5,,21.0,21.0,18.0,18.0
46,"Wetherell, 2003",113,PSWQ,did,,,0,0,0,0,0,0,0,0,0,1,21.0,63.9,65.7,11.3,9.7,18.0,65.6,60.1,7.7,8.8,1.800000000000004,,-5.499999999999993,,21.0,21.0,18.0,18.0
47,"Wong, 2016",114,BAI,did,,,1,0,0,0,0,0,0,0,0,0,56.0,33.14,32.75,10.08,12.13,61.0,31.58,26.31,10.22,11.86,-0.3900000000000006,,-5.27,,56.0,56.0,61.0,61.0
47,"Wong, 2016",115,BAI,did,,,0,0,0,0,0,0,0,1,0,0,56.0,33.14,32.75,10.08,12.13,61.0,30.45,25.02,4.81,12.02,-0.3900000000000006,,-5.43,,56.0,56.0,61.0,61.0
47,"Wong, 2016",116,PSWQ,did,,,1,0,0,0,0,0,0,0,0,0,56.0,62.67,61.63,9.67,11.05,61.0,61.18,58.36,9.6,10.77,-1.039999999999999,,-2.82,,56.0,56.0,61.0,61.0
47,"Wong, 2016",117,PSWQ,did,,,0,0,0,0,0,0,0,1,0,0,56.0,62.67,61.63,9.67,11.05,61.0,59.66,54.95,10.11,10.69,-1.039999999999999,,-4.709999999999994,,56.0,56.0,61.0,61.0
48,"Woodward, 1980",118,Zung,did,,,0,0,0,0,1,0,0,0,0,0,7.0,45.6,43.3,11.2,4.4,7.0,47.4,42.1,13.6,11.2,-2.300000000000004,,-5.299999999999997,,7.0,7.0,7.0,7.0
48,"Woodward, 1980",119,Zung,did,,,0,1,0,0,0,0,0,0,0,0,7.0,45.6,43.3,11.2,4.4,7.0,46.3,38.7,8.73,6.7,-2.300000000000004,,-7.599999999999994,,7.0,7.0,7.0,7.0
48,"Woodward, 1980",120,Zung,did,,,0,0,0,1,0,0,0,0,0,0,7.0,45.6,43.3,11.2,4.4,6.0,46.2,37.3,5.3,7.5,-2.300000000000004,,-8.900000000000006,,7.0,7.0,6.0,6.0
49,"Zargar, 2012",121,GAD-7,did,,,1,0,0,0,0,0,0,0,0,0,9.0,10.66,8.88,5.7,6.99,9.0,11.22,4.66,3.93,2.73,-1.779999999999999,,-6.56,,9.0,9.0,9.0,9.0
49,"Zargar, 2012",122,PSWQ,did,,,1,0,0,0,0,0,0,0,0,0,9.0,40.31,47.85,3.08,12.35,9.0,39.14,45.22,3.45,10.75,7.539999999999999,,6.079999999999998,,9.0,9.0,9.0,9.0
50,"Zinbarg, 2007",123,Other,did,,,0,0,0,1,0,0,0,0,0,0,10.0,5.0,5.1,1.05,1.05,8.0,5.25,2.38,0.89,1.77,0.09999999999999964,,-2.87,,10.0,10.0,8.0,8.0
50,"Zinbarg, 2007",124,PSWQ,did,,,0,0,0,1,0,0,0,0,0,0,10.0,71.0,68.7,5.58,6.82,8.0,69.83,52.6,10.55,9.71,-2.299999999999997,,-17.23,,10.0,10.0,8.0,8.0
50,"Zinbarg, 2007",125,BAI,did,,,0,0,0,1,0,0,0,0,0,0,10.0,17.4,15.6,7.32,5.76,8.0,25.33,12.92,14.81,8.06,-1.799999999999999,,-12.41,,10.0,10.0,8.0,8.0
