study_id,Study_Reference,Intervention_ID,Indicator,design,randomisation,randomisation_source,Covariate_cbt,Covariate_mi,Covariate_other_psy,Covariate_pfi,n_control,mean_pre_control,mean_post_control,sd_pre_control,sd_post_control,n_treatment,mean_pre_treatment,mean_post_treatment,sd_pre_treatment,sd_post_treatment,mean_change_control,sd_change_control,mean_change_treatment,sd_change_treatment,n_pre_control,n_post_control,n_pre_treatment,n_post_treatment
1,"Abbott, 2018",1,TLFBFreq,did,,,1,0,0,0,78,9.0,3.0,7.14,4.06,73,8.3,2.7,6.32,3.27,-6.0,,-5.600000000000001,,116.0,78,116.0,73
1,"Abbott, 2018",2,TLFBFreq,did,,,1,0,0,0,100,9.0,3.2,7.14,4.59,87,8.3,3.1,6.32,4.04,-5.8,,-5.200000000000001,,116.0,100,116.0,87
1,"Abbott, 2018",3,TLFBFreq,did,,,0,1,0,0,78,9.0,3.0,7.14,4.06,66,8.2,3.5,6.78,4.97,-6.0,,-4.699999999999999,,116.0,78,112.0,66
1,"Abbott, 2018",4,TLFBFreq,did,,,0,1,0,0,100,9.0,3.2,7.14,4.59,88,8.2,3.3,6.78,4.31,-5.8,,-4.899999999999999,,116.0,100,112.0,88
1,"Abbott, 2018",5,TLFBFreq,did,,,1,0,0,0,78,9.0,3.0,7.14,4.06,78,8.8,3.2,6.93,4.51,-6.0,,-5.600000000000001,,116.0,78,118.0,78
1,"Abbott, 2018",6,TLFBFreq,did,,,1,0,0,0,100,9.0,3.2,7.14,4.59,98,8.8,3.5,6.93,5.3,-5.8,,-5.300000000000001,,116.0,100,118.0,98
1,"Abbott, 2018",7,TLFBIntensity,did,,,1,0,0,0,78,43.0,10.0,49.46,18.02,73,49.0,8.0,60.45,17.44,-33.0,,-41.0,,116.0,78,116.0,73
1,"Abbott, 2018",8,TLFBIntensity,did,,,1,0,0,0,100,43.0,10.0,49.46,22.96,87,49.0,9.0,60.45,16.66,-33.0,,-40.0,,116.0,100,116.0,87
1,"Abbott, 2018",9,TLFBIntensity,did,,,0,1,0,0,78,43.0,10.0,49.46,18.02,66,53.0,13.0,64.79,39.38,-33.0,,-40.0,,116.0,78,112.0,66
1,"Abbott, 2018",10,TLFBIntensity,did,,,0,1,0,0,100,43.0,10.0,49.46,22.96,88,53.0,10.0,64.79,19.14,-33.0,,-43.0,,116.0,100,112.0,88
1,"Abbott, 2018",11,TLFBIntensity,did,,,1,0,0,0,78,43.0,10.0,49.46,18.02,78,49.0,7.0,72.05,13.52,-33.0,,-42.0,,116.0,78,118.0,78
1,"Abbott, 2018",12,TLFBIntensity,did,,,1,0,0,0,100,43.0,10.0,49.46,22.96,98,49.0,9.0,72.05,20.2,-33.0,,-40.0,,116.0,100,118.0,98
2,"Boudreault, 2018",13,Other,did,,,1,0,0,0,27,5.26,4.7,2.06,2.08,27,5.71,2.74,2.06,2.08,-0.5599999999999996,,-2.97,,31.0,27,31.0,27
2,"Boudreault, 2018",14,GlobalDuration,did,,,1,0,0,0,27,30.86,24.92,35.69,37.15,27,36.19,8.44,33.18,10.81,-5.939999999999998,,-27.75,,31.0,27,31.0,27
2,"Boudreault, 2018",15,GlobalFreq,did,,,1,0,0,0,27,9.96,9.27,8.96,9.82,27,9.77,3.48,6.29,4.26,-0.6900000000000013,,-6.289999999999999,,31.0,27,31.0,27
2,"Boudreault, 2018",16,GlobalIntensity,did,,,1,0,0,0,27,1181.9,1267.28,1383.2,2035.59,27,1612.58,476.56,1383.2,2035.59,85.37999999999988,,-1136.02,,31.0,27,31.0,27
3,"Bücker, 2018",17,GAD-7,did,,,1,0,0,0,39,8.94,7.23,4.95,4.9,23,8.76,5.65,5.31,4.2,-1.709999999999999,,-3.109999999999999,,69.0,39,71.0,23
3,"Bücker, 2018",18,PHQ-9,did,,,1,0,0,0,39,11.02,8.26,5.37,5.14,23,10.8,5.74,5.81,4.52,-2.76,,-5.06,,69.0,39,71.0,23
3,"Bücker, 2018",19,SOGS,did,,,1,0,0,0,39,9.71,6.53,3.24,4.08,23,9.75,5.35,3.14,3.77,-3.180000000000001,,-4.4,,69.0,39,71.0,23
3,"Bücker, 2018",20,Y-BOCS,did,,,1,0,0,0,39,17.68,13.51,6.91,8.83,23,17.92,11.22,6.7,7.67,-4.17,,-6.700000000000001,,69.0,39,71.0,23
4,"Bücker, 2021",21,PHQ-9,did,,,1,0,0,0,34,11.35,10.53,5.02,5.29,31,10.8,9.68,4.34,5.19,-0.8200000000000003,,-1.120000000000001,,73.0,34,77.0,31
4,"Bücker, 2021",22,SOGS,did,,,1,0,0,0,34,10.49,6.59,3.0,3.29,31,10.18,6.74,2.85,3.88,-3.9,,-3.44,,73.0,34,77.0,31
4,"Bücker, 2021",23,Y-BOCS,did,,,1,0,0,0,34,19.77,14.33,6.47,7.98,31,18.69,13.29,5.94,5.72,-5.44,,-5.400000000000002,,73.0,34,77.0,31
5,"Carlbring, 2008",24,HADS-A,did,,,1,0,0,0,32,8.72,7.03,3.3,3.75,34,8.97,5.12,3.33,3.57,-1.69,,-3.850000000000001,,32.0,32,34.0,34
5,"Carlbring, 2008",25,HADS-D,did,,,1,0,0,0,32,6.34,6.16,3.39,2.73,34,6.97,4.03,3.49,3.42,-0.1799999999999997,,-2.94,,32.0,32,34.0,34
5,"Carlbring, 2008",26,NODS,did,,,1,0,0,0,32,7.84,5.84,1.39,2.74,34,8.21,1.97,1.32,2.94,-2.0,,-6.240000000000001,,32.0,32,34.0,34
5,"Carlbring, 2008",27,QoL,did,,,1,0,0,0,32,1.51,1.47,1.59,1.75,34,1.55,2.58,1.26,1.29,-0.04000000000000004,,1.03,,32.0,32,34.0,34
6,"Carlbring, 2010",28,BAI,rct,,,1,0,0,0,25,,7.12,,6.86,29,,10.72,,12.99,,,,,,25,,29
6,"Carlbring, 2010",29,BDI-II,rct,,,1,0,0,0,25,,9.76,,7.53,29,,15.21,,12.84,,,,,,25,,29
6,"Carlbring, 2010",30,Other,rct,,,1,0,0,0,15,,1.0,,1.79,7,,0.57,,1.51,,,,,,15,,7
6,"Carlbring, 2010",31,Other,rct,,,1,0,0,0,18,,1.56,,2.77,8,,2.12,,4.91,,,,,,18,,8
6,"Carlbring, 2010",32,NODS,rct,,,1,0,0,0,25,,1.0,,1.96,30,,2.07,,2.68,,,,,,25,,30
6,"Carlbring, 2010",33,NODS,rct,,,0,1,0,0,25,,1.0,,1.96,29,,3.1,,3.17,,,,,,25,,29
6,"Carlbring, 2010",34,TLFBDuration,rct,,,1,0,0,0,4,,434.0,,591.7,5,,1468.8,,1155.64,,,,,,4,,5
6,"Carlbring, 2010",35,TLFBDuration,rct,,,0,1,0,0,4,,434.0,,591.7,10,,2423.7,,4427.34,,,,,,4,,10
6,"Carlbring, 2010",36,TLFBFreq,rct,,,1,0,0,0,4,,10.0,,14.1,8,,10.0,,10.14,,,,,,4,,8
6,"Carlbring, 2010",37,TLFBFreq,rct,,,0,1,0,0,4,,10.0,,14.1,11,,12.55,,9.31,,,,,,4,,11
6,"Carlbring, 2010",38,TLFBIntensity,rct,,,0,1,0,0,4,,5841.25,,10387.68,11,,6439.91,,7116.53,,,,,,4,,11
6,"Carlbring, 2010",39,TLFBIntensity,rct,,,1,0,0,0,4,,19349.17,,36547.06,8,,93.0,,8235.86,,,,,,4,,8
7,"Casey, 2017",40,AUDIT,did,,,1,0,0,0,38,6.76,6.66,5.06,5.22,27,6.98,4.17,6.28,3.87,-0.09999999999999964,,-2.81,,55.0,38,60.0,27
7,"Casey, 2017",41,DASS-A,did,,,1,0,0,0,44,9.09,8.86,8.49,8.43,24,13.07,4.67,8.79,6.48,-0.2300000000000004,,-8.4,,55.0,44,60.0,24
7,"Casey, 2017",42,DASS-D,did,,,1,0,0,0,43,17.35,8.58,12.55,6.41,24,23.07,8.25,10.3,10.78,-8.770000000000001,,-14.82,,55.0,43,60.0,24
7,"Casey, 2017",43,GlobalFreq,did,,,1,0,0,0,44,3.15,2.91,2.09,2.12,24,4.82,1.58,2.1,1.38,-0.2399999999999998,,-3.24,,55.0,44,60.0,24
7,"Casey, 2017",44,GlobalIntensity,did,,,1,0,0,0,44,268.91,251.0,453.73,454.44,24,565.88,96.33,1372.55,189.1,-17.91000000000003,,-469.55,,55.0,44,60.0,24
7,"Casey, 2017",45,GSAS,did,,,1,0,0,0,43,31.76,27.16,6.29,10.27,22,31.46,14.0,7.36,11.05,-4.600000000000001,,-17.46,,55.0,43,60.0,22
7,"Casey, 2017",46,SOGS,did,,,1,0,0,0,40,8.14,7.53,4.19,4.31,24,9.97,3.0,3.27,3.61,-0.6100000000000003,,-6.970000000000001,,55.0,40,60.0,24
7,"Casey, 2017",47,QoL,did,,,1,0,0,0,38,16.67,7.92,6.97,33.87,18,12.75,12.28,4.86,26.33,-8.750000000000002,,-0.4700000000000006,,55.0,38,60.0,18
7,"Casey, 2017",48,AUDIT,did,,,0,0,1,0,38,6.76,6.66,5.06,5.22,23,7.05,5.17,7.7,6.81,-0.09999999999999964,,-1.88,,55.0,38,59.0,23
7,"Casey, 2017",49,DASS-A,did,,,0,0,1,0,44,9.09,8.86,8.49,8.43,22,11.76,8.0,10.42,9.22,-0.2300000000000004,,-3.76,,55.0,44,58.0,22
7,"Casey, 2017",50,DASS-D,did,,,0,0,1,0,43,17.35,8.58,12.55,6.41,23,19.93,12.61,11.84,9.71,-8.770000000000001,,-7.32,,55.0,43,59.0,23
7,"Casey, 2017",51,GlobalFreq,did,,,0,0,1,0,44,3.15,2.91,2.09,2.12,25,4.68,1.76,1.88,1.69,-0.2399999999999998,,-2.92,,55.0,44,59.0,25
7,"Casey, 2017",52,GlobalIntensity,did,,,0,0,1,0,44,268.91,251.0,453.73,454.44,26,603.94,146.5,1318.46,363.06,-17.91000000000003,,-457.4400000000001,,55.0,44,59.0,26
7,"Casey, 2017",53,GSAS,did,,,0,0,1,0,43,31.76,27.16,6.29,10.27,26,32.94,16.15,7.15,10.06,-4.600000000000001,,-16.79,,55.0,43,54.0,26
7,"Casey, 2017",54,SOGS,did,,,0,0,1,0,40,8.14,7.53,4.19,4.31,30,10.27,5.43,2.81,3.81,-0.6100000000000003,,-4.84,,55.0,40,59.0,30
7,"Casey, 2017",55,QoL,did,,,0,0,1,0,38,16.67,7.92,6.97,33.87,22,0.29,15.56,31.01,30.25,-8.750000000000002,,15.27,,55.0,38,45.0,22
8,"Cunningham, 2009",56,CPGI,did,,,0,0,0,1,25,14.5,12.5,5.6,6.5,24,15.4,11.6,5.0,4.9,-2.0,,-3.800000000000001,,25.0,25,24.0,24
8,"Cunningham, 2009",57,GlobalIntensity,rct,,,0,0,0,1,25,,1771.3,,2297.5,24,,965.0,,1592.66,,,,,,25,,24
9,"Cunningham, 2012",58,GlobalFreq,did,,,0,0,0,1,69,9.0,8.9,6.9,6.2,70,10.9,9.0,9.0,7.8,-0.09999999999999964,,-1.9,,69.0,69,70.0,70
9,"Cunningham, 2012",59,GlobalFreq,did,,,0,0,0,1,69,9.0,8.9,6.9,6.2,70,10.9,11.3,9.0,8.6,-0.09999999999999964,,0.4000000000000004,,69.0,69,70.0,70
9,"Cunningham, 2012",60,GlobalFreq,did,,,0,0,0,1,69,9.0,8.6,6.9,6.6,70,10.9,8.6,9.0,7.5,-0.4000000000000004,,-2.300000000000001,,69.0,69,70.0,70
9,"Cunningham, 2012",61,GlobalFreq,did,,,0,0,0,1,69,9.0,8.6,6.9,6.6,70,10.9,9.3,9.0,8.3,-0.4000000000000004,,-1.6,,69.0,69,70.0,70
9,"Cunningham, 2012",62,GlobalFreq,did,,,0,0,0,1,69,9.0,9.7,6.9,7.6,70,10.9,7.2,9.0,7.3,0.6999999999999993,,-3.7,,69.0,69,70.0,70
9,"Cunningham, 2012",63,GlobalFreq,did,,,0,0,0,1,69,9.0,9.7,6.9,7.6,70,10.9,10.9,9.0,9.1,0.6999999999999993,,0.0,,69.0,69,70.0,70
9,"Cunningham, 2012",64,GlobalIntensity,did,,,0,0,0,1,69,407.0,334.8,599.5,418.6,70,471.1,432.0,631.5,514.3,-72.19999999999999,,-39.10000000000002,,69.0,69,70.0,70
9,"Cunningham, 2012",65,GlobalIntensity,did,,,0,0,0,1,69,407.0,334.8,599.5,418.6,70,471.1,481.4,631.5,542.3,-72.19999999999999,,10.29999999999995,,69.0,69,70.0,70
9,"Cunningham, 2012",66,GlobalIntensity,did,,,0,0,0,1,69,407.0,327.2,599.5,420.7,70,471.1,412.8,631.5,550.0,-79.80000000000001,,-58.30000000000001,,69.0,69,70.0,70
9,"Cunningham, 2012",67,GlobalIntensity,did,,,0,0,0,1,69,407.0,327.2,599.5,420.7,70,471.1,361.8,631.5,476.9,-79.80000000000001,,-109.3,,69.0,69,70.0,70
9,"Cunningham, 2012",68,GlobalIntensity,did,,,0,0,0,1,69,407.0,348.8,599.5,468.3,70,471.1,378.4,631.5,476.0,-58.19999999999999,,-92.70000000000005,,69.0,69,70.0,70
9,"Cunningham, 2012",69,GlobalIntensity,did,,,0,0,0,1,69,407.0,348.8,599.5,468.3,70,471.1,366.0,631.5,503.0,-58.19999999999999,,-105.1,,69.0,69,70.0,70
10,"Cunningham, 2019",70,GlobalFreq,did,,,1,0,0,0,149,15.71,9.12,7.81,7.69,129,17.41,9.71,7.86,7.72,-6.590000000000002,,-7.699999999999999,,170.0,149,151.0,129
10,"Cunningham, 2019",71,GlobalFreq,did,,,1,0,0,0,155,15.71,7.09,7.81,7.72,127,17.41,7.86,7.86,7.66,-8.620000000000001,,-9.55,,170.0,155,151.0,127
10,"Cunningham, 2019",72,GSAS,did,,,1,0,0,0,149,8.21,6.82,3.0,2.93,129,8.26,7.16,2.95,2.95,-1.390000000000001,,-1.1,,170.0,149,151.0,129
10,"Cunningham, 2019",73,GSAS,did,,,1,0,0,0,155,8.21,6.05,3.0,2.99,127,8.26,6.19,2.95,2.93,-2.160000000000001,,-2.069999999999999,,170.0,155,151.0,127
11,"Cunningham, 2025",74,SGHS,did,,,0,0,0,1,718,4.18,2.78,2.82,2.95,695,4.37,2.89,2.82,2.9,-1.4,,-1.48,,793.0,718,793.0,695
11,"Cunningham, 2025",75,SGHS,did,,,0,0,0,1,655,4.18,3.22,2.82,2.82,652,4.37,3.19,2.82,2.81,-0.9599999999999995,,-1.18,,793.0,655,793.0,652
11,"Cunningham, 2025",76,GSAS,did,,,0,0,0,1,718,4.42,4.21,3.1,3.48,695,4.68,4.34,3.1,3.16,-0.21,,-0.3399999999999999,,793.0,718,793.0,695
11,"Cunningham, 2025",77,GSAS,did,,,0,0,0,1,655,4.42,4.0,3.1,3.07,652,4.68,4.15,3.1,3.06,-0.4199999999999999,,-0.5299999999999994,,793.0,655,793.0,652
11,"Cunningham, 2025",78,GlobalIntensity,did,,,0,0,0,1,718,58.05,15.56,148.12,145.77,695,64.55,16.39,146.71,145.26,-42.48999999999999,,-48.16,,793.0,718,793.0,695
11,"Cunningham, 2025",79,GlobalIntensity,did,,,0,0,0,1,655,58.05,33.61,148.12,144.09,652,64.55,27.37,146.71,144.52,-24.44,,-37.17999999999999,,793.0,655,793.0,652
11,"Cunningham, 2025",80,GlobalDuration,did,,,0,0,0,1,718,12.12,10.35,17.46,17.15,695,19.65,9.63,17.46,16.87,-1.77,,-10.02,,793.0,718,793.0,695
11,"Cunningham, 2025",81,GlobalDuration,did,,,0,0,0,1,655,12.12,12.61,17.46,16.89,652,19.65,12.63,17.46,16.85,0.4900000000000002,,-7.019999999999998,,793.0,655,793.0,652
12,"Dowling, 2007",82,BDI-II,did,,,1,0,0,0,20,23.1,17.1,13.9,10.6,15,23.5,12.8,14.0,8.8,-6.0,,-10.7,,25.0,20,17.0,15
12,"Dowling, 2007",83,BDI-II,did,,,1,0,0,0,20,23.1,17.1,13.9,10.6,12,27.0,9.3,14.6,7.9,-6.0,,-17.7,,25.0,20,14.0,12
12,"Dowling, 2007",84,DDDuration,did,,,1,0,0,0,20,207.0,265.0,199.0,245.0,15,199.0,98.0,145.0,72.0,58.0,,-101.0,,25.0,20,17.0,15
12,"Dowling, 2007",85,DDDuration,did,,,1,0,0,0,20,207.0,265.0,199.0,245.0,12,227.0,45.0,232.0,83.0,58.0,,-182.0,,25.0,20,14.0,12
12,"Dowling, 2007",86,DDFreq,did,,,1,0,0,0,20,1.8,2.0,1.6,1.5,15,1.8,0.9,1.4,0.7,0.2,,-0.9,,25.0,20,17.0,15
12,"Dowling, 2007",87,DDFreq,did,,,1,0,0,0,20,1.8,2.0,1.6,1.5,12,1.7,0.4,1.6,0.5,0.2,,-1.3,,25.0,20,14.0,12
12,"Dowling, 2007",88,DDIntensity,did,,,1,0,0,0,20,244.0,303.0,276.0,306.0,15,253.0,162.0,197.0,129.0,59.0,,-91.0,,25.0,20,17.0,15
12,"Dowling, 2007",89,DDIntensity,did,,,1,0,0,0,20,244.0,303.0,276.0,306.0,12,243.0,32.0,243.0,50.0,59.0,,-211.0,,25.0,20,14.0,12
12,"Dowling, 2007",90,STAI-S,did,,,1,0,0,0,20,68.2,61.7,17.7,18.3,15,63.2,55.3,13.4,12.5,-6.5,,-7.900000000000006,,25.0,20,17.0,15
12,"Dowling, 2007",91,STAI-S,did,,,1,0,0,0,20,68.2,61.7,17.7,18.3,12,70.2,52.1,17.2,14.1,-6.5,,-18.1,,25.0,20,14.0,12
12,"Dowling, 2007",92,STAI-T,did,,,1,0,0,0,20,71.8,66.3,16.0,16.9,15,75.0,63.2,13.0,13.2,-5.5,,-11.8,,25.0,20,17.0,15
12,"Dowling, 2007",93,STAI-T,did,,,1,0,0,0,20,71.8,66.3,16.0,16.9,12,74.6,54.7,17.7,15.0,-5.5,,-19.89999999999999,,25.0,20,14.0,12
13,"Ede, 2020",94,GSAS,did,,,1,0,0,0,20,35.99,33.59,1.34,4.31,20,36.62,9.03,2.13,2.01,-2.399999999999999,,-27.59,,20.0,20,20.0,20
13,"Ede, 2020",95,GSAS,did,,,1,0,0,0,20,35.99,33.67,1.34,4.62,20,36.62,10.6,2.13,1.27,-2.32,,-26.02,,20.0,20,20.0,20
14,"Grant, 2009",96,GSAS,did,,,1,0,0,0,35,30.2,29.7,7.99,10.6,33,29.3,19.9,7.7,11.2,-0.5,,-9.400000000000002,,35.0,35,33.0,33
14,"Grant, 2009",97,HAS,did,,,1,0,0,0,35,6.2,6.37,3.75,3.51,33,4.88,3.73,3.92,3.8,0.1699999999999999,,-1.15,,35.0,35,33.0,33
14,"Grant, 2009",98,HRSD,did,,,1,0,0,0,35,7.6,8.0,4.71,4.99,33,6.36,4.64,5.11,4.83,0.4000000000000004,,-1.720000000000001,,35.0,35,33.0,33
14,"Grant, 2009",99,QoL,did,,,1,0,0,0,35,31.4,32.6,16.1,15.9,33,36.6,40.9,13.5,12.4,1.200000000000003,,4.299999999999997,,35.0,35,33.0,33
14,"Grant, 2009",100,Y-BOCS,did,,,1,0,0,0,35,19.7,18.1,5.81,7.7,33,19.1,9.0,5.45,7.78,-1.599999999999998,,-10.1,,35.0,35,33.0,33
15,"Harris, 2016",101,Other,did,,,1,0,0,0,14,7.13,5.14,1.41,2.35,15,6.5,2.13,1.32,1.96,-1.99,,-4.37,,16.0,14,16.0,15
15,"Harris, 2016",102,GlobalFreq,did,,,1,0,0,0,14,11.75,10.71,5.09,6.58,15,11.53,4.43,4.0,4.8,-1.039999999999999,,-7.1,,16.0,14,16.0,15
16,"Hodgins, 2001",103,TLFBFreq,did,,,1,0,0,0,34,9.2,6.0,8.2,7.1,33,9.5,4.7,7.4,5.4,-3.199999999999999,,-4.8,,34.0,34,33.0,33
16,"Hodgins, 2001",104,TLFBFreq,did,,,1,0,0,0,34,9.2,6.0,8.2,7.1,31,10.2,4.3,7.9,4.9,-3.199999999999999,,-5.899999999999999,,34.0,34,31.0,31
16,"Hodgins, 2001",105,TLFBIntensity,did,,,1,0,0,0,34,197.6,141.1,157.8,145.7,31,157.9,62.3,130.3,95.9,-56.5,,-95.60000000000001,,34.0,34,31.0,31
16,"Hodgins, 2001",106,TLFBIntensity,did,,,1,0,0,0,34,197.6,141.1,157.8,145.7,33,287.0,184.7,431.4,264.5,-56.5,,-102.3,,34.0,34,33.0,33
17,"Hodgins, 2009",107,TLFBFreq,rct,,,1,0,0,0,65,,5.7,,6.4,84,8.0,4.8,6.6,5.9,,,-3.2,,65.0,65,84.0,84
17,"Hodgins, 2009",108,TLFBFreq,rct,,,1,0,0,0,65,,5.7,,6.4,82,8.3,6.6,6.7,7.3,,,-1.700000000000001,,65.0,65,82.0,82
17,"Hodgins, 2009",109,TLFBFreq,rct,,,1,0,0,0,65,,5.7,,6.4,83,8.0,4.7,7.3,6.0,,,-3.3,,65.0,65,83.0,83
18,"Jonas, 2020",110,GlobalFreq,did,,,0,0,1,0,57,14.9,7.9,9.4,8.8,54,14.8,2.4,8.5,4.2,-7.0,,-12.4,,57.0,57,54.0,54
18,"Jonas, 2020",111,GlobalIntensity,did,,,0,0,1,0,57,510.4,249.4,409.9,262.3,54,583.6,97.0,405.1,187.9,-261.0,,-486.6,,57.0,57,54.0,54
18,"Jonas, 2020",112,PGSI,did,,,0,0,1,0,57,16.2,11.8,4.8,7.0,54,16.4,7.7,4.5,6.4,-4.399999999999999,,-8.7,,57.0,57,54.0,54
18,"Jonas, 2020",113,QoL,did,,,0,0,1,0,57,9.2,12.4,4.6,5.2,54,7.4,13.9,4.7,5.1,3.200000000000001,,6.5,,57.0,57,54.0,54
18,"Jonas, 2020",114,GlobalFreq,did,,,0,0,1,0,57,14.9,7.9,9.4,8.8,56,13.2,3.5,7.0,5.4,-7.0,,-9.7,,57.0,57,56.0,56
18,"Jonas, 2020",115,GlobalIntensity,did,,,0,0,1,0,57,510.4,249.4,409.9,262.3,56,457.6,128.7,432.4,179.3,-261.0,,-328.9,,57.0,57,56.0,56
18,"Jonas, 2020",116,PGSI,did,,,0,0,1,0,57,16.2,11.8,4.8,7.0,56,16.2,8.1,5.1,7.0,-4.399999999999999,,-8.1,,57.0,57,56.0,56
18,"Jonas, 2020",117,QoL,did,,,0,0,1,0,57,9.2,12.4,4.6,5.2,56,8.5,13.7,4.7,5.0,3.200000000000001,,5.199999999999999,,57.0,57,56.0,56
19,"LaBrie, 2012",118,GlobalFreq,did,,,1,0,0,0,56,15.0,10.6,9.0,7.89,59,15.0,8.8,8.0,8.32,-4.4,,-6.199999999999999,,56.0,56,59.0,59
19,"LaBrie, 2012",119,GlobalFreq,did,,,1,0,0,0,56,15.0,11.8,9.0,8.76,59,15.0,11.1,8.0,7.79,-3.199999999999999,,-3.9,,56.0,56,59.0,59
19,"LaBrie, 2012",120,GlobalFreq,did,,,1,0,0,0,56,15.0,10.6,9.0,7.89,55,14.0,6.6,9.0,6.83,-4.4,,-7.4,,56.0,56,55.0,55
19,"LaBrie, 2012",121,GlobalFreq,did,,,1,0,0,0,56,15.0,11.8,9.0,8.76,55,14.0,9.0,9.0,7.41,-3.199999999999999,,-5.0,,56.0,56,55.0,55
19,"LaBrie, 2012",122,GlobalFreq,did,,,1,0,0,0,46,21.0,17.1,10.0,10.31,49,21.0,15.8,9.0,10.06,-3.899999999999999,,-5.199999999999999,,46.0,46,49.0,49
19,"LaBrie, 2012",123,GlobalFreq,did,,,1,0,0,0,46,21.0,16.4,10.0,9.92,49,21.0,14.3,9.0,10.5,-4.600000000000001,,-6.699999999999999,,46.0,46,49.0,49
19,"LaBrie, 2012",124,GlobalFreq,did,,,1,0,0,0,46,21.0,17.1,10.0,10.31,50,19.0,14.2,10.0,10.2,-3.899999999999999,,-4.800000000000001,,46.0,46,50.0,50
19,"LaBrie, 2012",125,GlobalFreq,did,,,1,0,0,0,46,21.0,16.4,10.0,9.92,50,19.0,12.9,10.0,11.1,-4.600000000000001,,-6.1,,46.0,46,50.0,50
20,"Ladouceur, 2001",126,Other,did,,,1,0,0,0,29,7.2,5.7,1.6,2.8,35,7.6,0.4,1.6,0.8,-1.5,,-7.199999999999999,,29.0,29,35.0,35
20,"Ladouceur, 2001",127,GlobalDuration,did,,,1,0,0,0,29,186.0,229.0,268.0,311.0,35,227.0,43.0,421.0,187.0,43.0,,-184.0,,29.0,29,35.0,35
20,"Ladouceur, 2001",128,GlobalFreq,did,,,1,0,0,0,29,1.1,1.8,1.2,2.8,35,1.8,0.5,2.9,1.4,0.7,,-1.3,,29.0,29,35.0,35
20,"Ladouceur, 2001",129,GlobalIntensity,did,,,1,0,0,0,29,127.0,271.0,185.0,444.0,35,409.0,39.0,144.0,173.0,144.0,,-370.0,,29.0,29,35.0,35
21,"Ladouceur, 2003",130,Other,did,,,1,0,0,0,25,8.0,6.0,1.38,3.1,34,7.26,1.56,1.48,2.32,-2.0,,-5.699999999999999,,25.0,25,34.0,34
22,"Larimer, 2012",131,GlobalFreq,did,,,1,0,0,0,41,3.71,3.93,2.06,2.17,30,3.51,3.29,1.83,1.63,0.2200000000000002,,-0.2199999999999998,,51.0,41,44.0,30
22,"Larimer, 2012",132,GlobalFreq,did,,,0,1,0,0,41,3.71,3.93,2.06,2.17,40,3.86,3.38,1.98,2.16,0.2200000000000002,,-0.48,,51.0,41,52.0,40
22,"Larimer, 2012",133,GlobalIntensity,did,,,1,0,0,0,41,-0.08,0.05,0.73,0.73,30,-0.15,-0.19,0.57,0.65,0.13,,-0.04000000000000001,,51.0,41,44.0,30
22,"Larimer, 2012",134,GlobalIntensity,did,,,0,1,0,0,41,-0.08,0.05,0.73,0.73,40,0.2,0.09,1.04,1.05,0.13,,-0.11,,51.0,41,52.0,40
22,"Larimer, 2012",135,NODS,did,,,1,0,0,0,41,2.24,2.26,1.9,1.5,30,1.93,1.53,1.19,1.14,0.01999999999999957,,-0.3999999999999999,,51.0,41,44.0,30
22,"Larimer, 2012",136,NODS,did,,,0,1,0,0,41,2.24,5.4,1.9,6.92,40,2.52,2.58,1.75,5.95,3.16,,0.06000000000000005,,51.0,41,52.0,40
23,"Lee, 2015",137,GSAS,did,,,0,0,1,0,8,2.36,2.02,0.6,0.8,8,1.7,0.91,0.81,0.63,-0.3399999999999999,,-0.7899999999999999,,8.0,8,8.0,8
23,"Lee, 2015",138,GSAS,did,,,0,0,1,0,8,2.36,2.19,0.6,1.07,8,1.7,1.09,0.81,0.88,-0.1699999999999999,,-0.6099999999999999,,8.0,8,8.0,8
24,"Luquiens, 2016",139,PGSI,did,,,1,0,0,0,65,8.63,6.65,4.48,3.93,14,8.69,10.29,4.32,6.45,-1.98,,1.6,,264.0,65,301.0,14
24,"Luquiens, 2016",140,PGSI,did,,,1,0,0,0,45,8.63,7.18,4.48,5.16,8,8.69,5.25,4.32,3.11,-1.450000000000001,,-3.44,,264.0,45,301.0,8
24,"Luquiens, 2016",141,PGSI,did,,,0,0,0,1,65,8.63,6.65,4.48,3.93,65,9.32,7.34,4.95,4.42,-1.98,,-1.98,,264.0,65,293.0,65
24,"Luquiens, 2016",142,PGSI,did,,,0,0,0,1,45,8.63,7.18,4.48,5.16,41,9.32,5.85,4.95,3.54,-1.450000000000001,,-3.470000000000001,,264.0,45,293.0,41
24,"Luquiens, 2016",143,PGSI,did,,,1,0,0,0,65,8.63,6.65,4.48,3.93,44,9.42,7.45,5.08,5.64,-1.98,,-1.97,,264.0,65,264.0,44
24,"Luquiens, 2016",144,PGSI,did,,,1,0,0,0,45,8.63,7.18,4.48,5.16,19,9.42,5.89,5.08,4.32,-1.450000000000001,,-3.53,,264.0,45,264.0,19
24,"Luquiens, 2016",145,PlayerFreq,did,,,1,0,0,0,264,68.6,63.42,75.89,69.79,301,57.75,58.44,73.76,73.17,-5.179999999999993,,0.6899999999999977,,264.0,264,301.0,301
24,"Luquiens, 2016",146,PlayerFreq,did,,,1,0,0,0,264,68.6,57.02,75.89,71.45,301,57.75,51.17,73.76,66.97,-11.57999999999999,,-6.579999999999998,,264.0,264,301.0,301
24,"Luquiens, 2016",147,PlayerFreq,did,,,1,0,0,0,264,68.6,63.42,75.89,69.79,264,57.45,48.2,78.33,63.06,-5.179999999999993,,-9.25,,264.0,264,264.0,264
24,"Luquiens, 2016",148,PlayerFreq,did,,,1,0,0,0,264,68.6,57.02,75.89,71.45,264,57.45,48.59,78.33,69.69,-11.57999999999999,,-8.86,,264.0,264,264.0,264
24,"Luquiens, 2016",149,PlayerFreq,did,,,0,0,0,1,264,68.6,63.42,75.89,69.79,293,63.69,58.84,85.46,77.91,-5.179999999999993,,-4.849999999999994,,264.0,264,293.0,293
24,"Luquiens, 2016",150,PlayerFreq,did,,,0,0,0,1,264,68.6,57.02,75.89,71.45,293,63.69,58.66,85.46,89.49,-11.57999999999999,,-5.030000000000001,,264.0,264,293.0,293
24,"Luquiens, 2016",151,PlayerIntensity,did,,,1,0,0,0,264,1565.95,1488.0,4244.16,4119.0,301,1171.63,1572.0,2919.44,5475.0,-77.95000000000005,,400.3699999999999,,264.0,264,301.0,301
24,"Luquiens, 2016",152,PlayerIntensity,did,,,1,0,0,0,264,1565.95,1698.0,4244.16,8585.0,301,1171.63,1742.0,2919.44,9223.0,132.05,,570.3699999999999,,264.0,264,301.0,301
24,"Luquiens, 2016",153,PlayerIntensity,did,,,0,0,0,1,264,1565.95,1488.0,4244.16,4119.0,293,1858.78,1705.0,5140.84,6211.0,-77.95000000000005,,-153.78,,264.0,264,293.0,293
24,"Luquiens, 2016",154,PlayerIntensity,did,,,0,0,0,1,264,1565.95,1698.0,4244.16,8585.0,293,1858.78,1533.0,5140.84,4615.0,132.05,,-325.78,,264.0,264,293.0,293
24,"Luquiens, 2016",155,PlayerIntensity,did,,,1,0,0,0,264,1565.95,1488.0,4244.16,4119.0,264,2413.49,3002.0,8872.57,16276.0,-77.95000000000005,,588.5100000000002,,264.0,264,264.0,264
24,"Luquiens, 2016",156,PlayerIntensity,did,,,1,0,0,0,264,1565.95,1698.0,4244.16,8585.0,264,2413.49,2389.0,8872.57,10628.0,132.05,,-24.48999999999978,,264.0,264,264.0,264
25,"Marceaux, 2011",157,Other,did,,,1,0,0,0,7,7.22,6.71,2.22,2.43,15,7.17,1.07,1.29,1.16,-0.5099999999999998,,-6.1,,9.0,7,18.0,15
25,"Marceaux, 2011",158,TLFBFreq,did,,,1,0,0,0,7,4.11,3.56,2.67,3.08,15,5.72,0.67,4.91,1.29,-0.5500000000000003,,-5.05,,9.0,7,18.0,15
25,"Marceaux, 2011",159,TLFBIntensity,did,,,1,0,0,0,7,1056.67,802.14,1079.9,829.75,15,1548.17,306.33,1585.7,963.37,-254.5300000000001,,-1241.84,,9.0,7,18.0,15
25,"Marceaux, 2011",160,Other,did,,,0,0,1,0,7,7.22,6.71,2.22,2.43,11,6.73,2.0,1.27,2.49,-0.5099999999999998,,-4.73,,9.0,7,11.0,11
25,"Marceaux, 2011",161,TLFBFreq,did,,,0,0,1,0,7,4.11,3.56,2.67,3.08,11,4.72,0.18,4.15,0.6,-0.5500000000000003,,-4.54,,9.0,7,11.0,11
25,"Marceaux, 2011",162,TLFBIntensity,did,,,0,0,1,0,7,1056.67,802.14,1079.9,829.75,11,1244.09,45.45,1355.61,150.76,-254.5300000000001,,-1198.64,,9.0,7,11.0,11
26,"Martens, 2015",163,CPGI,did,,,0,0,0,1,107,3.05,2.8,2.69,3.45,110,3.23,1.79,3.43,2.8,-0.25,,-1.44,,109.0,107,111.0,110
26,"Martens, 2015",164,TLFBFreq,did,,,0,0,0,1,107,5.21,3.57,3.46,3.49,110,6.29,3.45,4.94,3.42,-1.64,,-2.84,,109.0,107,111.0,110
26,"Martens, 2015",165,TLFBIntensity,did,,,0,0,0,1,107,220.6,209.42,362.04,533.56,110,200.31,122.88,280.43,259.59,-11.18000000000001,,-77.43,,109.0,107,111.0,110
27,"McAfee, 2020",166,CPGI,did,,,0,0,0,1,93,3.97,2.7,3.24,3.08,80,4.34,2.28,3.11,2.73,-1.27,,-2.06,,96.0,93,86.0,80
27,"McAfee, 2020",167,CPGI,did,,,0,0,0,1,92,3.97,3.06,3.24,3.64,82,4.34,2.87,3.11,3.38,-0.9100000000000001,,-1.47,,96.0,92,86.0,82
27,"McAfee, 2020",168,CPGI,did,,,0,0,0,1,93,3.97,2.7,3.24,3.08,68,5.27,2.78,4.62,2.8,-1.27,,-2.49,,96.0,93,73.0,68
27,"McAfee, 2020",169,CPGI,did,,,0,0,0,1,92,3.97,3.06,3.24,3.64,68,5.27,3.75,4.62,4.0,-0.9100000000000001,,-1.52,,96.0,92,73.0,68
27,"McAfee, 2020",170,TLFBIntensity,did,,,0,0,0,1,93,34.83,29.93,36.44,42.94,80,45.38,29.08,60.21,40.93,-4.899999999999999,,-16.3,,96.0,93,86.0,80
27,"McAfee, 2020",171,TLFBIntensity,did,,,0,0,0,1,92,34.83,34.42,36.44,66.13,82,45.38,32.29,60.21,43.52,-0.4099999999999966,,-13.09,,96.0,92,86.0,82
27,"McAfee, 2020",172,TLFBIntensity,did,,,0,0,0,1,93,34.83,29.93,36.44,42.94,68,44.38,26.63,67.5,40.96,-4.899999999999999,,-17.75,,96.0,93,73.0,68
27,"McAfee, 2020",173,TLFBIntensity,did,,,0,0,0,1,92,34.83,34.42,36.44,66.13,68,44.38,38.56,67.5,89.06,-0.4099999999999966,,-5.82,,96.0,92,73.0,68
28,"Myrseth, 2009",174,Other,did,,,1,0,0,0,7,8.71,2.29,1.11,4.07,7,7.86,1.57,1.35,2.44,-6.420000000000001,,-6.29,,7.0,7,7.0,7
28,"Myrseth, 2009",175,Other,did,,,1,0,0,0,7,8.71,4.57,1.11,4.43,7,7.86,1.57,1.35,2.64,-4.140000000000001,,-6.29,,7.0,7,7.0,7
28,"Myrseth, 2009",176,GlobalIntensity,did,,,1,0,0,0,7,5210.0,2422.86,3904.68,4599.31,7,2519.71,737.14,3144.08,1227.6,-2787.14,,-1782.57,,7.0,7,7.0,7
28,"Myrseth, 2009",177,GlobalIntensity,did,,,1,0,0,0,7,5210.0,7800.0,3904.68,9539.22,7,2519.71,2968.57,3144.08,6668.45,2590.0,,448.8600000000001,,7.0,7,7.0,7
29,"Oei, 2010",178,GlobalFreq,rct,,,1,0,0,0,28,,6.64,,2.5,37,5.59,2.24,2.18,2.88,,,-3.35,,,28,37.0,37
29,"Oei, 2010",179,GlobalFreq,rct,,,1,0,0,0,28,,6.64,,2.5,37,5.66,2.75,2.29,1.84,,,-2.91,,,28,37.0,37
29,"Oei, 2010",180,GlobalIntensity,rct,,,1,0,0,0,28,,1191.0,,3998.0,37,246.0,79.0,244.0,127.0,,,-167.0,,,28,37.0,37
29,"Oei, 2010",181,GlobalIntensity,rct,,,1,0,0,0,28,,1191.0,,3998.0,37,438.0,142.0,775.0,217.0,,,-296.0,,,28,37.0,37
30,"Oei, 2018",182,CPGI,rct,,,1,0,0,0,32,,18.53,,4.79,23,16.04,11.09,6.95,8.41,,,-4.949999999999999,,,32,32.0,23
30,"Oei, 2018",183,DASS-A,rct,,,1,0,0,0,32,,12.71,,12.05,23,12.86,5.52,10.29,9.51,,,-7.34,,,32,32.0,23
30,"Oei, 2018",184,DASS-D,rct,,,1,0,0,0,32,,22.26,,11.58,23,23.82,12.64,12.72,14.82,,,-11.18,,,32,32.0,23
30,"Oei, 2018",185,GlobalFreq,rct,,,1,0,0,0,32,,5.16,,2.03,23,6.87,2.61,3.02,2.04,,,-4.26,,,32,32.0,23
30,"Oei, 2018",186,GlobalIntensity,rct,,,1,0,0,0,32,,313.24,,401.12,23,753.22,364.96,1159.79,1133.1,,,-388.26,,,32,32.0,23
30,"Oei, 2018",187,QoL,rct,,,1,0,0,0,32,,76.63,,12.54,23,71.59,80.29,17.18,21.47,,,8.700000000000003,,,32,32.0,23
31,"Petry, 2006",188,ASI,did,,,1,0,0,0,53,0.65,0.46,0.23,0.3,70,0.72,0.36,0.19,0.22,-0.19,,-0.36,,63.0,53,84.0,70
31,"Petry, 2006",189,ASI,did,,,1,0,0,0,45,0.65,0.39,0.23,0.32,70,0.72,0.32,0.19,0.28,-0.26,,-0.4,,63.0,45,84.0,70
31,"Petry, 2006",190,ASI,did,,,1,0,0,0,53,0.65,0.46,0.23,0.3,72,0.74,0.44,0.19,0.25,-0.19,,-0.3,,63.0,53,84.0,72
31,"Petry, 2006",191,ASI,did,,,1,0,0,0,45,0.65,0.39,0.23,0.32,66,0.74,0.38,0.19,0.28,-0.26,,-0.36,,63.0,45,84.0,66
31,"Petry, 2006",192,SOGS,did,,,1,0,0,0,53,7.9,4.5,3.8,4.3,72,9.0,4.6,3.7,4.8,-3.4,,-4.4,,63.0,53,84.0,72
31,"Petry, 2006",193,SOGS,did,,,1,0,0,0,45,7.9,5.4,3.8,4.8,66,9.0,6.0,3.7,4.6,-2.5,,-3.0,,63.0,45,84.0,66
31,"Petry, 2006",194,SOGS,did,,,1,0,0,0,53,7.9,4.5,3.8,4.3,70,8.7,2.9,3.9,3.6,-3.4,,-5.799999999999999,,63.0,53,84.0,70
31,"Petry, 2006",195,SOGS,did,,,1,0,0,0,45,7.9,5.4,3.8,4.8,70,8.7,4.9,3.9,4.5,-2.5,,-3.799999999999999,,63.0,45,84.0,70
31,"Petry, 2006",196,TLFBFreq,did,,,1,0,0,0,45,14.2,7.0,10.2,8.5,66,14.7,5.9,10.3,7.3,-7.199999999999999,,-8.799999999999999,,63.0,45,84.0,66
31,"Petry, 2006",197,TLFBFreq,did,,,1,0,0,0,53,14.2,8.0,10.2,9.6,72,14.7,6.1,10.3,7.9,-6.199999999999999,,-8.6,,63.0,53,84.0,72
31,"Petry, 2006",198,TLFBFreq,did,,,1,0,0,0,45,14.2,7.0,10.2,8.5,70,13.3,6.0,9.7,7.8,-7.199999999999999,,-7.300000000000001,,63.0,45,84.0,70
31,"Petry, 2006",199,TLFBFreq,did,,,1,0,0,0,53,14.2,8.0,10.2,9.6,70,13.3,4.5,9.7,7.1,-6.199999999999999,,-8.8,,63.0,53,84.0,70
32,"Petry, 2008",200,ASI,did,,,1,0,0,0,47,0.44,0.34,0.21,0.19,38,0.4,0.32,0.18,0.19,-0.09999999999999998,,-0.08000000000000002,,48.0,47,40.0,38
32,"Petry, 2008",201,ASI,did,,,1,0,0,0,42,0.44,0.33,0.21,0.24,34,0.4,0.25,0.18,0.17,-0.11,,-0.15,,48.0,42,40.0,34
32,"Petry, 2008",202,ASI,did,,,0,1,0,0,47,0.44,0.34,0.21,0.19,52,0.41,0.39,0.22,0.25,-0.09999999999999998,,-0.01999999999999996,,48.0,47,55.0,52
32,"Petry, 2008",203,ASI,did,,,0,1,0,0,42,0.44,0.33,0.21,0.24,48,0.41,0.31,0.22,0.24,-0.11,,-0.09999999999999998,,48.0,42,55.0,48
32,"Petry, 2008",204,ASI,did,,,0,1,0,0,48,0.44,0.34,0.34,0.19,37,0.44,0.31,0.24,0.31,-0.09999999999999998,,-0.13,,48.0,48,37.0,37
32,"Petry, 2008",205,ASI,did,,,0,1,0,0,48,0.44,0.33,0.34,0.24,37,0.44,0.31,0.24,0.27,-0.11,,-0.13,,48.0,48,37.0,37
32,"Petry, 2008",206,GlobalIntensity,did,,,0,1,0,0,48,2.8,2.4,0.6,1.0,37,2.5,1.6,0.5,1.4,-0.3999999999999999,,-0.8999999999999999,,48.0,48,37.0,37
32,"Petry, 2008",207,GlobalIntensity,did,,,0,1,0,0,48,2.8,2.1,0.6,1.4,37,2.5,1.5,0.5,1.5,-0.6999999999999997,,-1.0,,48.0,48,37.0,37
32,"Petry, 2008",208,GlobalIntensity,did,,,0,1,0,0,47,2.8,2.4,0.6,1.0,52,2.5,2.2,0.7,1.2,-0.3999999999999999,,-0.2999999999999998,,48.0,47,55.0,52
32,"Petry, 2008",209,GlobalIntensity,did,,,0,1,0,0,42,2.8,2.1,0.6,1.4,48,2.5,2.0,0.7,1.3,-0.6999999999999997,,-0.5,,48.0,42,55.0,48
32,"Petry, 2008",210,GlobalIntensity,did,,,1,0,0,0,47,2.8,2.4,0.6,1.0,38,2.6,2.0,0.8,1.0,-0.3999999999999999,,-0.6000000000000001,,48.0,47,40.0,38
32,"Petry, 2008",211,GlobalIntensity,did,,,1,0,0,0,42,2.8,2.1,0.6,1.4,34,2.6,1.8,0.8,1.5,-0.6999999999999997,,-0.8,,48.0,42,40.0,34
33,"Petry, 2009",212,ASI,did,,,1,0,0,0,34,0.3,0.21,0.12,0.13,18,0.33,0.18,0.11,0.1,-0.09,,-0.15,,34.0,34,21.0,18
33,"Petry, 2009",213,ASI,did,,,1,0,0,0,33,0.3,0.24,0.12,0.19,19,0.33,0.17,0.11,0.15,-0.06,,-0.16,,34.0,33,21.0,19
33,"Petry, 2009",214,ASI,did,,,0,1,0,0,34,0.3,0.21,0.12,0.13,30,0.3,0.17,0.15,0.12,-0.09,,-0.13,,34.0,34,30.0,30
33,"Petry, 2009",215,ASI,did,,,0,1,0,0,34,0.3,0.21,0.12,0.13,32,0.3,0.19,0.15,0.14,-0.09,,-0.11,,34.0,34,32.0,32
33,"Petry, 2009",216,ASI,did,,,0,1,0,0,34,0.3,0.24,0.12,0.19,32,0.3,0.16,0.15,0.12,-0.06,,-0.14,,34.0,34,32.0,32
33,"Petry, 2009",217,ASI,did,,,0,1,0,0,33,0.3,0.24,0.12,0.19,29,0.3,0.13,0.15,0.13,-0.06,,-0.17,,34.0,33,30.0,29
33,"Petry, 2009",218,TLFBFreq,did,,,1,0,0,0,33,14.2,10.3,8.2,10.0,19,15.7,6.1,8.7,7.8,-3.899999999999999,,-9.6,,34.0,33,21.0,19
33,"Petry, 2009",219,TLFBFreq,did,,,1,0,0,0,34,14.2,9.9,8.2,8.3,18,15.7,8.9,8.7,8.7,-4.299999999999999,,-6.799999999999999,,34.0,34,21.0,18
33,"Petry, 2009",220,TLFBFreq,did,,,0,1,0,0,33,14.2,10.3,8.2,10.0,29,14.1,5.5,8.9,7.5,-3.899999999999999,,-8.6,,34.0,33,30.0,29
33,"Petry, 2009",221,TLFBFreq,did,,,0,1,0,0,34,14.2,9.9,8.2,8.3,30,14.1,7.4,8.9,7.1,-4.299999999999999,,-6.699999999999999,,34.0,34,30.0,30
33,"Petry, 2009",222,TLFBIntensity,did,,,0,1,0,0,34,14.2,10.3,8.2,10.0,32,13.3,5.9,7.7,6.7,-3.899999999999999,,-7.4,,34.0,34,32.0,32
33,"Petry, 2009",223,TLFBIntensity,did,,,0,1,0,0,34,14.2,9.9,8.2,8.3,32,13.3,8.0,7.7,7.3,-4.299999999999999,,-5.300000000000001,,34.0,34,32.0,32
34,"Petry, 2016",224,SOGS,did,,,0,1,0,0,69,7.7,1.0,2.6,1.8,66,7.8,1.0,2.8,2.6,-6.7,,-6.8,,69.0,69,66.0,66
34,"Petry, 2016",225,SOGS,did,,,0,1,0,0,69,7.7,5.7,2.6,2.3,66,7.8,5.6,2.8,2.6,-2.0,,-2.2,,69.0,69,66.0,66
34,"Petry, 2016",226,SOGS,did,,,1,0,0,0,60,7.7,1.0,2.6,1.8,67,7.9,1.0,3.9,1.8,-6.7,,-6.9,,69.0,60,82.0,67
34,"Petry, 2016",227,SOGS,did,,,1,0,0,0,66,7.7,5.7,2.6,2.3,75,7.9,5.0,3.9,3.6,-2.0,,-2.9,,69.0,66,82.0,75
34,"Petry, 2016",228,TLFBFreq,did,,,0,1,0,0,69,16.8,14.0,5.2,5.2,66,19.4,15.2,5.3,5.9,-2.800000000000001,,-4.199999999999999,,69.0,69,66.0,66
34,"Petry, 2016",229,TLFBFreq,did,,,1,0,0,0,66,16.8,14.0,5.2,5.2,75,18.0,13.5,4.5,5.3,-2.800000000000001,,-4.5,,69.0,66,82.0,75
34,"Petry, 2016",230,TLFBFreq,did,,,1,0,0,0,60,16.8,7.1,5.2,6.7,67,18.0,6.6,4.5,8.8,-9.700000000000001,,-11.4,,69.0,60,82.0,67
34,"Petry, 2016",231,TLFBFreq,did,,,0,1,0,0,69,16.8,7.1,5.2,6.7,66,19.4,8.5,5.3,6.7,-9.700000000000001,,-10.9,,69.0,69,66.0,66
35,"Rolvien, 2024",232,Y-BOCS,did,,,1,0,0,0,124,16.71,13.74,7.65,6.8,119,16.77,11.09,7.64,7.29,-2.970000000000001,,-5.68,,124.0,124,119.0,119
35,"Rolvien, 2024",233,SOGS,did,,,1,0,0,0,124,9.06,6.32,4.68,4.25,119,9.09,4.86,4.67,4.16,-2.74,,-4.23,,124.0,124,119.0,119
35,"Rolvien, 2024",234,PHQ-9,did,,,1,0,0,0,124,8.7,7.19,5.62,4.13,119,8.78,5.79,5.66,4.22,-1.509999999999999,,-2.989999999999999,,124.0,124,119.0,119
36,"Rosen, 2020",235,ASI,did,,,0,0,0,1,54,0.46,0.33,0.21,0.27,45,0.44,0.26,0.22,0.27,-0.13,,-0.18,,56.0,54,46.0,45
36,"Rosen, 2020",236,GlobalFreq,did,,,0,0,0,1,54,7.54,5.85,8.64,8.56,45,6.93,4.04,7.48,6.19,-1.69,,-2.89,,56.0,54,46.0,45
36,"Rosen, 2020",237,GlobalIntensity,did,,,0,0,0,1,54,3563.0,1469.35,3716.81,1681.77,45,4458.43,1494.0,4757.13,1514.26,-2093.65,,-2964.43,,56.0,54,46.0,45
37,"So, 2020",238,GlobalFreq,did,,,1,0,0,0,98,12.0,9.5,7.9,7.4,87,13.1,8.6,8.9,10.2,-2.5,,-4.5,,101.0,98,96.0,87
37,"So, 2020",239,GlobalIntensity,did,,,1,0,0,0,98,174208.0,143602.0,233286.0,263134.0,87,205798.0,146947.0,420110.0,543014.0,-30606.0,,-58851.0,,101.0,98,96.0,87
37,"So, 2020",240,GSAS,rct,,,1,0,0,0,98,,25.2,,10.3,87,,22.0,,10.8,,,,,,98,,87
37,"So, 2020",241,PGSI,did,,,1,0,0,0,98,16.7,13.4,4.5,6.1,87,16.9,12.2,5.0,7.4,-3.299999999999999,,-4.699999999999999,,101.0,98,96.0,87
38,"Sylvain, 1997",242,Other,did,,,1,0,0,0,15,7.1,5.7,0.9,1.8,14,7.3,1.1,0.9,0.9,-1.399999999999999,,-6.199999999999999,,15.0,15,14.0,14
38,"Sylvain, 1997",243,GlobalFreq,did,,,1,0,0,0,15,1.5,2.1,1.7,1.8,14,0.8,0.2,1.2,0.6,0.6000000000000001,,-0.6000000000000001,,15.0,15,14.0,14
38,"Sylvain, 1997",244,GlobalIntensity,did,,,1,0,0,0,15,99.67,188.0,127.5,243.84,14,23.29,8.57,53.48,23.16,88.33,,-14.72,,15.0,15,14.0,14
38,"Sylvain, 1997",245,SOGS,did,,,1,0,0,0,15,13.1,13.0,2.9,3.9,14,12.6,2.7,2.3,3.7,-0.09999999999999964,,-9.899999999999999,,15.0,15,14.0,14
39,"Toneatto, 2014",246,Other,did,,,1,0,0,0,9,7.89,6.71,0.78,2.43,9,6.67,3.44,1.73,3.0,-1.18,,-3.23,,9.0,9,9.0,9
40,"Wall, 2023",247,AUDIT-C,did,,,1,0,0,0,13,3.4,2.2,1.63,1.3,10,3.7,2.1,2.63,2.09,-1.2,,-1.6,,21.0,13,22.0,10
40,"Wall, 2023",248,AUDIT-C,did,,,1,0,0,0,17,3.4,3.7,1.63,2.82,12,3.7,2.8,2.63,2.37,0.3000000000000003,,-0.9000000000000004,,21.0,17,22.0,12
40,"Wall, 2023",249,GAD-7,did,,,1,0,0,0,13,9.5,3.7,5.24,5.89,10,10.5,3.7,5.38,4.23,-5.8,,-6.8,,21.0,13,22.0,10
40,"Wall, 2023",250,GAD-7,did,,,1,0,0,0,17,9.5,8.5,5.24,5.89,12,10.5,6.8,5.38,4.43,-1.0,,-3.7,,21.0,17,22.0,12
40,"Wall, 2023",251,NODS,did,,,1,0,0,0,13,6.2,2.0,1.91,3.0,10,6.2,2.44,2.11,3.13,-4.2,,-3.76,,21.0,13,22.0,10
40,"Wall, 2023",252,NODS,did,,,1,0,0,0,17,6.2,3.82,1.91,3.41,12,6.2,3.33,2.11,3.75,-2.38,,-2.87,,21.0,17,22.0,12
40,"Wall, 2023",253,PGSI,did,,,1,0,0,0,13,21.7,9.2,3.84,7.49,10,20.5,10.0,3.84,7.35,-12.5,,-10.5,,21.0,13,22.0,10
40,"Wall, 2023",254,PHQ-9,did,,,1,0,0,0,13,14.8,5.6,5.71,5.53,10,16.5,5.2,6.12,6.18,-9.200000000000001,,-11.3,,21.0,13,22.0,10
40,"Wall, 2023",255,PHQ-9,did,,,1,0,0,0,17,14.8,9.2,5.71,6.41,12,16.5,8.6,6.12,6.73,-5.600000000000001,,-7.9,,21.0,17,22.0,12
40,"Wall, 2023",256,TLFBIntensity,did,,,1,0,0,0,17,1221.0,356.0,2442.0,707.0,12,1095.0,544.0,1728.0,1732.0,-865.0,,-551.0,,21.0,17,22.0,12
40,"Wall, 2023",257,TLFBIntensity,did,,,1,0,0,0,13,1221.0,70.4,2442.0,95.1,10,1095.0,49.2,1728.0,72.9,-1150.6,,-1045.8,,21.0,13,22.0,10
41,"Wong, 2015",258,DASS-A,did,,,1,0,0,0,16,4.19,4.44,3.41,4.55,15,3.79,2.29,3.14,2.43,0.25,,-1.5,,16.0,16,15.0,15
41,"Wong, 2015",259,DASS-D,did,,,1,0,0,0,16,4.88,4.25,3.74,4.57,15,5.21,3.57,4.77,2.95,-0.6299999999999999,,-1.64,,16.0,16,15.0,15
41,"Wong, 2015",260,GlobalDuration,did,,,1,0,0,0,16,3.07,2.8,2.46,2.68,15,3.2,2.47,2.24,1.73,-0.27,,-0.73,,16.0,16,15.0,15
41,"Wong, 2015",261,GlobalFreq,did,,,1,0,0,0,16,4.33,3.53,2.61,2.36,15,4.27,2.86,2.21,1.92,-0.8000000000000003,,-1.41,,16.0,16,15.0,15
41,"Wong, 2015",262,GlobalIntensity,did,,,1,0,0,0,16,4.07,2.6,3.17,2.41,15,3.4,2.6,2.85,2.41,-1.47,,-0.7999999999999998,,16.0,16,15.0,15
41,"Wong, 2015",263,SOGS,did,,,1,0,0,0,16,11.19,10.38,5.26,6.0,15,14.38,10.4,3.61,5.22,-0.8099999999999987,,-3.98,,16.0,16,15.0,15
42,"Wulfert, 2025",264,SOGS,did,,,1,0,0,0,19,12.2,6.58,2.53,3.47,22,10.9,4.82,2.3,3.69,-5.619999999999999,,-6.08,,23.0,19,23.0,22
42,"Wulfert, 2025",265,TLFBFreq,did,,,1,0,0,0,20,14.1,6.17,8.6,7.94,22,16.6,4.7,9.5,6.9,-7.93,,-11.9,,23.0,20,23.0,22
42,"Wulfert, 2025",266,TLFBIntensity,did,,,1,0,0,0,20,3917.0,1952.0,5816.0,4463.0,22,3315.0,305.0,5057.0,465.0,-1965.0,,-3010.0,,23.0,20,23.0,22
42,"Wulfert, 2025",267,SOGS,did,,,1,0,0,0,15,12.2,4.93,2.53,4.98,21,10.9,3.1,2.3,3.77,-7.27,,-7.800000000000001,,23.0,15,23.0,21
42,"Wulfert, 2025",268,TLFBFreq,did,,,1,0,0,0,15,14.1,6.17,8.6,9.74,21,16.6,4.29,9.5,7.15,-7.93,,-12.31,,23.0,15,23.0,21
42,"Wulfert, 2025",269,TLFBIntensity,did,,,1,0,0,0,15,3917.0,1309.0,5816.0,2296.0,21,3315.0,271.0,5057.0,491.0,-2608.0,,-3044.0,,23.0,15,23.0,21
43,"Yokomitsu, 2025",270,GSAS,did,,,0,0,0,1,78,16.99,14.64,8.49,8.94,132,16.84,15.23,8.5,8.93,-2.349999999999998,,-1.609999999999999,,133.0,78,141.0,132
43,"Yokomitsu, 2025",271,GlobalFreq,did,,,0,0,0,1,77,2.6,2.17,1.86,1.87,132,2.55,2.1,1.83,1.76,-0.4300000000000002,,-0.4499999999999997,,132.0,77,139.0,132
43,"Yokomitsu, 2025",272,GlobalIntensity,did,,,0,0,0,1,76,30598.98,17812.12,50773.56,24427.21,130,36212.0,18887.69,99291.54,31072.72,-12786.86,,-17324.31,,127.0,76,134.0,130
43,"Yokomitsu, 2025",273,GSAS,did,,,0,0,0,1,123,16.99,15.77,8.49,9.71,128,16.84,13.05,8.5,8.72,-1.219999999999999,,-3.789999999999999,,133.0,123,141.0,128
43,"Yokomitsu, 2025",274,GlobalFreq,did,,,0,0,0,1,123,2.6,2.15,1.86,1.98,128,2.55,1.82,1.83,1.87,-0.4500000000000002,,-0.7299999999999998,,132.0,123,139.0,128
43,"Yokomitsu, 2025",275,GlobalIntensity,did,,,0,0,0,1,121,30598.98,20964.56,50773.56,37989.15,128,36212.0,19961.73,99291.54,51376.7,-9634.419999999998,,-16250.27,,127.0,121,134.0,128
