study_id,Study_Reference,Intervention_ID,Indicator,design,randomisation,randomisation_source,Covariate_cbt,Covariate_ct,Covariate_erp,Covariate_other_psy,Covariate_third_wave,n_control,mean_pre_control,mean_post_control,sd_pre_control,sd_post_control,n_treatment,mean_pre_treatment,mean_post_treatment,sd_pre_treatment,sd_post_treatment,mean_change_control,sd_change_control,mean_change_treatment,sd_change_treatment,n_pre_control,n_post_control,n_pre_treatment,n_post_treatment
2,"Anderson,2007",1,Y-BOCS,did,,,1,0,0,0,0,14.0,24.1,23.5,5.1,6.4,20.0,25.4,18.1,7.3,7.7,-0.6000000000000014,,-7.299999999999997,,17,14.0,25,20.0
2,"Anderson,2007",2,Y-BOCS,did,,,1,0,0,0,0,14.0,24.1,23.5,5.1,6.4,17.0,24.0,16.7,6.2,6.8,-0.6000000000000014,,-7.300000000000001,,17,14.0,21,17.0
3,"Andersson,2012",3,Y-BOCS,did,,,1,0,0,0,0,51.0,20.8,18.88,4.04,4.18,49.0,21.42,12.94,4.59,6.26,-1.920000000000002,,-8.480000000000002,,51,51.0,50,49.0
3,"Andersson,2012",4,OCI-R,did,,,1,0,0,0,0,51.0,19.86,19.22,9.48,11.52,48.0,24.36,12.5,13.25,10.15,-0.6400000000000006,,-11.86,,51,51.0,50,48.0
5,"Barrett,2004",5,NIMH-OC,did,,,1,0,0,0,0,24.0,8.67,9.0,1.81,2.0,24.0,8.79,3.5,1.62,2.3,0.3300000000000001,,-5.289999999999999,,24,24.0,24,24.0
5,"Barrett,2004",6,NIMH-OC,did,,,1,0,0,0,0,24.0,8.67,9.0,1.81,2.0,29.0,8.83,3.31,1.37,2.16,0.3300000000000001,,-5.52,,24,24.0,29,29.0
5,"Barrett,2004",7,CY-BOCS,did,,,1,0,0,0,0,24.0,22.95,24.04,5.49,4.14,22.0,23.64,8.36,4.3,6.93,1.09,,-15.28,,24,24.0,24,22.0
5,"Barrett,2004",8,CY-BOCS,did,,,1,0,0,0,0,24.0,22.95,24.04,5.49,4.14,29.0,21.38,8.28,5.62,7.33,1.09,,-13.1,,24,24.0,29,29.0
6,"Bolton-Perrin,2008",9,CY-BOCS,did,,,0,0,1,0,0,10.0,22.0,21.61,8.25,8.22,10.0,24.0,13.39,4.78,8.22,-0.3900000000000006,,-10.61,,10,10.0,10,10.0
7,"Bolton,2011",10,CY-BOCS,did,,,1,0,0,0,0,24.0,24.2,23.3,5.0,8.3,36.0,22.3,9.5,5.0,8.0,-0.8999999999999986,,-12.8,,24,24.0,36,36.0
7,"Bolton,2011",11,OCI,did,,,1,0,0,0,0,24.0,68.4,67.8,32.9,31.3,36.0,67.9,21.6,31.3,22.8,-0.6000000000000085,,-46.3,,24,24.0,36,36.0
7,"Bolton,2011",12,CY-BOCS,did,,,1,0,0,0,0,24.0,24.2,23.3,5.0,8.3,36.0,22.0,13.0,6.9,9.6,-0.8999999999999986,,-9.0,,24,24.0,36,36.0
7,"Bolton,2011",13,OCI,did,,,1,0,0,0,0,24.0,68.4,67.8,32.9,31.3,36.0,68.1,36.9,36.2,38.4,-0.6000000000000085,,-31.2,,24,24.0,36,36.0
8,"Braga,2016",14,Y-BOCS,did,,,1,0,0,0,0,42.0,26.2,23.5,5.0,6.4,61.0,27.4,14.1,5.8,8.4,-2.699999999999999,,-13.3,,42,42.0,61,61.0
9,"Challacombe,2017",15,Y-BOCS,did,,,1,0,0,0,0,16.0,24.47,20.88,5.81,6.34,17.0,24.82,13.71,5.19,8.95,-3.59,,-11.11,,17,16.0,17,17.0
9,"Challacombe,2017",16,OCI-R,did,,,1,0,0,0,0,16.0,61.82,52.23,27.95,30.96,17.0,53.88,26.18,23.11,23.8,-9.590000000000003,,-27.7,,17,16.0,17,17.0
10,"Cordioli,2003",17,Y-BOCS,did,,,1,0,0,0,0,24.0,24.7,23.2,5.2,5.5,23.0,26.7,15.1,4.9,7.8,-1.5,,-11.6,,24,24.0,23,23.0
10,"Cordioli,2003",18,NIMH-OC,did,,,1,0,0,0,0,24.0,8.0,8.0,1.5,1.8,23.0,8.6,5.2,1.3,2.6,0.0,,-3.399999999999999,,24,24.0,23,23.0
11,"Fals-Stewart-Schafer,1992",19,NIMH-OC,did,,,0,0,1,0,0,18.0,13.8,13.0,3.5,3.6,19.0,14.2,8.1,3.6,3.1,-0.8000000000000007,,-6.1,,20,18.0,20,19.0
12,"Foa,2005",20,Y-BOCS,did,,,0,0,1,0,0,20.0,25.0,22.2,4.0,6.4,21.0,24.6,11.0,4.8,7.9,-2.800000000000001,,-13.6,,26,20.0,29,21.0
12,"Foa,2005",21,NIMH-OC,did,,,0,0,1,0,0,20.0,8.9,8.8,1.8,1.8,21.0,9.1,4.3,1.6,3.0,-0.09999999999999964,,-4.8,,26,20.0,29,21.0
13,"Freeman,2008",22,CY-BOCS,did,,,1,0,0,0,0,20.0,22.0,17.1,4.52,7.57,22.0,22.95,14.45,3.84,8.16,-4.899999999999999,,-8.5,,20,20.0,22,22.0
14,"Freeman,2014",23,CY-BOCS,did,,,1,0,0,0,0,64.0,25.97,19.67,3.98,5.6,63.0,25.13,12.3,4.46,5.5,-6.299999999999997,,-12.83,,64,64.0,63,63.0
15,"Freeston,1997",24,Y-BOCS,did,,,1,0,0,0,0,14.0,21.2,22.0,6.0,6.0,15.0,25.1,12.2,5.0,9.6,0.8000000000000007,,-12.9,,14,14.0,15,15.0
15,"Freeston,1997",25,Padua,did,,,1,0,0,0,0,14.0,87.1,83.9,43.4,35.6,15.0,71.5,54.7,31.4,32.9,-3.199999999999989,,-16.8,,14,14.0,15,15.0
16,"Gomes,2016",26,Y-BOCS,did,,,1,0,0,0,0,39.0,26.4,24.7,5.43,5.37,46.0,27.3,13.8,5.7,8.54,-1.699999999999999,,-13.5,,46,39.0,52,46.0
16,"Gomes,2016",27,OCI-R,did,,,1,0,0,0,0,39.0,33.9,34.5,13.6,15.05,46.0,34.5,15.8,16.0,14.04,0.6000000000000014,,-18.7,,46,39.0,52,46.0
17,"Greist,2002",28,Y-BOCS,did,,,0,0,1,0,0,66.0,25.8,24.1,5.1,6.7,55.0,25.2,17.6,4.6,6.2,-1.699999999999999,,-7.599999999999998,,66,66.0,55,55.0
17,"Greist,2002",29,Y-BOCS,did,,,0,0,1,0,0,66.0,25.8,24.1,5.1,6.7,55.0,24.6,19.0,4.3,7.2,-1.699999999999999,,-5.600000000000001,,66,66.0,55,55.0
18,"Herbst,2014",30,Y-BOCS,did,,,0,0,1,0,0,18.0,20.0,19.33,5.4,6.46,16.0,20.25,14.44,6.71,5.9,-0.6700000000000017,,-5.81,,18,18.0,16,16.0
18,"Herbst,2014",31,OCI-R,did,,,0,0,1,0,0,18.0,25.89,24.11,9.99,10.84,16.0,26.0,15.56,10.3,8.93,-1.780000000000001,,-10.44,,18,18.0,16,16.0
19,"Khodarahimi,2009",32,Y-BOCS,did,,,0,0,1,0,0,20.0,36.4,36.45,10.11,10.02,20.0,37.2,5.58,8.54,10.69,0.05000000000000426,,-31.62,,20,20.0,20,20.0
19,"Khodarahimi,2009",33,Y-BOCS,did,,,0,0,0,1,0,20.0,36.4,36.45,10.11,10.02,20.0,37.1,6.4,8.81,9.43,0.05000000000000426,,-30.7,,20,20.0,20,20.0
20,"Kobayashi,2020",34,Y-BOCS,did,,,0,0,1,0,0,8.0,27.75,26.38,3.24,4.72,9.0,26.67,16.62,5.5,6.19,-1.370000000000001,,-10.05,,8,8.0,9,9.0
21,"Kyrios,2018",35,Y-BOCS,did,,,1,0,0,0,0,90.0,22.13,19.15,5.73,6.45,89.0,22.44,15.86,5.36,5.65,-2.98,,-6.580000000000002,,90,90.0,89,89.0
22,"Launes,2019",36,Y-BOCS,did,,,0,0,1,0,0,15.0,26.88,27.32,3.93,4.14,16.0,26.75,10.9,4.23,4.35,0.4400000000000013,,-15.85,,15,15.0,16,16.0
22,"Launes,2019",37,DOCS,did,,,0,0,1,0,0,15.0,28.56,25.24,6.29,5.43,16.0,26.56,13.44,3.81,7.08,-3.32,,-13.12,,15,15.0,16,16.0
22,"Launes,2019",38,OCI-R,did,,,0,0,1,0,0,15.0,27.69,25.19,14.42,13.38,16.0,22.69,7.94,12.42,5.94,-2.5,,-14.75,,15,15.0,16,16.0
22,"Launes,2019",39,Y-BOCS,did,,,0,0,1,0,0,15.0,26.88,27.32,3.93,4.14,16.0,27.88,24.63,4.22,6.18,0.4400000000000013,,-3.25,,15,15.0,16,16.0
22,"Launes,2019",40,DOCS,did,,,0,0,1,0,0,15.0,28.56,25.24,6.29,5.43,16.0,28.69,24.63,3.61,6.47,-3.32,,-4.060000000000002,,15,15.0,16,16.0
22,"Launes,2019",41,OCI-R,did,,,0,0,1,0,0,15.0,27.69,25.19,14.42,13.38,16.0,29.25,22.0,15.29,13.14,-2.5,,-7.25,,15,15.0,16,16.0
23,"Lenhard,2017",42,CY-BOCS,did,,,1,0,0,0,0,34.0,22.12,20.64,3.91,4.11,33.0,23.0,16.97,4.31,6.29,-1.48,,-6.030000000000001,,34,34.0,33,33.0
23,"Lenhard,2017",43,CHOCI-R,did,,,1,0,0,0,0,34.0,25.38,24.68,7.71,6.93,33.0,24.48,19.96,6.72,7.83,-0.6999999999999993,,-4.52,,34,34.0,33,33.0
23,"Lenhard,2017",44,CHOCI-R,did,,,1,0,0,0,0,34.0,25.56,25.25,8.36,10.04,33.0,24.42,19.32,7.56,9.88,-0.3099999999999987,,-5.100000000000001,,34,34.0,33,33.0
24,"Lewin,2014",45,CY-BOCS,did,,,0,0,1,0,0,14.0,24.5,24.0,5.68,4.35,17.0,24.47,12.29,5.8,8.61,-0.5,,-12.18,,14,14.0,17,17.0
25,"Lindsay,1997",46,Y-BOCS,did,,,0,0,1,0,0,9.0,24.44,25.89,6.98,5.8,9.0,28.7,11.0,4.56,3.81,1.449999999999999,,-17.7,,9,9.0,9,9.0
25,"Lindsay,1997",47,MOCI,did,,,0,0,1,0,0,9.0,20.33,17.89,4.06,4.23,9.0,17.0,9.56,4.06,4.59,-2.439999999999998,,-7.44,,9,9.0,9,9.0
25,"Lindsay,1997",48,Padua,did,,,0,0,1,0,0,9.0,95.78,81.22,39.44,35.15,9.0,84.56,41.44,28.36,22.54,-14.56,,-43.12,,9,9.0,9,9.0
26,"Mancebo,2021",49,Y-BOCS,did,,,0,0,1,0,0,14.0,29.2,26.0,4.9,8.7,25.0,28.2,20.1,4.5,8.0,-3.199999999999999,,-8.099999999999998,,16,14.0,31,25.0
27,"Mathur,2021",50,Y-BOCS,did,,,0,0,0,0,1,30.0,26.46,17.51,5.64,6.57,30.0,26.24,13.73,6.57,6.73,-8.95,,-12.51,,30,30.0,30,30.0
28,"Matsumoto,2022",51,Y-BOCS,did,,,1,0,0,0,0,16.0,24.31,20.87,6.28,7.23,14.0,22.5,14.71,4.15,5.65,-3.439999999999998,,-7.789999999999999,,16,16.0,14,14.0
28,"Matsumoto,2022",52,OCI,did,,,1,0,0,0,0,16.0,24.31,20.87,6.28,7.23,14.0,22.5,14.71,4.15,5.65,-3.439999999999998,,-7.789999999999999,,16,16.0,14,14.0
29,"Norman,2021",53,Y-BOCS,did,,,0,0,1,0,0,45.0,27.4,21.3,4.59,8.16,42.0,25.1,12.96,5.41,7.96,-6.099999999999998,,-12.14,,47,45.0,42,42.0
30,"O'Connor,1999",54,Y-BOCS,did,,,1,0,0,0,0,6.0,19.3,17.5,4.5,4.0,6.0,23.5,13.3,4.0,8.6,-1.800000000000001,,-10.2,,6,6.0,6,6.0
30,"O'Connor,1999",55,NIMH-OC,did,,,1,0,0,0,0,6.0,6.3,7.2,0.8,0.8,6.0,8.8,3.0,1.3,3.0,0.9000000000000004,,-5.800000000000001,,6,6.0,6,6.0
31,"O'Connor,2006",56,Y-BOCS,did,,,1,0,0,0,0,10.0,27.3,25.4,4.3,3.5,10.0,28.5,13.3,4.5,9.7,-1.900000000000002,,-15.2,,10,10.0,10,10.0
31,"O'Connor,2006",57,Padua,did,,,1,0,0,0,0,10.0,96.0,90.6,28.1,45.0,10.0,86.8,42.6,22.5,24.1,-5.400000000000006,,-44.2,,10,10.0,10,10.0
32,"Piacentini,2011",58,CY-BOCS,did,,,1,0,0,0,0,17.0,25.3,17.2,4.5,8.8,40.0,24.7,13.3,4.6,8.4,-8.100000000000001,,-11.4,,22,17.0,49,40.0
33,"POST,2004",59,CY-BOCS,did,,,1,0,0,0,0,28.0,25.2,21.5,3.3,5.4,28.0,26.0,14.0,4.6,9.5,-3.699999999999999,,-12.0,,28,28.0,28,28.0
34,"Rezvan,2013",60,CY-BOCS,did,,,0,0,0,1,0,12.0,29.16,28.83,2.69,3.21,12.0,29.91,24.08,3.2,3.5,-0.3300000000000018,,-5.830000000000002,,12,12.0,12,12.0
35,"Rupp,2019",61,Y-BOCS,did,,,0,0,0,1,0,20.0,23.85,23.6,2.74,2.39,20.0,25.5,20.4,3.82,6.71,-0.25,,-5.100000000000001,,20,20.0,20,20.0
36,"Russell,2013",62,Y-BOCS,did,,,0,0,1,0,0,20.0,25.1,20.8,5.1,7.8,20.0,24.8,17.8,3.7,8.4,-4.300000000000001,,-7.0,,23,20.0,23,20.0
36,"Russell,2013",63,OCI-R,did,,,0,0,1,0,0,20.0,30.3,30.9,11.9,13.4,20.0,31.5,26.8,12.7,15.3,0.5999999999999979,,-4.699999999999999,,23,20.0,23,20.0
36,"Russell,2013",64,D-YBOCS,did,,,0,0,1,0,0,20.0,20.3,17.1,4.7,7.5,20.0,20.7,15.5,3.8,7.1,-3.199999999999999,,-5.199999999999999,,23,20.0,23,20.0
37,"Russman Block,2023",65,Y-BOCS,did,,,0,0,1,0,0,27.0,27.61,21.73,5.04,8.49,27.0,26.19,13.46,5.34,9.62,-5.879999999999999,,-12.73,,27,27.0,27,27.0
37,"Russman Block,2023",66,Y-BOCS,did,,,0,0,1,0,0,31.0,26.9,23.08,4.68,7.29,31.0,23.76,11.62,5.15,6.24,-3.82,,-12.14,,31,31.0,31,31.0
38,"Storch,2011",67,CY-BOCS,did,,,1,0,0,0,0,15.0,21.27,18.53,2.74,8.11,16.0,25.38,11.13,3.61,10.53,-2.739999999999998,,-14.25,,15,15.0,16,16.0
39,"Twohig,2010",68,Y-BOCS,did,,,0,0,0,0,1,33.0,25.4,18.67,5.26,5.68,36.0,24.22,12.76,4.8,8.35,-6.729999999999997,,-11.46,,38,33.0,41,36.0
40,"van-Balkom,1998",69,Y-BOCS,did,,,0,1,0,0,0,16.0,26.8,26.4,6.4,6.8,25.0,25.3,21.5,6.6,10.4,-0.4000000000000021,,-3.800000000000001,,18,16.0,25,25.0
40,"van-Balkom,1998",70,Padua,did,,,0,1,0,0,0,16.0,67.1,68.6,31.0,34.6,25.0,71.9,61.2,21.0,25.5,1.5,,-10.7,,18,16.0,25,25.0
40,"van-Balkom,1998",71,Y-BOCS,did,,,0,0,1,0,0,16.0,26.8,26.4,6.4,6.8,20.0,25.0,18.6,7.9,8.5,-0.4000000000000021,,-6.399999999999999,,18,16.0,22,20.0
40,"van-Balkom,1998",72,Padua,did,,,0,0,1,0,0,16.0,67.1,68.6,31.0,34.6,20.0,65.2,58.0,18.7,23.3,1.5,,-7.200000000000003,,18,16.0,22,20.0
41,"Vogel,2014",73,Y-BOCS,did,,,0,0,1,0,0,10.0,23.4,23.4,2.8,4.8,10.0,24.2,11.5,4.3,4.8,0.0,,-12.7,,10,10.0,10,10.0
41,"Vogel,2014",74,VOCI,did,,,0,0,1,0,0,10.0,63.7,65.5,23.1,22.3,10.0,60.8,28.1,30.2,21.5,1.799999999999997,,-32.7,,10,10.0,10,10.0
41,"Vogel,2014",75,Y-BOCS,did,,,0,0,1,0,0,10.0,23.4,23.4,2.8,4.8,10.0,24.1,22.7,2.7,5.6,0.0,,-1.400000000000002,,10,10.0,10,10.0
41,"Vogel,2014",76,VOCI,did,,,0,0,1,0,0,10.0,63.7,65.5,23.1,22.3,10.0,64.9,57.4,32.0,40.1,1.799999999999997,,-7.500000000000007,,10,10.0,10,10.0
42,"Whittal,2010",77,Y-BOCS,did,,,0,1,0,0,0,30.0,17.73,9.1,7.73,6.48,37.0,18.03,6.43,6.29,4.77,-8.63,,-11.6,,30,30.0,37,37.0
43,"Wilhelm,2009",78,Y-BOCS,did_change,,,0,1,0,0,0,14.0,24.6,,4.7,,15.0,26.5,,4.7,,0.46,3.8,-9.92,6.7,14,,15,
44,"Williams,2010",79,CY-BOCS,did,,,1,0,0,0,0,10.0,21.05,19.6,5.82,6.4,11.0,23.09,12.09,4.04,7.46,-1.449999999999999,,-11.0,,10,10.0,11,11.0
44,"Williams,2010",80,OCI,did,,,1,0,0,0,0,10.0,73.55,60.3,26.1,30.4,11.0,59.3,45.0,27.5,27.5,-13.25,,-14.3,,10,10.0,11,11.0
45,"Wolters,2016",81,CY-BOCS,did,,,1,0,0,0,0,22.0,24.59,24.27,3.98,6.12,19.0,24.21,19.84,3.61,4.92,-0.3200000000000003,,-4.370000000000001,,24,22.0,20,19.0
46,"Wootton,2013",82,Y-BOCS,did,,,1,0,0,0,0,17.0,21.06,20.49,5.11,5.07,20.0,21.8,13.27,5.1,5.23,-0.5700000000000003,,-8.530000000000001,,17,17.0,20,20.0
46,"Wootton,2013",83,DOCS,did,,,1,0,0,0,0,17.0,11.94,10.66,3.5,4.04,20.0,12.5,8.05,3.49,4.25,-1.279999999999999,,-4.449999999999999,,17,17.0,20,20.0
46,"Wootton,2013",84,Y-BOCS,did,,,1,0,0,0,0,17.0,21.06,20.49,5.11,5.07,15.0,23.53,12.38,5.07,5.27,-0.5700000000000003,,-11.15,,17,17.0,15,15.0
46,"Wootton,2013",85,DOCS,did,,,1,0,0,0,0,17.0,11.94,10.66,3.5,4.04,15.0,12.07,7.93,3.49,4.38,-1.279999999999999,,-4.140000000000001,,17,17.0,15,15.0
47,"Zejuan-Fu,2016",86,Y-BOCS,did,,,1,0,0,0,0,50.0,29.22,25.98,5.03,3.26,50.0,29.16,20.68,4.79,2.83,-3.239999999999998,,-8.48,,50,50.0,50,50.0
48,"Zhang,2021",87,Y-BOCS,did,,,0,0,0,0,1,29.0,19.79,14.97,3.7,4.0,28.0,21.18,13.54,3.3,6.1,-4.819999999999999,,-7.640000000000001,,29,29.0,28,28.0
