study_id,Study_Reference,Intervention_ID,Indicator,design,randomisation,randomisation_source,Covariate_3w,Covariate_bt,Covariate_cbt,Covariate_ct,Covariate_emdr,Covariate_pd,Covariate_pt,n_control,mean_pre_control,mean_post_control,sd_pre_control,sd_post_control,n_treatment,mean_pre_treatment,mean_post_treatment,sd_pre_treatment,sd_post_treatment,mean_change_control,sd_change_control,mean_change_treatment,sd_change_treatment,n_pre_control,n_post_control,n_pre_treatment,n_post_treatment
1,"Addis, 2004",1,PDSS,rct,individual,total_count,0,0,1,0,0,0,0,42.0,,8.3,,6.4,38,,8.4,,5.8,,,,,,42.0,,38
2,"Allen, 2016",2,PDSS,rct,individual,total_count,0,0,1,0,0,0,0,31.0,,11.75,,5.57,16,,6.36,,5.2,,,,,,31.0,,16
3,"Bakker, 1999",3,CGI,rct,individual,total_count,0,0,0,1,0,0,0,32.0,,3.8,,1.4,35,,3.6,,1.4,,,,,,32.0,,35
4,"Barlow, 1989",4,FQ,rct,individual,total_count,0,0,1,0,0,0,0,15.0,,3.2,,1.9,31,,2.45,,1.6,,,,,,15.0,,31
4,"Barlow, 1989",5,FQ,rct,individual,total_count,0,0,0,0,0,0,1,15.0,,3.2,,1.9,10,,2.3,,0.8,,,,,,15.0,,10
5,"Barlow, 2000",6,PDSS,rct,individual,total_count,0,0,1,0,0,0,0,24.0,,1.52,,0.9,77,,1.14,,0.74,,,,,,24.0,,77
6,"Beck, 1992",7,PanicFreq,rct,individual,total_count,0,0,1,0,0,0,0,16.0,,3.2,,4.3,17,,1.4,,1.9,,,,,,16.0,,17
7,"Beck, 1994",8,PanicFreq,rct,individual,total_count,0,0,0,1,0,0,0,22.0,,3.35,,5.59,17,,1.12,,2.87,,,,,,22.0,,17
7,"Beck, 1994",9,PanicFreq,rct,individual,total_count,0,0,0,0,0,0,1,22.0,,3.35,,5.59,19,,1.68,,2.06,,,,,,22.0,,19
8,"Berger, 2017",10,ACQ,rct,individual,total_count,0,0,1,0,0,0,0,41.0,,2.18,,0.7,48,,1.88,,0.69,,,,,,41.0,,48
9,"Black, 1993",11,PanicSeverity,rct,individual,total_count,0,0,0,1,0,0,0,25.0,,15.3,,14.8,25,,6.8,,8.3,,,,,,25.0,,25
10,"Botella, 2007",12,PDSS,rct,individual,total_count,0,1,0,0,0,0,0,12.0,,1.81,,0.53,24,,0.82,,0.59,,,,,,12.0,,24
11,"Carlbring, 2006",13,ACQ,rct,individual,total_count,0,0,1,0,0,0,0,30.0,,33.9,,9.9,30,,21.6,,6.3,,,,,,30.0,,30
12,"Carlbring, 2001",14,ACQ,rct,individual,total_count,0,0,1,0,0,0,0,20.0,,30.9,,9.6,21,,22.43,,6.0,,,,,,20.0,,21
13,"Carter, 2003",15,ASI,rct,individual,total_count,0,0,1,0,0,0,0,11.0,,38.0,,6.87,14,,20.71,,10.7,,,,,,11.0,,14
14,"Ciuca, 2018",16,PDSS,rct,individual,total_count,0,0,1,0,0,0,0,38.0,,12.27,,5.79,73,,6.35,,5.88,,,,,,38.0,,73
15,"Clark, 1999",17,ACQ,rct,individual,total_count,0,0,1,0,0,0,0,14.0,,32.6,,8.6,28,,18.3,,4.97,,,,,,14.0,,28
16,"Craske, 2005",18,ASI,rct,individual,total_count,0,0,1,0,0,0,0,13.0,,28.8,,10.5,24,,17.2,,11.5,,,,,,13.0,,24
17,"Craske, 1995",19,ASI,rct,individual,total_count,0,0,1,0,0,0,0,13.0,,35.5,,12.8,16,,24.1,,12.6,,,,,,13.0,,16
18,"Craske, 2011",20,PDSS,rct,individual,total_count,0,0,1,0,0,0,0,112.0,,8.05,,5.76,111,,6.05,,5.79,,,,,,112.0,,111
19,"de Beurs, 1995",21,AgoraphobiaComposite,rct,individual,total_count,0,0,0,1,0,0,0,19.0,,5.71,,1.28,20,,5.83,,1.89,,,,,,19.0,,20
20,"Erickson, 2007",22,BAI,rct,individual,total_count,0,0,1,0,0,0,0,10.0,,19.5,,15.0,11,,15.7,,8.2,,,,,,10.0,,11
21,"Feske, 1997",23,ACQ,rct,individual,total_count,0,0,0,0,1,0,0,12.0,,2.65,,1.17,15,,2.19,,0.86,,,,,,12.0,,15
22,"Gensichen, 2020",24,MIA,rct,individual,total_count,0,0,1,0,0,0,0,189.0,,2.17,,0.97,230,,1.96,,0.92,,,,,,189.0,,230
23,"Gloster, 2015",25,CGI,rct,individual,total_count,1,0,0,0,0,0,0,10.0,,4.1,,0.7,41,,3.5,,1.0,,,,,,10.0,,41
24,"Gloster, 2011",26,CGI,rct,individual,total_count,0,0,1,0,0,0,0,68.0,,-0.4,,1.0,301,,-1.56,,1.2,,,,,,68.0,,301
25,"Goldstein, 2000",27,PDSS,rct,individual,total_count,0,0,0,0,1,0,0,13.0,,2.01,,0.7,14,,1.51,,0.68,,,,,,13.0,,14
26,"Gould, 1993",29,ASI,rct,individual,total_count,0,0,1,0,0,0,0,11.0,,39.6,,14.4,20,,39.02,,13.4,,,,,,11.0,,20
27,"Griegel, 1995",30,ASI,rct,individual,total_count,0,0,0,0,0,0,1,10.0,,36.0,,7.62,20,,30.1,,12.57,,,,,,10.0,,20
28,Hazen 1996,31,ASI,rct,individual,total_count,0,0,1,0,0,0,0,27.0,,35.1,,11.6,79,,22.71,,13.17,,,,,,27.0,,79
29,"Hendriks, 2010",32,ACQ,rct,individual,total_count,0,0,1,0,0,0,0,12.0,,1.7,,0.6,20,,1.4,,0.4,,,,,,12.0,,20
30,"Ito, 2001",33,CGI,rct,individual,total_count,0,1,0,0,0,0,0,18.0,,4.4,,0.8,57,,2.54,,0.98,,,,,,18.0,,57
31,"Kenardy, 2003",34,ACQ,rct,individual,total_count,0,0,1,0,0,0,0,41.0,,2.59,,0.82,122,,1.71,,0.65,,,,,,41.0,,122
33,"Klein, 2006",35,PDSS,rct,individual,total_count,0,0,1,0,0,0,0,18.0,,19.78,,4.4,37,,7.78,,7.17,,,,,,18.0,,37
34,"Klosko, 1990",36,PanicSeverity,rct,individual,total_count,0,0,1,0,0,0,0,15.0,,1.15,,0.39,15,,0.56,,0.52,,,,,,15.0,,15
34,"Klosko, 1990",37,PanicSeverity,rct,individual,total_count,0,0,1,0,0,0,0,11.0,,0.89,,0.46,15,,0.56,,0.52,,,,,,11.0,,15
35,"Koszycki, 2011",38,ACQ,rct,individual,total_count,0,0,1,0,0,0,0,43.0,,23.67,,9.4,44,,20.12,,5.6,,,,,,43.0,,44
36,"Lidren, 1994",39,MIA,rct,individual,total_count,0,0,1,0,0,0,0,12.0,,58.42,,27.13,24,,40.66,,22.46,,,,,,12.0,,24
37,"Loerch, 1999",40,MIA,rct,individual,total_count,0,0,1,0,0,0,0,11.0,,2.96,,0.83,14,,1.86,,0.74,,,,,,11.0,,14
38,"Marchand, 2008",41,ACQ,rct,individual,total_count,0,0,1,0,0,0,0,29.0,,2.12,,0.68,32,,1.85,,0.7,,,,,,29.0,,32
38,"Marchand, 2008",42,ACQ,rct,individual,total_count,0,0,0,1,0,0,0,29.0,,2.12,,0.68,31,,1.91,,0.58,,,,,,29.0,,31
38,"Marchand, 2008",43,ACQ,rct,individual,total_count,0,1,0,0,0,0,0,29.0,,2.12,,0.68,30,,1.76,,0.48,,,,,,29.0,,30
39,"Martini, 2011",44,CGI,rct,individual,total_count,0,0,0,0,0,1,0,19.0,,1.89,,0.74,16,,2.19,,0.91,,,,,,19.0,,16
40,"Meulenbeek, 2010",45,PDSS,rct,individual,total_count,0,0,1,0,0,0,0,108.0,,5.77,,3.54,109,,3.48,,3.22,,,,,,108.0,,109
41,"Meuret, 2008",46,PDSS,rct,individual,total_count,0,0,0,0,0,0,1,19.0,,1.95,,0.67,24,,0.69,,0.45,,,,,,19.0,,24
42,"Meyerbroeker, 2013",47,PDSS,rct,individual,total_count,0,1,0,0,0,0,0,15.0,,1.82,,0.74,20,,1.3,,0.79,,,,,,15.0,,20
43,"Ninomiya, 2019",48,MIA,rct,individual,total_count,1,0,0,0,0,0,0,6.0,,2.0,,0.57,8,,1.72,,0.57,,,,,,6.0,,8
44,"Nordin, 2010",49,PDSS,rct,individual,total_count,0,0,1,0,0,0,0,20.0,,12.5,,3.4,20,,6.0,,5.0,,,,,,20.0,,20
45,"Oromendia, 2016",50,PDSS,rct,individual,total_count,0,0,1,0,0,0,0,25.0,,13.13,,4.5,52,,8.87,,3.13,,,,,,25.0,,52
46,"Ost, 2004",51,HAMA,rct,individual,total_count,0,0,1,0,0,0,0,22.0,,20.2,,7.12,26,,13.2,,7.12,,,,,,22.0,,26
46,"Ost, 2004",52,HAMA,rct,individual,total_count,0,1,0,0,0,0,0,22.0,,20.2,,7.12,25,,14.4,,7.12,,,,,,22.0,,25
47,"Petterson, 1996",53,ASI,rct,individual,total_count,0,0,1,0,0,0,0,13.0,,34.6,,10.16,14,,23.5,,10.16,,,,,,13.0,,14
48,"Pitti, 2015",54,ACQ,rct,individual,total_count,0,0,1,0,0,0,0,32.0,,29.56,,9.63,39,,24.84,,7.45,,,,,,32.0,,39
50,"Reinecke, 2013",55,ACQ,rct,individual,total_count,0,0,1,0,0,0,0,14.0,,2.6,,0.6,14,,2.3,,0.7,,,,,,14.0,,14
51,"Richards, 2006",56,PDSS,rct,individual,total_count,0,0,1,0,0,0,0,9.0,,16.78,,4.8,23,,8.21,,5.05,,,,,,9.0,,23
52,"Roy-Byrne, 2005",57,ASI,rct,individual,total_count,0,0,1,0,0,0,0,113.0,,28.94,,10.16,119,,23.11,,10.16,,,,,,113.0,,119
53,"Roy-Byrne, 2010",58,BSI,rct,individual,total_count,0,0,1,0,0,0,0,240.0,,2.7,,13.68,235,,-0.18,,13.22,,,,,,240.0,,235
54,"Ruwaard, 2010",59,PDSS,rct,individual,total_count,0,0,1,0,0,0,0,31.0,,8.4,,4.6,27,,5.9,,4.4,,,,,,31.0,,27
55,"Schmidt, 1997a",60,FQ-Ago,rct,individual,total_count,0,0,1,0,0,0,0,9.0,,14.0,,9.99,20,,2.0,,9.99,,,,,,9.0,,20
56,"Schmidt, 1997b",61,ASI,rct,individual,total_count,0,0,1,0,0,0,0,12.0,,31.4,,4.2,34,,11.28,,9.8,,,,,,12.0,,34
57,"Sharp, 1997",62,GHQ,rct,individual,total_count,0,0,1,0,0,0,0,28.0,,19.39,,20.25,30,,3.97,,6.43,,,,,,28.0,,30
58,"Sharp, 2004",63,FQ-Ago,rct,individual,total_count,0,0,1,0,0,0,0,19.0,,14.2,,11.4,51,,7.99,,9.3,,,,,,19.0,,51
59,"Shear, 2001",64,PDSS,rct,individual,total_count,0,0,1,0,0,0,0,23.0,,1.43,,0.94,36,,1.07,,0.75,,,,,,23.0,,36
59,"Shear, 2001",65,PDSS,rct,individual,total_count,1,0,0,0,0,0,0,23.0,,1.43,,0.94,30,,1.39,,0.84,,,,,,23.0,,30
60,"Shear, 1994",66,ASI,rct,individual,total_count,0,0,1,0,0,0,0,21.0,,21.4,,13.8,20,,20.7,,10.5,,,,,,21.0,,20
61,"Silfvernagel, 2012",67,PDSS,rct,individual,total_count,0,0,1,0,0,0,0,28.0,,13.79,,5.49,29,,6.39,,4.97,,,,,,28.0,,29
62,"Swinson, 1995",68,ASI,rct,individual,total_count,0,1,0,0,0,0,0,20.0,,36.59,,9.06,18,,25.45,,10.83,,,,,,20.0,,18
63,"Swinson, 1992",69,FQ,rct,individual,total_count,0,1,0,0,0,0,0,16.0,,5.47,,6.37,17,,2.53,,4.16,,,,,,16.0,,17
64,"Telch, 1993",70,ASI,rct,individual,total_count,0,0,1,0,0,0,0,33.0,,32.03,,10.96,34,,13.94,,8.52,,,,,,33.0,,34
65,"Titov, 2010",71,PDSS,rct,individual,total_count,0,0,1,0,0,0,0,11.0,,15.0,,6.72,10,,7.7,,3.97,,,,,,11.0,,10
66,"van Ballegooijen, 2013",72,PDSS,rct,individual,total_count,0,0,1,0,0,0,0,63.0,,7.3,,4.9,63,,5.8,,4.9,,,,,,63.0,,63
67,"Wiborg, 1996",73,HAMA,rct,individual,total_count,0,0,0,0,0,1,0,20.0,,16.0,,10.0,20,,5.5,,4.7,,,,,,20.0,,20
68,"Williams, 1996",74,ACQ,rct,individual,total_count,0,0,1,0,0,0,0,9.0,,24.0,,11.0,13,,11.0,,8.0,,,,,,9.0,,13
68,"Williams, 1996",75,ACQ,rct,individual,total_count,0,0,0,1,0,0,0,9.0,,24.0,,11.0,13,,20.0,,15.0,,,,,,9.0,,13
68,"Williams, 1996",76,ACQ,rct,individual,total_count,0,1,0,0,0,0,0,9.0,,24.0,,11.0,12,,8.0,,8.0,,,,,,9.0,,12
69,"Wims, 2010",77,PDSS,rct,individual,total_count,0,0,1,0,0,0,0,25.0,,15.56,,5.77,29,,12.14,,5.74,,,,,,25.0,,29
70,"Wollburg, 2011",78,ASI,rct,individual,total_count,0,0,0,0,0,0,1,27.0,,29.4,,12.6,47,,20.3,,11.39,,,,,,27.0,,47
71,"Zitrin, 1978",79,Other,rct,individual,total_count,0,1,0,0,0,0,0,13.0,,1.77,,1.17,13,,1.85,,0.8,,,,,,13.0,,13
