study_id,Study_Reference,Intervention_ID,Indicator,design,randomisation,randomisation_source,Covariate_act,Covariate_all,Covariate_bsft,Covariate_cat,Covariate_cbt,Covariate_cbt_cat,Covariate_cbt_sst,Covariate_cbt_sst_pe,Covariate_cbt_tau0,Covariate_cbtp,Covariate_cr,Covariate_cr_crss,Covariate_cr_meta_group,Covariate_cr_meta_independent,Covariate_cr_meta_onetoone,Covariate_cr_ot,Covariate_cr_pe,Covariate_cr_sst,Covariate_crss,Covariate_emdr,Covariate_fpe,Covariate_fsg,Covariate_ft,Covariate_hit,Covariate_mbi,Covariate_mct,Covariate_mpe,Covariate_pe,Covariate_pe_pmr,Covariate_pen,Covariate_pmr,Covariate_pst,Covariate_rt,Covariate_sc,Covariate_sst,Covariate_sst_clinical,Covariate_sst_fpe,Covariate_sst_in_vivo,Covariate_tau2,Covariate_vr_mbi,Covariate_vr_sst,Covariate_vri,Covariate_wb,n_control,mean_pre_control,mean_post_control,sd_pre_control,sd_post_control,n_treatment,mean_pre_treatment,mean_post_treatment,sd_pre_treatment,sd_post_treatment,mean_change_control,sd_change_control,mean_change_treatment,sd_change_treatment,n_pre_control,n_post_control,n_pre_treatment,n_post_treatment
1,"Chien, 2018",1,PANSS_negative,rct,individual,total_count,0,0,0,0,0,0,0,0,0,0,0,0,0,0,0,0,0,0,0,0,0,0,1,0,0,0,0,0,0,0,0,0,0,0,0,0,0,0,0,0,0,0,0,68.0,,23.91,,9.92,69.0,,19.79,,8.2,,,,,,68.0,,69.0
1,"Chien, 2018",2,PANSS_positive,rct,individual,total_count,0,0,0,0,0,0,0,0,0,0,0,0,0,0,0,0,0,0,0,0,0,0,1,0,0,0,0,0,0,0,0,0,0,0,0,0,0,0,0,0,0,0,0,68.0,,30.22,,10.01,69.0,,23.01,,8.92,,,,,,68.0,,69.0
1,"Chien, 2018",3,PANSS_total,rct,individual,total_count,0,0,0,0,0,0,0,0,0,0,0,0,0,0,0,0,0,0,0,0,0,0,1,0,0,0,0,0,0,0,0,0,0,0,0,0,0,0,0,0,0,0,0,68.0,,98.86,,14.59,69.0,,82.34,,14.23,,,,,,68.0,,69.0
1,"Chien, 2018",4,PANSS_negative,rct,individual,total_count,0,0,0,0,0,0,0,0,0,0,0,0,0,0,0,0,0,0,0,0,0,0,0,0,0,0,0,1,0,0,0,0,0,0,0,0,0,0,0,0,0,0,0,68.0,,23.91,,9.92,68.0,,20.13,,9.95,,,,,,68.0,,68.0
1,"Chien, 2018",5,PANSS_positive,rct,individual,total_count,0,0,0,0,0,0,0,0,0,0,0,0,0,0,0,0,0,0,0,0,0,0,0,0,0,0,0,1,0,0,0,0,0,0,0,0,0,0,0,0,0,0,0,68.0,,30.22,,10.01,68.0,,23.65,,8.13,,,,,,68.0,,68.0
1,"Chien, 2018",6,PANSS_total,rct,individual,total_count,0,0,0,0,0,0,0,0,0,0,0,0,0,0,0,0,0,0,0,0,0,0,0,0,0,0,0,1,0,0,0,0,0,0,0,0,0,0,0,0,0,0,0,68.0,,98.86,,14.59,68.0,,86.29,,10.33,,,,,,68.0,,68.0
2,"Chien, 2013c",7,BPRS_total,rct,individual,total_count,0,0,0,0,0,0,0,0,0,0,0,0,0,0,0,0,0,0,0,0,0,0,0,0,0,0,0,1,0,0,0,0,0,0,0,0,0,0,0,0,0,0,0,48.0,,4.7,,1.0,48.0,,3.5,,1.0,,,,,,48.0,,48.0
3,"Valencia, 2012",8,PANSS_negative,rct,individual,total_count,0,0,0,0,0,0,0,0,0,0,0,0,0,0,0,0,0,0,0,0,0,0,0,0,0,0,0,0,0,0,0,0,0,0,0,0,1,0,0,0,0,0,0,34.0,,14.6,,6.3,39.0,,10.4,,3.9,,,,,,34.0,,39.0
3,"Valencia, 2012",9,PANSS_positive,rct,individual,total_count,0,0,0,0,0,0,0,0,0,0,0,0,0,0,0,0,0,0,0,0,0,0,0,0,0,0,0,0,0,0,0,0,0,0,0,0,1,0,0,0,0,0,0,34.0,,10.4,,4.0,39.0,,8.5,,2.0,,,,,,34.0,,39.0
3,"Valencia, 2012",10,PANSS_total,rct,individual,total_count,0,0,0,0,0,0,0,0,0,0,0,0,0,0,0,0,0,0,0,0,0,0,0,0,0,0,0,0,0,0,0,0,0,0,0,0,1,0,0,0,0,0,0,34.0,,52.7,,15.7,39.0,,40.2,,9.6,,,,,,34.0,,39.0
4,"Garety, 2008b",11,PANSS_negative,rct,individual,total_count,0,0,0,0,0,0,0,0,0,1,0,0,0,0,0,0,0,0,0,0,0,0,0,0,0,0,0,0,0,0,0,0,0,0,0,0,0,0,0,0,0,0,0,24.0,,13.38,,5.81,21.0,,12.33,,4.94,,,,,,24.0,,21.0
4,"Garety, 2008b",12,PANSS_positive,rct,individual,total_count,0,0,0,0,0,0,0,0,0,1,0,0,0,0,0,0,0,0,0,0,0,0,0,0,0,0,0,0,0,0,0,0,0,0,0,0,0,0,0,0,0,0,0,24.0,,14.54,,5.24,21.0,,13.95,,5.69,,,,,,24.0,,21.0
4,"Garety, 2008b",13,PANSS_total,rct,individual,total_count,0,0,0,0,0,0,0,0,0,1,0,0,0,0,0,0,0,0,0,0,0,0,0,0,0,0,0,0,0,0,0,0,0,0,0,0,0,0,0,0,0,0,0,24.0,,57.46,,15.53,21.0,,54.09,,12.49,,,,,,24.0,,21.0
5,"Garety, 2008a",14,PANSS_negative,rct,individual,total_count,0,0,0,0,0,0,0,0,0,1,0,0,0,0,0,0,0,0,0,0,0,0,0,0,0,0,0,0,0,0,0,0,0,0,0,0,0,0,0,0,0,0,0,90.0,,12.62,,6.32,90.0,,12.06,,4.92,,,,,,90.0,,90.0
5,"Garety, 2008a",15,PANSS_positive,rct,individual,total_count,0,0,0,0,0,0,0,0,0,1,0,0,0,0,0,0,0,0,0,0,0,0,0,0,0,0,0,0,0,0,0,0,0,0,0,0,0,0,0,0,0,0,0,90.0,,16.49,,6.47,90.0,,15.39,,6.37,,,,,,90.0,,90.0
5,"Garety, 2008a",16,PANSS_total,rct,individual,total_count,0,0,0,0,0,0,0,0,0,1,0,0,0,0,0,0,0,0,0,0,0,0,0,0,0,0,0,0,0,0,0,0,0,0,0,0,0,0,0,0,0,0,0,90.0,,59.66,,17.27,90.0,,57.63,,15.21,,,,,,90.0,,90.0
4,"Garety, 2008b",17,PANSS_negative,rct,individual,total_count,0,0,0,0,0,0,0,0,0,1,0,0,0,0,0,0,0,0,0,0,0,0,0,0,0,0,0,0,0,0,0,0,0,0,0,0,0,0,0,0,0,0,0,23.0,,13.56,,5.58,21.0,,12.33,,4.94,,,,,,23.0,,21.0
4,"Garety, 2008b",18,PANSS_positive,rct,individual,total_count,0,0,0,0,0,0,0,0,0,1,0,0,0,0,0,0,0,0,0,0,0,0,0,0,0,0,0,0,0,0,0,0,0,0,0,0,0,0,0,0,0,0,0,23.0,,15.09,,5.23,21.0,,13.95,,5.69,,,,,,23.0,,21.0
4,"Garety, 2008b",19,PANSS_total,rct,individual,total_count,0,0,0,0,0,0,0,0,0,1,0,0,0,0,0,0,0,0,0,0,0,0,0,0,0,0,0,0,0,0,0,0,0,0,0,0,0,0,0,0,0,0,0,23.0,,58.35,,14.03,21.0,,54.09,,12.49,,,,,,23.0,,21.0
4,"Garety, 2008b",20,PANSS_negative,rct,individual,total_count,0,0,0,0,0,0,0,0,0,0,0,0,0,0,0,0,0,0,0,0,0,0,1,0,0,0,0,0,0,0,0,0,0,0,0,0,0,0,0,0,0,0,0,23.0,,13.56,,5.58,24.0,,13.38,,5.81,,,,,,23.0,,24.0
4,"Garety, 2008b",21,PANSS_positive,rct,individual,total_count,0,0,0,0,0,0,0,0,0,0,0,0,0,0,0,0,0,0,0,0,0,0,1,0,0,0,0,0,0,0,0,0,0,0,0,0,0,0,0,0,0,0,0,23.0,,15.09,,5.23,24.0,,14.54,,5.24,,,,,,23.0,,24.0
4,"Garety, 2008b",22,PANSS_total,rct,individual,total_count,0,0,0,0,0,0,0,0,0,0,0,0,0,0,0,0,0,0,0,0,0,0,1,0,0,0,0,0,0,0,0,0,0,0,0,0,0,0,0,0,0,0,0,23.0,,58.35,,14.03,24.0,,57.46,,15.53,,,,,,23.0,,24.0
6,"Drury, 1996",23,Other,rct,individual,total_count,0,0,0,0,1,0,0,0,0,0,0,0,0,0,0,0,0,0,0,0,0,0,0,0,0,0,0,0,0,0,0,0,0,0,0,0,0,0,0,0,0,0,0,20.0,,1.71,,2.2,20.0,,1.33,,1.8,,,,,,20.0,,20.0
6,"Drury, 1996",24,Other,rct,individual,total_count,0,0,0,0,1,0,0,0,0,0,0,0,0,0,0,0,0,0,0,0,0,0,0,0,0,0,0,0,0,0,0,0,0,0,0,0,0,0,0,0,0,0,0,20.0,,4.59,,2.72,20.0,,2.06,,2.57,,,,,,20.0,,20.0
7,"Peters, 2010",25,PANSS_negative,rct,individual,total_count,0,0,0,0,0,0,0,0,0,1,0,0,0,0,0,0,0,0,0,0,0,0,0,0,0,0,0,0,0,0,0,0,0,0,0,0,0,0,0,0,0,0,0,30.0,,12.8,,6.0,25.0,,11.2,,5.5,,,,,,30.0,,25.0
7,"Peters, 2010",26,PANSS_positive,rct,individual,total_count,0,0,0,0,0,0,0,0,0,1,0,0,0,0,0,0,0,0,0,0,0,0,0,0,0,0,0,0,0,0,0,0,0,0,0,0,0,0,0,0,0,0,0,30.0,,17.4,,5.4,25.0,,15.4,,6.4,,,,,,30.0,,25.0
7,"Peters, 2010",27,PANSS_total,rct,individual,total_count,0,0,0,0,0,0,0,0,0,1,0,0,0,0,0,0,0,0,0,0,0,0,0,0,0,0,0,0,0,0,0,0,0,0,0,0,0,0,0,0,0,0,0,30.0,,61.8,,17.16,25.0,,54.6,,15.23,,,,,,30.0,,25.0
8,"Kumar, 2010",28,PANSS_negative,rct,individual,total_count,0,0,0,0,0,0,0,0,0,0,0,0,0,0,0,0,0,0,0,0,0,0,0,0,0,1,0,0,0,0,0,0,0,0,0,0,0,0,0,0,0,0,0,8.0,,18.87,,12.63,8.0,,16.0,,7.46,,,,,,8.0,,8.0
8,"Kumar, 2010",29,PANSS_positive,rct,individual,total_count,0,0,0,0,0,0,0,0,0,0,0,0,0,0,0,0,0,0,0,0,0,0,0,0,0,1,0,0,0,0,0,0,0,0,0,0,0,0,0,0,0,0,0,8.0,,27.25,,10.61,8.0,,17.87,,8.58,,,,,,8.0,,8.0
8,"Kumar, 2010",30,PANSS_total,rct,individual,total_count,0,0,0,0,0,0,0,0,0,0,0,0,0,0,0,0,0,0,0,0,0,0,0,0,0,1,0,0,0,0,0,0,0,0,0,0,0,0,0,0,0,0,0,8.0,,82.99,,28.32,8.0,,68.62,,21.17,,,,,,8.0,,8.0
9,"Marchira, 2019",31,BPRS_total,rct,individual,total_count,0,0,0,0,0,0,0,0,0,0,0,0,0,0,0,0,0,0,0,0,0,0,0,0,0,0,0,1,0,0,0,0,0,0,0,0,0,0,0,0,0,0,0,50.0,,18.1,,16.05,50.0,,10.76,,8.45,,,,,,50.0,,50.0
9,"Marchira, 2019",32,PANSS_total,rct,individual,total_count,0,0,0,0,0,0,0,0,0,0,0,0,0,0,0,0,0,0,0,0,0,0,0,0,0,0,0,1,0,0,0,0,0,0,0,0,0,0,0,0,0,0,0,50.0,,47.3,,21.13,50.0,,39.88,,13.13,,,,,,50.0,,50.0
10,"Nijman, 2023",33,PANSS_negative,rct,individual,total_count,0,0,0,0,0,0,0,0,0,0,0,0,0,0,0,0,0,0,0,0,0,0,0,0,0,0,0,0,0,0,0,0,0,0,0,0,0,0,0,0,1,0,0,34.0,,15.2,,6.4,34.0,,14.9,,5.7,,,,,,34.0,,34.0
10,"Nijman, 2023",34,PANSS_positive,rct,individual,total_count,0,0,0,0,0,0,0,0,0,0,0,0,0,0,0,0,0,0,0,0,0,0,0,0,0,0,0,0,0,0,0,0,0,0,0,0,0,0,0,0,1,0,0,34.0,,14.5,,5.0,34.0,,15.0,,6.3,,,,,,34.0,,34.0
10,"Nijman, 2023",35,PANSS_total,rct,individual,total_count,0,0,0,0,0,0,0,0,0,0,0,0,0,0,0,0,0,0,0,0,0,0,0,0,0,0,0,0,0,0,0,0,0,0,0,0,0,0,0,0,1,0,0,34.0,,60.5,,12.05,34.0,,63.4,,13.35,,,,,,34.0,,34.0
11,"Jovanović, 2022",36,BPRS_total,rct,individual,total_count,0,0,1,0,0,0,0,0,0,0,0,0,0,0,0,0,0,0,0,0,0,0,0,0,0,0,0,0,0,0,0,0,0,0,0,0,0,0,0,0,0,0,0,214.0,,1.58,,0.46,203.0,,1.54,,0.46,,,,,,214.0,,203.0
12,"van Duin, 2021",37,PANSS_negative,rct,individual,total_count,0,0,0,0,0,0,0,0,0,0,0,0,0,0,0,1,0,0,0,0,0,0,0,0,0,0,0,0,0,0,0,0,0,0,0,0,0,0,0,0,0,0,0,28.0,,12.5,,3.44,29.0,,12.71,,4.97,,,,,,28.0,,29.0
12,"van Duin, 2021",38,PANSS_positive,rct,individual,total_count,0,0,0,0,0,0,0,0,0,0,0,0,0,0,0,1,0,0,0,0,0,0,0,0,0,0,0,0,0,0,0,0,0,0,0,0,0,0,0,0,0,0,0,28.0,,9.5,,2.86,29.0,,9.86,,2.55,,,,,,28.0,,29.0
12,"van Duin, 2021",39,PANSS_total,rct,individual,total_count,0,0,0,0,0,0,0,0,0,0,0,0,0,0,0,1,0,0,0,0,0,0,0,0,0,0,0,0,0,0,0,0,0,0,0,0,0,0,0,0,0,0,0,28.0,,47.5,,8.93,29.0,,46.32,,11.3,,,,,,28.0,,29.0
14,"Khazaal, 2015",42,BPRS_negative,rct,individual,total_count,0,0,0,0,0,0,0,0,0,0,0,0,0,0,0,0,0,0,0,0,0,0,0,0,0,0,0,0,0,0,0,0,0,0,1,0,0,0,0,0,0,0,0,86.0,,9.1,,3.6,86.0,,8.1,,3.8,,,,,,86.0,,86.0
14,"Khazaal, 2015",43,BPRS_positive,rct,individual,total_count,0,0,0,0,0,0,0,0,0,0,0,0,0,0,0,0,0,0,0,0,0,0,0,0,0,0,0,0,0,0,0,0,0,0,1,0,0,0,0,0,0,0,0,86.0,,10.3,,4.1,86.0,,9.8,,4.0,,,,,,86.0,,86.0
15,"White, 2011",44,PANSS_negative,rct,individual,total_count,1,0,0,0,0,0,0,0,0,0,0,0,0,0,0,0,0,0,0,0,0,0,0,0,0,0,0,0,0,0,0,0,0,0,0,0,0,0,0,0,0,0,0,10.0,,14.3,,4.67,14.0,,12.25,,5.03,,,,,,10.0,,14.0
15,"White, 2011",45,PANSS_positive,rct,individual,total_count,1,0,0,0,0,0,0,0,0,0,0,0,0,0,0,0,0,0,0,0,0,0,0,0,0,0,0,0,0,0,0,0,0,0,0,0,0,0,0,0,0,0,0,10.0,,11.7,,4.72,14.0,,9.75,,3.6,,,,,,10.0,,14.0
16,"Shen, 2023",46,PANSS_negative,rct,individual,total_count,0,0,0,0,0,0,0,0,0,0,0,0,0,0,0,0,0,0,0,0,0,0,0,0,1,0,0,0,0,0,0,0,0,0,0,0,0,0,0,0,0,0,0,48.0,,17.02,,3.97,48.0,,15.38,,3.12,,,,,,48.0,,48.0
16,"Shen, 2023",47,PANSS_positive,rct,individual,total_count,0,0,0,0,0,0,0,0,0,0,0,0,0,0,0,0,0,0,0,0,0,0,0,0,1,0,0,0,0,0,0,0,0,0,0,0,0,0,0,0,0,0,0,48.0,,10.5,,4.18,48.0,,10.2,,3.86,,,,,,48.0,,48.0
16,"Shen, 2023",48,PANSS_total,rct,individual,total_count,0,0,0,0,0,0,0,0,0,0,0,0,0,0,0,0,0,0,0,0,0,0,0,0,1,0,0,0,0,0,0,0,0,0,0,0,0,0,0,0,0,0,0,48.0,,57.56,,10.07,48.0,,53.06,,9.35,,,,,,48.0,,48.0
17,"Xue, 2024",49,PANSS_negative,rct,individual,total_count,0,0,0,0,0,0,0,0,0,0,0,0,0,0,0,0,0,0,0,0,0,0,0,0,1,0,0,0,0,0,0,0,0,0,0,0,0,0,0,0,0,0,0,32.0,,23.72,,7.47,32.0,,20.34,,6.55,,,,,,32.0,,32.0
17,"Xue, 2024",50,PANSS_positive,rct,individual,total_count,0,0,0,0,0,0,0,0,0,0,0,0,0,0,0,0,0,0,0,0,0,0,0,0,1,0,0,0,0,0,0,0,0,0,0,0,0,0,0,0,0,0,0,32.0,,24.19,,5.12,32.0,,19.84,,4.87,,,,,,32.0,,32.0
17,"Xue, 2024",51,PANSS_total,rct,individual,total_count,0,0,0,0,0,0,0,0,0,0,0,0,0,0,0,0,0,0,0,0,0,0,0,0,1,0,0,0,0,0,0,0,0,0,0,0,0,0,0,0,0,0,0,32.0,,87.97,,14.74,32.0,,76.03,,14.19,,,,,,32.0,,32.0
18,"Rodríguez Pulido, 2023",52,PANSS_negative,rct,individual,total_count,0,0,0,0,0,0,0,0,0,0,0,0,0,0,0,0,0,0,1,0,0,0,0,0,0,0,0,0,0,0,0,0,0,0,0,0,0,0,0,0,0,0,0,9.0,,23.44,,5.94,6.0,,18.6,,4.77,,,,,,9.0,,6.0
18,"Rodríguez Pulido, 2023",53,PANSS_positive,rct,individual,total_count,0,0,0,0,0,0,0,0,0,0,0,0,0,0,0,0,0,0,1,0,0,0,0,0,0,0,0,0,0,0,0,0,0,0,0,0,0,0,0,0,0,0,0,9.0,,19.56,,9.15,6.0,,14.8,,6.38,,,,,,9.0,,6.0
18,"Rodríguez Pulido, 2023",54,PANSS_total,rct,individual,total_count,0,0,0,0,0,0,0,0,0,0,0,0,0,0,0,0,0,0,1,0,0,0,0,0,0,0,0,0,0,0,0,0,0,0,0,0,0,0,0,0,0,0,0,9.0,,92.89,,24.03,6.0,,66.6,,10.87,,,,,,9.0,,6.0
19,"Shi, 2023",55,PANSS_negative,rct,individual,total_count,1,0,0,0,0,0,0,0,0,0,0,0,0,0,0,0,0,0,0,0,0,0,0,0,0,0,0,0,0,0,0,0,0,0,0,0,0,0,0,0,0,0,0,30.0,,10.37,,3.66,30.0,,8.38,,2.4,,,,,,30.0,,30.0
19,"Shi, 2023",56,PANSS_positive,rct,individual,total_count,1,0,0,0,0,0,0,0,0,0,0,0,0,0,0,0,0,0,0,0,0,0,0,0,0,0,0,0,0,0,0,0,0,0,0,0,0,0,0,0,0,0,0,30.0,,7.73,,1.1,30.0,,7.53,,2.18,,,,,,30.0,,30.0
19,"Shi, 2023",57,PANSS_total,rct,individual,total_count,1,0,0,0,0,0,0,0,0,0,0,0,0,0,0,0,0,0,0,0,0,0,0,0,0,0,0,0,0,0,0,0,0,0,0,0,0,0,0,0,0,0,0,30.0,,39.03,,8.23,30.0,,34.83,,5.88,,,,,,30.0,,30.0
20,"Acuña, 2022",58,PANSS_negative,rct,individual,total_count,0,0,0,0,0,0,0,0,0,0,0,0,0,0,0,0,0,0,0,0,0,0,0,0,0,1,0,0,0,0,0,0,0,0,0,0,0,0,0,0,0,0,0,21.0,,14.76,,6.45,25.0,,12.14,,4.09,,,,,,21.0,,25.0
20,"Acuña, 2022",59,PANSS_positive,rct,individual,total_count,0,0,0,0,0,0,0,0,0,0,0,0,0,0,0,0,0,0,0,0,0,0,0,0,0,1,0,0,0,0,0,0,0,0,0,0,0,0,0,0,0,0,0,21.0,,10.62,,4.53,25.0,,7.77,,1.45,,,,,,21.0,,25.0
20,"Acuña, 2022",60,PANSS_total,rct,individual,total_count,0,0,0,0,0,0,0,0,0,0,0,0,0,0,0,0,0,0,0,0,0,0,0,0,0,1,0,0,0,0,0,0,0,0,0,0,0,0,0,0,0,0,0,21.0,,49.0,,10.45,25.0,,40.27,,6.36,,,,,,21.0,,25.0
21,"Aivalioti, 2022",61,BPRS_total,rct,individual,total_count,0,0,1,0,0,0,0,0,0,0,0,0,0,0,0,0,0,0,0,0,0,0,0,0,0,0,0,0,0,0,0,0,0,0,0,0,0,0,0,0,0,0,0,15.0,,62.7,,9.9,15.0,,28.8,,4.5,,,,,,15.0,,15.0
22,"Fekete, 2022",62,PANSS_negative,rct,individual,total_count,0,0,0,0,0,0,0,0,0,0,0,0,0,0,0,0,0,0,0,0,0,0,0,0,0,1,0,0,0,0,0,0,0,0,0,0,0,0,0,0,0,0,0,16.0,,20.44,,6.74,23.0,,19.09,,7.4,,,,,,16.0,,23.0
22,"Fekete, 2022",63,PANSS_positive,rct,individual,total_count,0,0,0,0,0,0,0,0,0,0,0,0,0,0,0,0,0,0,0,0,0,0,0,0,0,1,0,0,0,0,0,0,0,0,0,0,0,0,0,0,0,0,0,16.0,,21.13,,6.53,23.0,,16.57,,7.2,,,,,,16.0,,23.0
22,"Fekete, 2022",64,PANSS_total,rct,individual,total_count,0,0,0,0,0,0,0,0,0,0,0,0,0,0,0,0,0,0,0,0,0,0,0,0,0,1,0,0,0,0,0,0,0,0,0,0,0,0,0,0,0,0,0,16.0,,81.88,,16.41,23.0,,69.17,,20.44,,,,,,16.0,,23.0
23,"Zhu, 2021",65,PANSS_negative,rct,individual,total_count,0,0,0,0,0,0,0,0,0,0,0,0,0,0,0,0,1,0,0,0,0,0,0,0,0,0,0,0,0,0,0,0,0,0,0,0,0,0,0,0,0,0,0,24.0,,11.0,,3.55,26.0,,10.0,,4.95,,,,,,24.0,,26.0
23,"Zhu, 2021",66,PANSS_positive,rct,individual,total_count,0,0,0,0,0,0,0,0,0,0,0,0,0,0,0,0,1,0,0,0,0,0,0,0,0,0,0,0,0,0,0,0,0,0,0,0,0,0,0,0,0,0,0,24.0,,12.0,,5.92,26.0,,10.0,,4.95,,,,,,24.0,,26.0
24,"Au, 2021",67,BPRS_total,rct,individual,total_count,0,0,0,0,0,0,0,0,0,0,0,0,0,0,0,0,0,0,0,0,0,0,0,0,0,1,0,0,0,0,0,0,0,0,0,0,0,0,0,0,0,0,0,17.0,,53.9,,8.32,23.0,,53.3,,6.46,,,,,,17.0,,23.0
23,"Zhu, 2021",71,PANSS_negative,rct,individual,total_count,0,0,0,0,0,0,0,0,0,0,0,0,0,0,0,0,1,0,0,0,0,0,0,0,0,0,0,0,0,0,0,0,0,0,0,0,0,0,0,0,0,0,0,22.0,,13.0,,3.38,26.0,,10.0,,4.95,,,,,,22.0,,26.0
23,"Zhu, 2021",72,PANSS_positive,rct,individual,total_count,0,0,0,0,0,0,0,0,0,0,0,0,0,0,0,0,1,0,0,0,0,0,0,0,0,0,0,0,0,0,0,0,0,0,0,0,0,0,0,0,0,0,0,22.0,,15.0,,6.77,26.0,,10.0,,4.95,,,,,,22.0,,26.0
23,"Zhu, 2021",73,PANSS_negative,rct,individual,total_count,0,0,0,0,0,0,0,0,0,0,1,0,0,0,0,0,0,0,0,0,0,0,0,0,0,0,0,0,0,0,0,0,0,0,0,0,0,0,0,0,0,0,0,22.0,,13.0,,3.38,24.0,,11.0,,3.55,,,,,,22.0,,24.0
23,"Zhu, 2021",74,PANSS_positive,rct,individual,total_count,0,0,0,0,0,0,0,0,0,0,1,0,0,0,0,0,0,0,0,0,0,0,0,0,0,0,0,0,0,0,0,0,0,0,0,0,0,0,0,0,0,0,0,22.0,,15.0,,6.77,24.0,,12.0,,5.92,,,,,,22.0,,24.0
26,"Böge, 2021",75,PANSS_negative,rct,individual,total_count,0,0,0,0,0,0,0,0,0,0,0,0,0,0,0,0,0,0,0,0,0,0,0,0,1,0,0,0,0,0,0,0,0,0,0,0,0,0,0,0,0,0,0,18.0,,22.67,,6.16,20.0,,20.3,,6.07,,,,,,18.0,,20.0
26,"Böge, 2021",76,PANSS_positive,rct,individual,total_count,0,0,0,0,0,0,0,0,0,0,0,0,0,0,0,0,0,0,0,0,0,0,0,0,1,0,0,0,0,0,0,0,0,0,0,0,0,0,0,0,0,0,0,18.0,,17.44,,4.94,20.0,,16.0,,4.87,,,,,,18.0,,20.0
27,"Park, 2020",77,SANS_negative,rct,individual,total_count,0,0,0,0,0,0,0,0,0,0,0,0,0,0,0,0,0,0,0,0,0,0,0,0,0,1,0,0,0,0,0,0,0,0,0,0,0,0,0,0,0,0,0,29.0,,28.83,,18.31,30.0,,24.53,,14.5,,,,,,29.0,,30.0
27,"Park, 2020",78,Other,rct,individual,total_count,0,0,0,0,0,0,0,0,0,0,0,0,0,0,0,0,0,0,0,0,0,0,0,0,0,1,0,0,0,0,0,0,0,0,0,0,0,0,0,0,0,0,0,29.0,,32.69,,19.72,30.0,,22.5,,14.79,,,,,,29.0,,30.0
28,"Zhu, 2020",79,PANSS_negative,rct,individual,total_count,0,0,0,0,0,0,0,0,0,0,1,0,0,0,0,0,0,0,0,0,0,0,0,0,0,0,0,0,0,0,0,0,0,0,0,0,0,0,0,0,0,0,0,66.0,,11.41,,5.62,73.0,,13.05,,4.95,,,,,,66.0,,73.0
28,"Zhu, 2020",80,PANSS_positive,rct,individual,total_count,0,0,0,0,0,0,0,0,0,0,1,0,0,0,0,0,0,0,0,0,0,0,0,0,0,0,0,0,0,0,0,0,0,0,0,0,0,0,0,0,0,0,0,66.0,,10.71,,4.36,73.0,,9.25,,3.24,,,,,,66.0,,73.0
28,"Zhu, 2020",81,PANSS_total,rct,individual,total_count,0,0,0,0,0,0,0,0,0,0,1,0,0,0,0,0,0,0,0,0,0,0,0,0,0,0,0,0,0,0,0,0,0,0,0,0,0,0,0,0,0,0,0,66.0,,47.32,,15.01,73.0,,43.14,,8.78,,,,,,66.0,,73.0
30,"Li, 2020",85,PANSS_negative,rct,individual,total_count,0,0,0,0,0,0,0,0,0,0,0,0,0,0,0,0,0,0,0,0,0,0,1,0,0,0,0,0,0,0,0,0,0,0,0,0,0,0,0,0,0,0,0,47.0,,17.57,,2.53,47.0,,17.18,,2.81,,,,,,47.0,,47.0
30,"Li, 2020",86,PANSS_positive,rct,individual,total_count,0,0,0,0,0,0,0,0,0,0,0,0,0,0,0,0,0,0,0,0,0,0,1,0,0,0,0,0,0,0,0,0,0,0,0,0,0,0,0,0,0,0,0,47.0,,13.11,,2.29,47.0,,14.64,,1.04,,,,,,47.0,,47.0
30,"Li, 2020",87,PANSS_total,rct,individual,total_count,0,0,0,0,0,0,0,0,0,0,0,0,0,0,0,0,0,0,0,0,0,0,1,0,0,0,0,0,0,0,0,0,0,0,0,0,0,0,0,0,0,0,0,47.0,,59.51,,5.12,47.0,,62.34,,8.35,,,,,,47.0,,47.0
31,"Ruiz-Iriondo, 2020",88,BPRS_negative,rct,individual,total_count,0,0,0,0,1,0,0,0,0,0,0,0,0,0,0,0,0,0,0,0,0,0,0,0,0,0,0,0,0,0,0,0,0,0,0,0,0,0,0,0,0,0,0,24.0,,10.38,,2.06,41.0,,8.02,,2.33,,,,,,24.0,,41.0
31,"Ruiz-Iriondo, 2020",89,BPRS_positive,rct,individual,total_count,0,0,0,0,1,0,0,0,0,0,0,0,0,0,0,0,0,0,0,0,0,0,0,0,0,0,0,0,0,0,0,0,0,0,0,0,0,0,0,0,0,0,0,24.0,,5.42,,2.39,41.0,,2.63,,1.74,,,,,,24.0,,41.0
31,"Ruiz-Iriondo, 2020",90,BPRS_total,rct,individual,total_count,0,0,0,0,1,0,0,0,0,0,0,0,0,0,0,0,0,0,0,0,0,0,0,0,0,0,0,0,0,0,0,0,0,0,0,0,0,0,0,0,0,0,0,24.0,,27.63,,6.9,41.0,,19.07,,4.58,,,,,,24.0,,41.0
32,"Vidal Gutiérrez, 2019",91,PANSS_total,rct,individual,total_count,0,0,0,0,0,0,0,0,0,0,0,0,0,0,0,0,0,0,0,0,0,0,1,0,0,0,0,0,0,0,0,0,0,0,0,0,0,0,0,0,0,0,0,27.0,,96.93,,20.3,27.0,,91.81,,15.92,,,,,,27.0,,27.0
33,"Liu, 2019",92,PANSS_negative,rct,individual,total_count,0,0,0,0,1,0,0,0,0,0,0,0,0,0,0,0,0,0,0,0,0,0,0,0,0,0,0,0,0,0,0,0,0,0,0,0,0,0,0,0,0,0,0,37.0,,14.0,,19.5,38.0,,13.0,,19.78,,,,,,37.0,,38.0
33,"Liu, 2019",93,PANSS_positive,rct,individual,total_count,0,0,0,0,1,0,0,0,0,0,0,0,0,0,0,0,0,0,0,0,0,0,0,0,0,0,0,0,0,0,0,0,0,0,0,0,0,0,0,0,0,0,0,37.0,,13.17,,3.17,38.0,,11.92,,4.1,,,,,,37.0,,38.0
33,"Liu, 2019",94,PANSS_total,rct,individual,total_count,0,0,0,0,1,0,0,0,0,0,0,0,0,0,0,0,0,0,0,0,0,0,0,0,0,0,0,0,0,0,0,0,0,0,0,0,0,0,0,0,0,0,0,37.0,,55.05,,9.56,38.0,,51.65,,11.22,,,,,,37.0,,38.0
34,"Luo, 2019",95,PANSS_negative,rct,individual,total_count,0,0,0,0,0,0,0,0,0,0,0,0,0,0,0,0,0,0,0,0,0,0,1,0,0,0,0,0,0,0,0,0,0,0,0,0,0,0,0,0,0,0,0,28.0,,21.9,,5.2,30.0,,16.9,,3.1,,,,,,28.0,,30.0
34,"Luo, 2019",96,PANSS_positive,rct,individual,total_count,0,0,0,0,0,0,0,0,0,0,0,0,0,0,0,0,0,0,0,0,0,0,1,0,0,0,0,0,0,0,0,0,0,0,0,0,0,0,0,0,0,0,0,28.0,,15.1,,6.0,30.0,,13.1,,4.6,,,,,,28.0,,30.0
34,"Luo, 2019",97,PANSS_total,rct,individual,total_count,0,0,0,0,0,0,0,0,0,0,0,0,0,0,0,0,0,0,0,0,0,0,1,0,0,0,0,0,0,0,0,0,0,0,0,0,0,0,0,0,0,0,0,28.0,,70.0,,16.9,30.0,,55.9,,10.1,,,,,,28.0,,30.0
35,"Simón-Expósito, 2019",98,PANSS_positive,rct,individual,total_count,0,0,0,0,0,0,0,0,0,0,0,0,0,0,0,0,0,0,0,0,0,0,0,0,0,1,0,0,0,0,0,0,0,0,0,0,0,0,0,0,0,0,0,10.0,,12.2,,5.79,11.0,,18.09,,9.44,,,,,,10.0,,11.0
36,"Choi, 2018",99,PANSS_negative,rct,individual,total_count,0,0,0,0,0,0,0,0,0,0,1,0,0,0,0,0,0,0,0,0,0,0,0,0,0,0,0,0,0,0,0,0,0,0,0,0,0,0,0,0,0,0,0,19.0,,19.05,,6.07,18.0,,15.58,,7.43,,,,,,19.0,,18.0
36,"Choi, 2018",100,PANSS_positive,rct,individual,total_count,0,0,0,0,0,0,0,0,0,0,1,0,0,0,0,0,0,0,0,0,0,0,0,0,0,0,0,0,0,0,0,0,0,0,0,0,0,0,0,0,0,0,0,19.0,,12.53,,5.49,18.0,,12.26,,6.13,,,,,,19.0,,18.0
37,"Li, 2018",101,PANSS_negative,rct,individual,total_count,0,0,0,0,0,0,0,1,0,0,0,0,0,0,0,0,0,0,0,0,0,0,0,0,0,0,0,0,0,0,0,0,0,0,0,0,0,0,0,0,0,0,0,154.0,,13.06,,4.53,169.0,,9.71,,3.06,,,,,,154.0,,169.0
37,"Li, 2018",102,BPRS_total,rct,individual,total_count,0,0,0,0,0,0,0,1,0,0,0,0,0,0,0,0,0,0,0,0,0,0,0,0,0,0,0,0,0,0,0,0,0,0,0,0,0,0,0,0,0,0,0,154.0,,25.65,,6.72,169.0,,21.92,,3.44,,,,,,154.0,,169.0
36,"Choi, 2018",103,PANSS_negative,rct,individual,total_count,0,0,0,0,0,0,0,0,0,0,1,0,0,0,0,0,0,0,0,0,0,0,0,0,0,0,0,0,0,0,0,0,0,0,0,0,0,0,0,0,0,0,0,16.0,,17.68,,10.07,18.0,,15.58,,7.43,,,,,,16.0,,18.0
36,"Choi, 2018",104,PANSS_positive,rct,individual,total_count,0,0,0,0,0,0,0,0,0,0,1,0,0,0,0,0,0,0,0,0,0,0,0,0,0,0,0,0,0,0,0,0,0,0,0,0,0,0,0,0,0,0,0,16.0,,11.05,,6.32,18.0,,12.26,,6.13,,,,,,16.0,,18.0
38,"Rami, 2018",105,PANSS_negative,rct,individual,total_count,0,0,0,0,0,0,0,0,0,0,0,0,0,0,0,0,0,0,0,0,0,0,1,0,0,0,0,0,0,0,0,0,0,0,0,0,0,0,0,0,0,0,0,24.0,,14.5,,5.4,26.0,,9.2,,2.4,,,,,,24.0,,26.0
38,"Rami, 2018",106,PANSS_positive,rct,individual,total_count,0,0,0,0,0,0,0,0,0,0,0,0,0,0,0,0,0,0,0,0,0,0,1,0,0,0,0,0,0,0,0,0,0,0,0,0,0,0,0,0,0,0,0,24.0,,17.3,,6.3,26.0,,8.4,,1.8,,,,,,24.0,,26.0
38,"Rami, 2018",107,PANSS_total,rct,individual,total_count,0,0,0,0,0,0,0,0,0,0,0,0,0,0,0,0,0,0,0,0,0,0,1,0,0,0,0,0,0,0,0,0,0,0,0,0,0,0,0,0,0,0,0,24.0,,56.3,,12.3,26.0,,38.1,,4.6,,,,,,24.0,,26.0
39,"She, 2017",108,PANSS_negative,rct,individual,total_count,0,0,0,0,1,0,0,0,0,0,0,0,0,0,0,0,0,0,0,0,0,0,0,0,0,0,0,0,0,0,0,0,0,0,0,0,0,0,0,0,0,0,0,84.0,,14.98,,6.24,85.0,,13.16,,5.7,,,,,,84.0,,85.0
39,"She, 2017",109,PANSS_positive,rct,individual,total_count,0,0,0,0,1,0,0,0,0,0,0,0,0,0,0,0,0,0,0,0,0,0,0,0,0,0,0,0,0,0,0,0,0,0,0,0,0,0,0,0,0,0,0,84.0,,13.84,,5.61,85.0,,12.8,,4.88,,,,,,84.0,,85.0
39,"She, 2017",110,PANSS_total,rct,individual,total_count,0,0,0,0,1,0,0,0,0,0,0,0,0,0,0,0,0,0,0,0,0,0,0,0,0,0,0,0,0,0,0,0,0,0,0,0,0,0,0,0,0,0,0,84.0,,57.1,,15.77,85.0,,53.74,,15.62,,,,,,84.0,,85.0
40,"Awan, 2017",111,PANSS_negative,rct,individual,total_count,0,0,0,0,0,0,0,0,0,0,0,0,0,0,0,0,0,0,0,0,0,0,0,0,0,0,0,1,0,0,0,0,0,0,0,0,0,0,0,0,0,0,0,36.0,,16.4,,6.7,46.0,,14.3,,6.5,,,,,,36.0,,46.0
40,"Awan, 2017",112,PANSS_positive,rct,individual,total_count,0,0,0,0,0,0,0,0,0,0,0,0,0,0,0,0,0,0,0,0,0,0,0,0,0,0,0,1,0,0,0,0,0,0,0,0,0,0,0,0,0,0,0,36.0,,18.4,,8.1,46.0,,13.4,,5.9,,,,,,36.0,,46.0
40,"Awan, 2017",113,BPRS_total,rct,individual,total_count,0,0,0,0,0,0,0,0,0,0,0,0,0,0,0,0,0,0,0,0,0,0,0,0,0,0,0,1,0,0,0,0,0,0,0,0,0,0,0,0,0,0,0,36.0,,44.8,,16.8,46.0,,36.4,,11.1,,,,,,36.0,,46.0
41,"Iwata, 2017",114,PANSS_negative,rct,individual,total_count,0,0,0,0,0,0,0,0,0,0,1,0,0,0,0,0,0,0,0,0,0,0,0,0,0,0,0,0,0,0,0,0,0,0,0,0,0,0,0,0,0,0,0,31.0,,15.87,,5.66,29.0,,12.66,,4.52,,,,,,31.0,,29.0
41,"Iwata, 2017",115,PANSS_positive,rct,individual,total_count,0,0,0,0,0,0,0,0,0,0,1,0,0,0,0,0,0,0,0,0,0,0,0,0,0,0,0,0,0,0,0,0,0,0,0,0,0,0,0,0,0,0,0,31.0,,13.03,,4.43,29.0,,11.38,,4.78,,,,,,31.0,,29.0
41,"Iwata, 2017",116,PANSS_total,rct,individual,total_count,0,0,0,0,0,0,0,0,0,0,1,0,0,0,0,0,0,0,0,0,0,0,0,0,0,0,0,0,0,0,0,0,0,0,0,0,0,0,0,0,0,0,0,31.0,,60.29,,17.42,29.0,,50.76,,17.03,,,,,,31.0,,29.0
42,"Tan, 2016",117,PANSS_negative,rct,individual,total_count,0,0,0,0,0,0,0,0,0,0,1,0,0,0,0,0,0,0,0,0,0,0,0,0,0,0,0,0,0,0,0,0,0,0,0,0,0,0,0,0,0,0,0,46.0,,16.49,,4.01,44.0,,17.29,,4.44,,,,,,46.0,,44.0
42,"Tan, 2016",118,PANSS_positive,rct,individual,total_count,0,0,0,0,0,0,0,0,0,0,1,0,0,0,0,0,0,0,0,0,0,0,0,0,0,0,0,0,0,0,0,0,0,0,0,0,0,0,0,0,0,0,0,46.0,,12.0,,4.19,44.0,,12.93,,3.31,,,,,,46.0,,44.0
42,"Tan, 2016",119,PANSS_total,rct,individual,total_count,0,0,0,0,0,0,0,0,0,0,1,0,0,0,0,0,0,0,0,0,0,0,0,0,0,0,0,0,0,0,0,0,0,0,0,0,0,0,0,0,0,0,0,46.0,,58.14,,10.5,44.0,,59.76,,10.17,,,,,,46.0,,44.0
45,"Naeem, 2016",125,PANSS_negative,rct,individual,total_count,0,0,0,0,1,0,0,0,0,0,0,0,0,0,0,0,0,0,0,0,0,0,0,0,0,0,0,0,0,0,0,0,0,0,0,0,0,0,0,0,0,0,0,13.0,,12.2,,5.91,15.0,,7.72,,6.73,,,,,,13.0,,15.0
45,"Naeem, 2016",126,PANSS_positive,rct,individual,total_count,0,0,0,0,1,0,0,0,0,0,0,0,0,0,0,0,0,0,0,0,0,0,0,0,0,0,0,0,0,0,0,0,0,0,0,0,0,0,0,0,0,0,0,13.0,,11.2,,5.0,15.0,,6.89,,4.38,,,,,,13.0,,15.0
45,"Naeem, 2016",127,PANSS_total,rct,individual,total_count,0,0,0,0,1,0,0,0,0,0,0,0,0,0,0,0,0,0,0,0,0,0,0,0,0,0,0,0,0,0,0,0,0,0,0,0,0,0,0,0,0,0,0,13.0,,46.6,,19.9,15.0,,27.94,,16.86,,,,,,13.0,,15.0
46,"Omiya, 2016",128,PANSS_total,rct,individual,total_count,0,0,0,0,0,0,0,0,0,0,1,0,0,0,0,0,0,0,0,0,0,0,0,0,0,0,0,0,0,0,0,0,0,0,0,0,0,0,0,0,0,0,0,9.0,,78.1,,7.59,8.0,,68.0,,10.2,,,,,,9.0,,8.0
47,"Rakitzi, 2016",129,PANSS_negative,rct,individual,total_count,0,0,0,0,0,0,0,0,0,0,0,0,0,0,0,0,0,0,1,0,0,0,0,0,0,0,0,0,0,0,0,0,0,0,0,0,0,0,0,0,0,0,0,17.0,,30.3,,5.8,19.0,,26.1,,4.3,,,,,,17.0,,19.0
47,"Rakitzi, 2016",130,PANSS_positive,rct,individual,total_count,0,0,0,0,0,0,0,0,0,0,0,0,0,0,0,0,0,0,1,0,0,0,0,0,0,0,0,0,0,0,0,0,0,0,0,0,0,0,0,0,0,0,0,17.0,,25.2,,5.0,19.0,,20.1,,5.2,,,,,,17.0,,19.0
47,"Rakitzi, 2016",131,PANSS_total,rct,individual,total_count,0,0,0,0,0,0,0,0,0,0,0,0,0,0,0,0,0,0,1,0,0,0,0,0,0,0,0,0,0,0,0,0,0,0,0,0,0,0,0,0,0,0,0,17.0,,111.0,,17.57,19.0,,91.8,,16.15,,,,,,17.0,,19.0
48,"Wang, 2015",132,Other,rct,individual,total_count,0,0,0,0,0,0,0,0,0,0,0,0,0,0,0,0,0,0,0,0,0,0,0,0,0,0,0,0,0,1,0,0,0,0,0,0,0,0,0,0,0,0,0,13.0,,43.8,,23.9,14.0,,55.1,,25.6,,,,,,13.0,,14.0
48,"Wang, 2015",133,Other,rct,individual,total_count,0,0,0,0,0,0,0,0,0,0,0,0,0,0,0,0,0,0,0,0,0,0,0,0,0,0,0,0,1,0,0,0,0,0,0,0,0,0,0,0,0,0,0,12.0,,57.2,,23.7,13.0,,43.8,,23.9,,,,,,12.0,,13.0
48,"Wang, 2015",134,Other,rct,individual,total_count,0,0,0,0,0,0,0,0,0,0,0,0,0,0,0,0,0,0,0,0,0,0,0,0,0,0,0,0,0,1,0,0,0,0,0,0,0,0,0,0,0,0,0,12.0,,57.2,,23.7,14.0,,55.1,,25.6,,,,,,12.0,,14.0
49,"Li, 2015",135,PANSS_negative,rct,individual,total_count,0,0,0,0,1,0,0,0,0,0,0,0,0,0,0,0,0,0,0,0,0,0,0,0,0,0,0,0,0,0,0,0,0,0,0,0,0,0,0,0,0,0,0,96.0,,16.45,,5.63,96.0,,15.51,,5.66,,,,,,96.0,,96.0
49,"Li, 2015",136,PANSS_positive,rct,individual,total_count,0,0,0,0,1,0,0,0,0,0,0,0,0,0,0,0,0,0,0,0,0,0,0,0,0,0,0,0,0,0,0,0,0,0,0,0,0,0,0,0,0,0,0,96.0,,15.04,,5.12,96.0,,15.23,,5.78,,,,,,96.0,,96.0
49,"Li, 2015",137,PANSS_total,rct,individual,total_count,0,0,0,0,1,0,0,0,0,0,0,0,0,0,0,0,0,0,0,0,0,0,0,0,0,0,0,0,0,0,0,0,0,0,0,0,0,0,0,0,0,0,0,96.0,,52.23,,12.65,96.0,,51.32,,13.25,,,,,,96.0,,96.0
50,"Tao, 2015",138,PANSS_total,rct,individual,total_count,0,0,0,0,0,0,0,0,0,0,1,0,0,0,0,0,0,0,0,0,0,0,0,0,0,0,0,0,0,0,0,0,0,0,0,0,0,0,0,0,0,0,0,42.0,,61.45,,8.95,44.0,,60.75,,11.79,,,,,,42.0,,44.0
51,"Cai, 2015",139,PANSS_negative,rct,individual,total_count,0,0,0,0,0,0,0,0,0,0,0,0,0,0,0,0,0,0,0,0,0,0,0,0,0,0,0,0,0,0,0,0,0,0,0,0,1,0,0,0,0,0,0,111.0,,10.62,,3.45,133.0,,11.11,,3.83,,,,,,111.0,,133.0
51,"Cai, 2015",140,PANSS_positive,rct,individual,total_count,0,0,0,0,0,0,0,0,0,0,0,0,0,0,0,0,0,0,0,0,0,0,0,0,0,0,0,0,0,0,0,0,0,0,0,0,1,0,0,0,0,0,0,111.0,,9.03,,2.45,133.0,,9.44,,2.87,,,,,,111.0,,133.0
51,"Cai, 2015",141,PANSS_total,rct,individual,total_count,0,0,0,0,0,0,0,0,0,0,0,0,0,0,0,0,0,0,0,0,0,0,0,0,0,0,0,0,0,0,0,0,0,0,0,0,1,0,0,0,0,0,0,111.0,,40.1,,7.48,133.0,,41.91,,9.49,,,,,,111.0,,133.0
52,"Naeem, 2015",142,PANSS_negative,rct,individual,total_count,0,0,0,0,0,0,0,0,0,1,0,0,0,0,0,0,0,0,0,0,0,0,0,0,0,0,0,0,0,0,0,0,0,0,0,0,0,0,0,0,0,0,0,49.0,,14.8,,4.9,53.0,,11.2,,3.5,,,,,,49.0,,53.0
52,"Naeem, 2015",143,PANSS_positive,rct,individual,total_count,0,0,0,0,0,0,0,0,0,1,0,0,0,0,0,0,0,0,0,0,0,0,0,0,0,0,0,0,0,0,0,0,0,0,0,0,0,0,0,0,0,0,0,49.0,,16.9,,5.5,53.0,,13.1,,4.7,,,,,,49.0,,53.0
52,"Naeem, 2015",144,PANSS_total,rct,individual,total_count,0,0,0,0,0,0,0,0,0,1,0,0,0,0,0,0,0,0,0,0,0,0,0,0,0,0,0,0,0,0,0,0,0,0,0,0,0,0,0,0,0,0,0,49.0,,61.7,,15.86,53.0,,48.0,,12.14,,,,,,49.0,,53.0
48,"Wang, 2015",145,Other,rct,individual,total_count,0,0,0,0,0,0,0,0,0,0,0,0,0,0,0,0,0,0,0,0,0,0,0,0,0,0,0,0,1,0,0,0,0,0,0,0,0,0,0,0,0,0,0,13.0,,62.7,,23.9,13.0,,43.8,,23.9,,,,,,13.0,,13.0
48,"Wang, 2015",146,Other,rct,individual,total_count,0,0,0,0,0,0,0,0,0,0,0,0,0,0,0,0,0,0,0,0,0,0,0,0,0,0,0,0,0,1,0,0,0,0,0,0,0,0,0,0,0,0,0,13.0,,62.7,,23.9,14.0,,55.1,,25.6,,,,,,13.0,,14.0
48,"Wang, 2015",147,Other,rct,individual,total_count,0,0,0,0,0,0,0,0,0,0,0,0,0,0,0,0,0,0,0,0,0,0,0,0,0,0,0,0,0,0,1,0,0,0,0,0,0,0,0,0,0,0,0,13.0,,62.7,,23.9,12.0,,57.2,,23.7,,,,,,13.0,,12.0
53,"Sánchez, 2014",148,PANSS_negative,rct,individual,total_count,0,0,0,0,0,0,0,0,0,0,0,1,0,0,0,0,0,0,0,0,0,0,0,0,0,0,0,0,0,0,0,0,0,0,0,0,0,0,0,0,0,0,0,48.0,,22.84,,10.1,36.0,,21.91,,9.4,,,,,,48.0,,36.0
53,"Sánchez, 2014",149,PANSS_positive,rct,individual,total_count,0,0,0,0,0,0,0,0,0,0,0,1,0,0,0,0,0,0,0,0,0,0,0,0,0,0,0,0,0,0,0,0,0,0,0,0,0,0,0,0,0,0,0,48.0,,12.75,,7.0,36.0,,12.72,,5.1,,,,,,48.0,,36.0
53,"Sánchez, 2014",150,PANSS_total,rct,individual,total_count,0,0,0,0,0,0,0,0,0,0,0,1,0,0,0,0,0,0,0,0,0,0,0,0,0,0,0,0,0,0,0,0,0,0,0,0,0,0,0,0,0,0,0,48.0,,71.7,,25.6,36.0,,74.38,,23.5,,,,,,48.0,,36.0
54,"Chien, 2014",151,BPRS_total,rct,individual,total_count,0,0,0,0,0,0,0,0,0,0,0,0,0,0,0,0,0,0,0,0,0,0,0,0,0,0,1,0,0,0,0,0,0,0,0,0,0,0,0,0,0,0,0,36.0,,28.9,,5.1,36.0,,24.8,,6.0,,,,,,36.0,,36.0
54,"Chien, 2014",152,BPRS_total,rct,individual,total_count,0,0,0,0,0,0,0,0,0,0,0,0,0,0,0,0,0,0,0,0,0,0,0,0,0,0,1,0,0,0,0,0,0,0,0,0,0,0,0,0,0,0,0,35.0,,30.9,,6.8,36.0,,24.8,,6.0,,,,,,35.0,,36.0
54,"Chien, 2014",153,BPRS_total,rct,individual,total_count,0,0,0,0,0,0,0,0,0,0,0,0,0,0,0,0,0,0,0,0,0,0,0,0,0,0,0,1,0,0,0,0,0,0,0,0,0,0,0,0,0,0,0,35.0,,30.9,,6.8,36.0,,28.9,,5.1,,,,,,35.0,,36.0
55,"Chien, 2013b",154,BPRS_positive,rct,individual,total_count,0,0,0,0,0,0,0,0,0,0,0,0,0,0,0,0,0,0,0,0,0,1,0,0,0,0,0,0,0,0,0,0,0,0,0,0,0,0,0,0,0,0,0,35.0,,9.8,,3.9,35.0,,9.9,,3.0,,,,,,35.0,,35.0
56,"Byrne, 2013",155,PANSS_negative,rct,individual,total_count,0,0,0,0,0,0,0,0,0,0,1,0,0,0,0,0,0,0,0,0,0,0,0,0,0,0,0,0,0,0,0,0,0,0,0,0,0,0,0,0,0,0,0,17.0,,19.43,,6.17,14.0,,16.14,,3.89,,,,,,17.0,,14.0
56,"Byrne, 2013",156,PANSS_positive,rct,individual,total_count,0,0,0,0,0,0,0,0,0,0,1,0,0,0,0,0,0,0,0,0,0,0,0,0,0,0,0,0,0,0,0,0,0,0,0,0,0,0,0,0,0,0,0,17.0,,13.43,,4.44,14.0,,13.64,,7.34,,,,,,17.0,,14.0
56,"Byrne, 2013",157,PANSS_total,rct,individual,total_count,0,0,0,0,0,0,0,0,0,0,1,0,0,0,0,0,0,0,0,0,0,0,0,0,0,0,0,0,0,0,0,0,0,0,0,0,0,0,0,0,0,0,0,17.0,,62.29,,12.15,14.0,,58.21,,16.68,,,,,,17.0,,14.0
57,"Chien, 2013a",158,BPRS_total,rct,individual,total_count,0,0,0,0,0,0,0,0,0,0,0,0,0,0,0,0,0,0,0,0,0,0,0,0,0,0,1,0,0,0,0,0,0,0,0,0,0,0,0,0,0,0,0,48.0,,60.5,,13.0,48.0,,55.8,,13.2,,,,,,48.0,,48.0
55,"Chien, 2013b",159,BPRS_positive,rct,individual,total_count,0,0,0,0,0,0,0,0,0,0,0,0,0,0,0,0,0,0,0,0,0,1,0,0,0,0,0,0,0,0,0,0,0,0,0,0,0,0,0,0,0,0,0,36.0,,10.4,,4.0,35.0,,9.9,,3.0,,,,,,36.0,,35.0
55,"Chien, 2013b",160,BPRS_positive,rct,individual,total_count,0,0,0,0,0,0,0,0,0,0,0,0,0,0,0,0,0,0,0,0,0,0,0,0,0,0,0,1,0,0,0,0,0,0,0,0,0,0,0,0,0,0,0,36.0,,10.4,,4.0,35.0,,9.8,,3.9,,,,,,36.0,,35.0
58,"Lee, 2013",161,PANSS_negative,rct,individual,total_count,0,0,0,0,0,0,0,0,0,0,1,0,0,0,0,0,0,0,0,0,0,0,0,0,0,0,0,0,0,0,0,0,0,0,0,0,0,0,0,0,0,0,0,30.0,,15.74,,4.75,30.0,,15.58,,4.65,,,,,,30.0,,30.0
58,"Lee, 2013",162,PANSS_positive,rct,individual,total_count,0,0,0,0,0,0,0,0,0,0,1,0,0,0,0,0,0,0,0,0,0,0,0,0,0,0,0,0,0,0,0,0,0,0,0,0,0,0,0,0,0,0,0,30.0,,15.74,,4.72,30.0,,15.64,,3.63,,,,,,30.0,,30.0
58,"Lee, 2013",163,PANSS_total,rct,individual,total_count,0,0,0,0,0,0,0,0,0,0,1,0,0,0,0,0,0,0,0,0,0,0,0,0,0,0,0,0,0,0,0,0,0,0,0,0,0,0,0,0,0,0,0,30.0,,64.6,,14.43,30.0,,64.97,,14.11,,,,,,30.0,,30.0
60,"Tas, 2012",167,PANSS_negative,rct,individual,total_count,0,0,0,0,0,0,0,0,0,0,0,0,0,0,0,0,0,0,1,0,0,0,0,0,0,0,0,0,0,0,0,0,0,0,0,0,0,0,0,0,0,0,0,26.0,,19.19,,6.12,19.0,,14.84,,4.82,,,,,,26.0,,19.0
60,"Tas, 2012",168,PANSS_total,rct,individual,total_count,0,0,0,0,0,0,0,0,0,0,0,0,0,0,0,0,0,0,1,0,0,0,0,0,0,0,0,0,0,0,0,0,0,0,0,0,0,0,0,0,0,0,0,26.0,,62.77,,18.35,19.0,,50.0,,10.67,,,,,,26.0,,19.0
60,"Tas, 2012",169,PANSS_positive,rct,individual,total_count,0,0,0,0,0,0,0,0,0,0,0,0,0,0,0,0,0,0,1,0,0,0,0,0,0,0,0,0,0,0,0,0,0,0,0,0,0,0,0,0,0,0,0,26.0,,12.77,,5.69,19.0,,10.0,,2.05,,,,,,26.0,,19.0
61,"Keefe, 2012",170,PANSS_total,rct,individual,total_count,0,0,0,0,0,0,0,0,0,0,0,0,0,0,0,0,0,1,0,0,0,0,0,0,0,0,0,0,0,0,0,0,0,0,0,0,0,0,0,0,0,0,0,22.0,,59.91,,15.97,25.0,,54.08,,15.75,,,,,,22.0,,25.0
62,"Ojeda, 2012",171,PANSS_negative,rct,individual,total_count,0,0,0,0,0,0,0,0,0,0,0,1,0,0,0,0,0,0,0,0,0,0,0,0,0,0,0,0,0,0,0,0,0,0,0,0,0,0,0,0,0,0,0,40.0,,20.21,,6.9,44.0,,24.44,,10.3,,,,,,40.0,,44.0
62,"Ojeda, 2012",172,PANSS_positive,rct,individual,total_count,0,0,0,0,0,0,0,0,0,0,0,1,0,0,0,0,0,0,0,0,0,0,0,0,0,0,0,0,0,0,0,0,0,0,0,0,0,0,0,0,0,0,0,40.0,,20.35,,9.9,44.0,,18.16,,5.3,,,,,,40.0,,44.0
62,"Ojeda, 2012",173,PANSS_total,rct,individual,total_count,0,0,0,0,0,0,0,0,0,0,0,1,0,0,0,0,0,0,0,0,0,0,0,0,0,0,0,0,0,0,0,0,0,0,0,0,0,0,0,0,0,0,0,40.0,,72.85,,22.3,44.0,,85.0,,18.9,,,,,,40.0,,44.0
63,"Gharaeipour, 2012",174,PANSS_negative,rct,individual,total_count,0,0,0,0,0,0,0,0,0,0,1,0,0,0,0,0,0,0,0,0,0,0,0,0,0,0,0,0,0,0,0,0,0,0,0,0,0,0,0,0,0,0,0,21.0,,31.48,,4.45,21.0,,23.67,,4.1,,,,,,21.0,,21.0
63,"Gharaeipour, 2012",175,PANSS_positive,rct,individual,total_count,0,0,0,0,0,0,0,0,0,0,1,0,0,0,0,0,0,0,0,0,0,0,0,0,0,0,0,0,0,0,0,0,0,0,0,0,0,0,0,0,0,0,0,21.0,,24.77,,2.41,21.0,,25.66,,2.41,,,,,,21.0,,21.0
64,"Sachs, 2012",176,PANSS_negative,rct,individual,total_count,0,0,0,0,0,0,0,0,0,0,0,0,0,0,0,0,0,0,1,0,0,0,0,0,0,0,0,0,0,0,0,0,0,0,0,0,0,0,0,0,0,0,0,18.0,,19.89,,6.13,20.0,,18.45,,6.18,,,,,,18.0,,20.0
66,"Vita, 2011b",183,PANSS_positive,rct,individual,total_count,0,0,0,0,0,0,0,0,0,0,0,0,0,0,0,0,0,0,1,0,0,0,0,0,0,0,0,0,0,0,0,0,0,0,0,0,0,0,0,0,0,0,0,15.0,,16.3,,3.6,16.0,,12.6,,2.3,,,,,,15.0,,16.0
66,"Vita, 2011b",184,PANSS_negative,rct,individual,total_count,0,0,0,0,0,0,0,0,0,0,0,0,0,0,0,0,0,0,1,0,0,0,0,0,0,0,0,0,0,0,0,0,0,0,0,0,0,0,0,0,0,0,0,15.0,,26.0,,8.4,16.0,,21.6,,5.6,,,,,,15.0,,16.0
66,"Vita, 2011b",185,PANSS_total,rct,individual,total_count,0,0,0,0,0,0,0,0,0,0,0,0,0,0,0,0,0,0,1,0,0,0,0,0,0,0,0,0,0,0,0,0,0,0,0,0,0,0,0,0,0,0,0,15.0,,77.8,,14.9,16.0,,66.7,,11.5,,,,,,15.0,,16.0
67,"d'Amato, 2011",189,PANSS_negative,rct,individual,total_count,0,0,0,0,0,0,0,0,0,0,1,0,0,0,0,0,0,0,0,0,0,0,0,0,0,0,0,0,0,0,0,0,0,0,0,0,0,0,0,0,0,0,0,38.0,,20.8,,8.9,39.0,,21.9,,6.9,,,,,,38.0,,39.0
67,"d'Amato, 2011",190,PANSS_positive,rct,individual,total_count,0,0,0,0,0,0,0,0,0,0,1,0,0,0,0,0,0,0,0,0,0,0,0,0,0,0,0,0,0,0,0,0,0,0,0,0,0,0,0,0,0,0,0,38.0,,16.3,,6.1,39.0,,15.3,,4.3,,,,,,38.0,,39.0
67,"d'Amato, 2011",191,PANSS_total,rct,individual,total_count,0,0,0,0,0,0,0,0,0,0,1,0,0,0,0,0,0,0,0,0,0,0,0,0,0,0,0,0,0,0,0,0,0,0,0,0,0,0,0,0,0,0,0,38.0,,76.3,,24.65,39.0,,75.0,,19.03,,,,,,38.0,,39.0
68,"Kim, 2010",192,PANSS_negative,rct,individual,total_count,0,0,0,0,0,0,0,0,0,0,0,0,0,0,0,0,0,0,0,1,0,0,0,0,0,0,0,0,0,0,0,0,0,0,0,0,0,0,0,0,0,0,0,14.0,,17.4,,5.7,13.0,,16.2,,4.6,,,,,,14.0,,13.0
68,"Kim, 2010",193,PANSS_positive,rct,individual,total_count,0,0,0,0,0,0,0,0,0,0,0,0,0,0,0,0,0,0,0,1,0,0,0,0,0,0,0,0,0,0,0,0,0,0,0,0,0,0,0,0,0,0,0,14.0,,12.9,,4.2,13.0,,12.2,,3.5,,,,,,14.0,,13.0
68,"Kim, 2010",194,PANSS_total,rct,individual,total_count,0,0,0,0,0,0,0,0,0,0,0,0,0,0,0,0,0,0,0,1,0,0,0,0,0,0,0,0,0,0,0,0,0,0,0,0,0,0,0,0,0,0,0,14.0,,61.7,,15.9,13.0,,62.7,,12.7,,,,,,14.0,,13.0
69,"Valencia, 2010",195,PANSS_negative,rct,individual,total_count,0,0,0,0,0,0,0,0,0,0,0,0,0,0,0,0,0,0,0,0,0,0,0,0,0,0,0,0,0,0,0,0,0,0,0,0,1,0,0,0,0,0,0,36.0,,14.9,,6.6,47.0,,11.2,,5.2,,,,,,36.0,,47.0
69,"Valencia, 2010",196,PANSS_positive,rct,individual,total_count,0,0,0,0,0,0,0,0,0,0,0,0,0,0,0,0,0,0,0,0,0,0,0,0,0,0,0,0,0,0,0,0,0,0,0,0,1,0,0,0,0,0,0,36.0,,11.4,,4.7,47.0,,8.6,,2.4,,,,,,36.0,,47.0
69,"Valencia, 2010",197,PANSS_total,rct,individual,total_count,0,0,0,0,0,0,0,0,0,0,0,0,0,0,0,0,0,0,0,0,0,0,0,0,0,0,0,0,0,0,0,0,0,0,0,0,1,0,0,0,0,0,0,36.0,,57.3,,17.7,47.0,,51.8,,12.1,,,,,,36.0,,47.0
68,"Kim, 2010",198,PANSS_negative,rct,individual,total_count,0,0,0,0,0,0,0,0,0,0,0,0,0,0,0,0,0,0,0,1,0,0,0,0,0,0,0,0,0,0,0,0,0,0,0,0,0,0,0,0,0,0,0,13.0,,17.4,,3.7,13.0,,16.2,,4.6,,,,,,13.0,,13.0
68,"Kim, 2010",199,PANSS_positive,rct,individual,total_count,0,0,0,0,0,0,0,0,0,0,0,0,0,0,0,0,0,0,0,1,0,0,0,0,0,0,0,0,0,0,0,0,0,0,0,0,0,0,0,0,0,0,0,13.0,,15.4,,5.5,13.0,,12.2,,3.5,,,,,,13.0,,13.0
68,"Kim, 2010",200,PANSS_total,rct,individual,total_count,0,0,0,0,0,0,0,0,0,0,0,0,0,0,0,0,0,0,0,1,0,0,0,0,0,0,0,0,0,0,0,0,0,0,0,0,0,0,0,0,0,0,0,13.0,,67.2,,15.9,13.0,,62.7,,12.7,,,,,,13.0,,13.0
68,"Kim, 2010",201,PANSS_negative,rct,individual,total_count,0,0,0,0,0,0,0,0,0,0,0,0,0,0,0,0,0,0,0,0,0,0,0,0,0,0,0,0,0,0,1,0,0,0,0,0,0,0,0,0,0,0,0,13.0,,17.4,,3.7,14.0,,17.4,,5.7,,,,,,13.0,,14.0
68,"Kim, 2010",202,PANSS_positive,rct,individual,total_count,0,0,0,0,0,0,0,0,0,0,0,0,0,0,0,0,0,0,0,0,0,0,0,0,0,0,0,0,0,0,1,0,0,0,0,0,0,0,0,0,0,0,0,13.0,,15.4,,5.5,14.0,,12.9,,4.2,,,,,,13.0,,14.0
68,"Kim, 2010",203,PANSS_total,rct,individual,total_count,0,0,0,0,0,0,0,0,0,0,0,0,0,0,0,0,0,0,0,0,0,0,0,0,0,0,0,0,0,0,1,0,0,0,0,0,0,0,0,0,0,0,0,13.0,,67.2,,15.9,14.0,,61.7,,15.9,,,,,,13.0,,14.0
70,"Matsui, 2009",204,SANS_negative,rct,individual,total_count,0,0,0,0,0,0,0,0,0,0,0,0,0,0,0,0,0,0,1,0,0,0,0,0,0,0,0,0,0,0,0,0,0,0,0,0,0,0,0,0,0,0,0,7.0,,22.0,,12.6,8.0,,46.4,,19.9,,,,,,7.0,,8.0
70,"Matsui, 2009",205,Other,rct,individual,total_count,0,0,0,0,0,0,0,0,0,0,0,0,0,0,0,0,0,0,1,0,0,0,0,0,0,0,0,0,0,0,0,0,0,0,0,0,0,0,0,0,0,0,0,7.0,,11.1,,14.3,8.0,,20.4,,16.7,,,,,,7.0,,8.0
71,"Chan, 2009",206,BPRS_total,rct,individual,total_count,0,0,0,0,0,0,0,0,0,0,0,0,0,0,0,0,0,0,0,0,1,0,0,0,0,0,0,0,0,0,0,0,0,0,0,0,0,0,0,0,0,0,0,37.0,,8.81,,9.58,36.0,,5.69,,7.91,,,,,,37.0,,36.0
72,"Sanz, 2009",207,PANSS_negative,rct,individual,total_count,0,0,0,0,0,0,0,0,0,0,0,0,0,0,0,0,0,0,1,0,0,0,0,0,0,0,0,0,0,0,0,0,0,0,0,0,0,0,0,0,0,0,0,7.0,,13.86,,3.53,7.0,,13.29,,2.75,,,,,,7.0,,7.0
72,"Sanz, 2009",208,PANSS_positive,rct,individual,total_count,0,0,0,0,0,0,0,0,0,0,0,0,0,0,0,0,0,0,1,0,0,0,0,0,0,0,0,0,0,0,0,0,0,0,0,0,0,0,0,0,0,0,0,7.0,,9.29,,3.59,7.0,,9.71,,4.19,,,,,,7.0,,7.0
72,"Sanz, 2009",209,PANSS_total,rct,individual,total_count,0,0,0,0,0,0,0,0,0,0,0,0,0,0,0,0,0,0,1,0,0,0,0,0,0,0,0,0,0,0,0,0,0,0,0,0,0,0,0,0,0,0,0,7.0,,43.43,,11.16,7.0,,42.14,,6.89,,,,,,7.0,,7.0
73,"Valencia, 2007",210,PANSS_negative,rct,individual,total_count,0,0,0,0,0,0,0,0,0,0,0,0,0,0,0,0,0,0,0,0,0,0,0,0,0,0,0,0,0,0,0,0,0,0,0,0,1,0,0,0,0,0,0,39.0,,17.9,,6.2,43.0,,13.0,,5.7,,,,,,39.0,,43.0
73,"Valencia, 2007",211,PANSS_positive,rct,individual,total_count,0,0,0,0,0,0,0,0,0,0,0,0,0,0,0,0,0,0,0,0,0,0,0,0,0,0,0,0,0,0,0,0,0,0,0,0,1,0,0,0,0,0,0,39.0,,13.2,,4.6,43.0,,9.7,,3.1,,,,,,39.0,,43.0
73,"Valencia, 2007",212,PANSS_total,rct,individual,total_count,0,0,0,0,0,0,0,0,0,0,0,0,0,0,0,0,0,0,0,0,0,0,0,0,0,0,0,0,0,0,0,0,0,0,0,0,1,0,0,0,0,0,0,39.0,,60.4,,18.2,43.0,,46.9,,14.6,,,,,,39.0,,43.0
74,"Wykes, 2007",213,PANSS_negative,rct,individual,total_count,0,0,0,0,0,0,0,0,0,0,1,0,0,0,0,0,0,0,0,0,0,0,0,0,0,0,0,0,0,0,0,0,0,0,0,0,0,0,0,0,0,0,0,39.0,,16.6,,7.3,39.0,,17.0,,16.6,,,,,,39.0,,39.0
74,"Wykes, 2007",214,PANSS_positive,rct,individual,total_count,0,0,0,0,0,0,0,0,0,0,1,0,0,0,0,0,0,0,0,0,0,0,0,0,0,0,0,0,0,0,0,0,0,0,0,0,0,0,0,0,0,0,0,39.0,,13.8,,6.4,39.0,,14.2,,5.4,,,,,,39.0,,39.0
74,"Wykes, 2007",215,PANSS_total,rct,individual,total_count,0,0,0,0,0,0,0,0,0,0,1,0,0,0,0,0,0,0,0,0,0,0,0,0,0,0,0,0,0,0,0,0,0,0,0,0,0,0,0,0,0,0,0,39.0,,59.8,,17.5,39.0,,60.1,,18.6,,,,,,39.0,,39.0
75,"Ng, 2006",216,SANS_negative,rct,individual,total_count,0,0,0,0,0,0,0,0,0,0,0,0,0,0,0,0,0,0,0,0,0,0,0,0,0,0,0,0,0,0,0,0,0,0,1,0,0,0,0,0,0,0,0,18.0,,41.0,,14.8,17.0,,38.3,,14.8,,,,,,18.0,,17.0
75,"Ng, 2006",217,BPRS_total,rct,individual,total_count,0,0,0,0,0,0,0,0,0,0,0,0,0,0,0,0,0,0,0,0,0,0,0,0,0,0,0,0,0,0,0,0,0,0,1,0,0,0,0,0,0,0,0,18.0,,41.6,,11.1,17.0,,38.1,,7.4,,,,,,18.0,,17.0
76,"Valmaggia, 2005",218,PANSS_negative,rct,individual,total_count,0,0,0,0,1,0,0,0,0,0,0,0,0,0,0,0,0,0,0,0,0,0,0,0,0,0,0,0,0,0,0,0,0,0,0,0,0,0,0,0,0,0,0,23.0,,11.74,,2.91,35.0,,12.95,,3.51,,,,,,23.0,,35.0
76,"Valmaggia, 2005",219,PANSS_positive,rct,individual,total_count,0,0,0,0,1,0,0,0,0,0,0,0,0,0,0,0,0,0,0,0,0,0,0,0,0,0,0,0,0,0,0,0,0,0,0,0,0,0,0,0,0,0,0,23.0,,16.28,,3.76,35.0,,15.09,,3.91,,,,,,23.0,,35.0
76,"Valmaggia, 2005",220,PANSS_total,rct,individual,total_count,0,0,0,0,1,0,0,0,0,0,0,0,0,0,0,0,0,0,0,0,0,0,0,0,0,0,0,0,0,0,0,0,0,0,0,0,0,0,0,0,0,0,0,23.0,,57.6,,10.93,35.0,,58.44,,11.59,,,,,,23.0,,35.0
77,"Roncone, 2004",221,BPRS_negative,rct,individual,total_count,0,0,0,0,0,0,0,0,0,0,0,0,0,0,0,0,0,0,0,0,0,0,0,0,0,0,0,0,0,0,0,0,0,0,1,0,0,0,0,0,0,0,0,10.0,,9.9,,5.2,10.0,,7.2,,3.1,,,,,,10.0,,10.0
78,"García, 2003",222,BPRS_total,rct,individual,total_count,0,0,0,0,0,0,0,0,0,0,0,0,0,0,0,0,0,0,1,0,0,0,0,0,0,0,0,0,0,0,0,0,0,0,0,0,0,0,0,0,0,0,0,5.0,,31.22,,7.22,7.0,,27.36,,8.29,,,,,,5.0,,7.0
79,"Norman, 2002",223,SANS_negative,rct,individual,total_count,0,0,0,0,0,0,0,0,0,0,0,0,0,0,0,0,0,0,0,0,0,0,0,0,0,0,0,1,0,0,0,0,0,0,0,0,0,0,0,0,0,0,0,61.0,,27.33,,13.27,60.0,,25.28,,14.64,,,,,,61.0,,60.0
79,"Norman, 2002",224,Other,rct,individual,total_count,0,0,0,0,0,0,0,0,0,0,0,0,0,0,0,0,0,0,0,0,0,0,0,0,0,0,0,1,0,0,0,0,0,0,0,0,0,0,0,0,0,0,0,61.0,,5.38,,7.58,60.0,,5.53,,7.23,,,,,,61.0,,60.0
81,"Sensky, 2000",226,SANS_negative,rct,individual,total_count,0,0,0,0,1,0,0,0,0,0,0,0,0,0,0,0,0,0,0,0,0,0,0,0,0,0,0,0,0,0,0,0,0,0,0,0,0,0,0,0,0,0,0,44.0,,20.7,,20.89,46.0,,22.0,,17.0,,,,,,44.0,,46.0
81,"Sensky, 2000",227,CPRS_total,rct,individual,total_count,0,0,0,0,1,0,0,0,0,0,0,0,0,0,0,0,0,0,0,0,0,0,0,0,0,0,0,0,0,0,0,0,0,0,0,0,0,0,0,0,0,0,0,44.0,,22.9,,17.27,46.0,,20.5,,13.13,,,,,,44.0,,46.0
82,"Wykes, 1999",228,BPRS_total,rct,individual,total_count,0,0,0,0,0,0,0,0,0,0,1,0,0,0,0,0,0,0,0,0,0,0,0,0,0,0,0,0,0,0,0,0,0,0,0,0,0,0,0,0,0,0,0,15.0,,42.3,,10.6,15.0,,39.8,,12.1,,,,,,15.0,,15.0
83,"Dobson, 1995",229,PANSS_negative,rct,individual,total_count,0,0,0,0,0,0,0,0,0,0,0,0,0,0,0,0,0,0,0,0,0,0,0,0,0,0,0,0,0,0,0,0,0,0,1,0,0,0,0,0,0,0,0,13.0,,18.5,,7.1,15.0,,13.5,,7.6,,,,,,13.0,,15.0
84,"Hayes, 1995",230,SANS_negative,rct,individual,total_count,0,0,0,0,0,0,0,0,0,0,0,0,0,0,0,0,0,0,0,0,0,0,0,0,0,0,0,0,0,0,0,0,0,0,1,0,0,0,0,0,0,0,0,22.0,,48.1,,20.8,23.0,,58.9,,26.5,,,,,,22.0,,23.0
84,"Hayes, 1995",231,BPRS_total,rct,individual,total_count,0,0,0,0,0,0,0,0,0,0,0,0,0,0,0,0,0,0,0,0,0,0,0,0,0,0,0,0,0,0,0,0,0,0,1,0,0,0,0,0,0,0,0,22.0,,48.3,,14.4,23.0,,46.5,,9.9,,,,,,22.0,,23.0
85,"Chien, 2017",232,PANSS_negative,rct,individual,total_count,0,0,0,0,0,0,0,0,0,0,0,0,0,0,0,0,0,0,0,0,0,0,0,0,0,0,1,0,0,0,0,0,0,0,0,0,0,0,0,0,0,0,0,112.0,,20.8,,9.6,111.0,,17.0,,7.0,,,,,,112.0,,111.0
85,"Chien, 2017",233,PANSS_positive,rct,individual,total_count,0,0,0,0,0,0,0,0,0,0,0,0,0,0,0,0,0,0,0,0,0,0,0,0,0,0,1,0,0,0,0,0,0,0,0,0,0,0,0,0,0,0,0,112.0,,19.8,,6.7,111.0,,17.1,,6.5,,,,,,112.0,,111.0
85,"Chien, 2017",234,PANSS_total,rct,individual,total_count,0,0,0,0,0,0,0,0,0,0,0,0,0,0,0,0,0,0,0,0,0,0,0,0,0,0,1,0,0,0,0,0,0,0,0,0,0,0,0,0,0,0,0,112.0,,80.9,,8.7,111.0,,74.8,,8.9,,,,,,112.0,,111.0
85,"Chien, 2017",235,PANSS_negative,rct,individual,total_count,0,0,0,0,0,0,0,0,0,0,0,0,0,0,0,0,0,0,0,0,0,0,0,0,0,0,0,1,0,0,0,0,0,0,0,0,0,0,0,0,0,0,0,112.0,,20.8,,9.6,110.0,,19.9,,8.9,,,,,,112.0,,110.0
85,"Chien, 2017",236,PANSS_positive,rct,individual,total_count,0,0,0,0,0,0,0,0,0,0,0,0,0,0,0,0,0,0,0,0,0,0,0,0,0,0,0,1,0,0,0,0,0,0,0,0,0,0,0,0,0,0,0,112.0,,19.8,,6.7,110.0,,20.3,,7.8,,,,,,112.0,,110.0
85,"Chien, 2017",237,PANSS_total,rct,individual,total_count,0,0,0,0,0,0,0,0,0,0,0,0,0,0,0,0,0,0,0,0,0,0,0,0,0,0,0,1,0,0,0,0,0,0,0,0,0,0,0,0,0,0,0,112.0,,80.9,,8.7,110.0,,82.1,,9.2,,,,,,112.0,,110.0
86,"Marlow, 2024",238,PANSS_negative,rct,individual,total_count,0,0,0,0,0,0,0,0,0,0,0,0,0,0,0,0,0,0,0,1,0,0,0,0,0,0,0,0,0,0,0,0,0,0,0,0,0,0,0,0,0,0,0,8.0,,16.3,,7.4,18.0,,13.8,,5.7,,,,,,8.0,,18.0
86,"Marlow, 2024",239,PANSS_positive,rct,individual,total_count,0,0,0,0,0,0,0,0,0,0,0,0,0,0,0,0,0,0,0,1,0,0,0,0,0,0,0,0,0,0,0,0,0,0,0,0,0,0,0,0,0,0,0,8.0,,13.4,,5.2,18.0,,14.5,,6.9,,,,,,8.0,,18.0
86,"Marlow, 2024",240,PANSS_total,rct,individual,total_count,0,0,0,0,0,0,0,0,0,0,0,0,0,0,0,0,0,0,0,1,0,0,0,0,0,0,0,0,0,0,0,0,0,0,0,0,0,0,0,0,0,0,0,8.0,,65.3,,17.2,18.0,,61.3,,22.3,,,,,,8.0,,18.0
87,"Fiszdon, 2023",241,PANSS_negative,rct,individual,total_count,0,0,0,0,0,0,0,0,0,0,0,0,0,0,0,0,0,0,0,0,0,0,0,0,0,0,0,0,0,0,0,0,0,0,1,0,0,0,0,0,0,0,0,22.0,,12.67,,3.88,19.0,,12.58,,4.05,,,,,,22.0,,19.0
87,"Fiszdon, 2023",242,PANSS_positive,rct,individual,total_count,0,0,0,0,0,0,0,0,0,0,0,0,0,0,0,0,0,0,0,0,0,0,0,0,0,0,0,0,0,0,0,0,0,0,1,0,0,0,0,0,0,0,0,22.0,,9.81,,4.04,19.0,,12.44,,5.4,,,,,,22.0,,19.0
87,"Fiszdon, 2023",243,PANSS_total,rct,individual,total_count,0,0,0,0,0,0,0,0,0,0,0,0,0,0,0,0,0,0,0,0,0,0,0,0,0,0,0,0,0,0,0,0,0,0,1,0,0,0,0,0,0,0,0,22.0,,48.71,,9.44,19.0,,55.75,,14.29,,,,,,22.0,,19.0
88,"Hasson-Ohayon, 2023",244,PANSS_negative,rct,individual,total_count,0,0,0,0,0,0,0,0,0,0,0,0,0,0,0,0,0,0,0,0,0,0,0,0,0,1,0,0,0,0,0,0,0,0,0,0,0,0,0,0,0,0,0,14.0,,15.0,,4.5,21.0,,14.09,,4.27,,,,,,14.0,,21.0
88,"Hasson-Ohayon, 2023",245,PANSS_positive,rct,individual,total_count,0,0,0,0,0,0,0,0,0,0,0,0,0,0,0,0,0,0,0,0,0,0,0,0,0,1,0,0,0,0,0,0,0,0,0,0,0,0,0,0,0,0,0,14.0,,10.14,,4.29,21.0,,10.33,,3.52,,,,,,14.0,,21.0
88,"Hasson-Ohayon, 2023",246,PANSS_total,rct,individual,total_count,0,0,0,0,0,0,0,0,0,0,0,0,0,0,0,0,0,0,0,0,0,0,0,0,0,1,0,0,0,0,0,0,0,0,0,0,0,0,0,0,0,0,0,14.0,,53.43,,14.6,21.0,,53.19,,9.28,,,,,,14.0,,21.0
89,"Zalzala, 2022",247,PANSS_negative,rct,individual,total_count,0,0,0,0,0,0,0,0,0,0,0,0,0,0,0,0,0,0,0,0,0,0,0,0,0,1,0,0,0,0,0,0,0,0,0,0,0,0,0,0,0,0,0,17.0,,15.06,,4.39,16.0,,16.36,,5.47,,,,,,17.0,,16.0
89,"Zalzala, 2022",248,BPRS_positive,rct,individual,total_count,0,0,0,0,0,0,0,0,0,0,0,0,0,0,0,0,0,0,0,0,0,0,0,0,0,1,0,0,0,0,0,0,0,0,0,0,0,0,0,0,0,0,0,17.0,,32.61,,8.72,16.0,,31.3,,6.18,,,,,,17.0,,16.0
90,"Hatami, 2021",249,PANSS_negative,rct,individual,total_count,0,0,0,0,0,0,0,0,0,0,1,0,0,0,0,0,0,0,0,0,0,0,0,0,0,0,0,0,0,0,0,0,0,0,0,0,0,0,0,0,0,0,0,28.0,,9.0,,2.1,31.0,,9.1,,2.6,,,,,,28.0,,31.0
90,"Hatami, 2021",250,PANSS_positive,rct,individual,total_count,0,0,0,0,0,0,0,0,0,0,1,0,0,0,0,0,0,0,0,0,0,0,0,0,0,0,0,0,0,0,0,0,0,0,0,0,0,0,0,0,0,0,0,28.0,,9.5,,2.6,31.0,,9.0,,1.8,,,,,,28.0,,31.0
90,"Hatami, 2021",251,PANSS_total,rct,individual,total_count,0,0,0,0,0,0,0,0,0,0,1,0,0,0,0,0,0,0,0,0,0,0,0,0,0,0,0,0,0,0,0,0,0,0,0,0,0,0,0,0,0,0,0,28.0,,44.2,,5.1,31.0,,42.7,,5.4,,,,,,28.0,,31.0
91,"Mueller, 2020",252,PANSS_negative,rct,individual,total_count,0,0,0,0,0,0,0,0,0,0,0,0,0,0,0,0,0,0,1,0,0,0,0,0,0,0,0,0,0,0,0,0,0,0,0,0,0,0,0,0,0,0,0,26.0,,14.4,,5.3,30.0,,10.8,,3.1,,,,,,26.0,,30.0
91,"Mueller, 2020",253,PANSS_positive,rct,individual,total_count,0,0,0,0,0,0,0,0,0,0,0,0,0,0,0,0,0,0,1,0,0,0,0,0,0,0,0,0,0,0,0,0,0,0,0,0,0,0,0,0,0,0,0,26.0,,13.0,,3.8,30.0,,10.5,,2.9,,,,,,26.0,,30.0
91,"Mueller, 2020",254,PANSS_total,rct,individual,total_count,0,0,0,0,0,0,0,0,0,0,0,0,0,0,0,0,0,0,1,0,0,0,0,0,0,0,0,0,0,0,0,0,0,0,0,0,0,0,0,0,0,0,0,26.0,,59.2,,14.4,30.0,,45.3,,8.9,,,,,,26.0,,30.0
92,"Favrod, 2019",255,SANS_negative,rct,individual,total_count,0,0,0,0,0,0,0,0,0,0,0,0,0,0,0,0,0,0,0,0,0,0,0,0,0,0,0,0,0,0,0,0,0,0,0,0,0,0,0,0,0,0,1,40.0,,26.95,,15.3,40.0,,23.38,,15.76,,,,,,40.0,,40.0
93,"Katsumi, 2019",256,PANSS_negative,rct,individual,total_count,0,0,0,0,0,0,0,0,0,0,1,0,0,0,0,0,0,0,0,0,0,0,0,0,0,0,0,0,0,0,0,0,0,0,0,0,0,0,0,0,0,0,0,22.0,,18.55,,2.11,22.0,,18.5,,1.99,,,,,,22.0,,22.0
93,"Katsumi, 2019",257,PANSS_positive,rct,individual,total_count,0,0,0,0,0,0,0,0,0,0,1,0,0,0,0,0,0,0,0,0,0,0,0,0,0,0,0,0,0,0,0,0,0,0,0,0,0,0,0,0,0,0,0,22.0,,14.45,,1.68,22.0,,14.64,,1.68,,,,,,22.0,,22.0
93,"Katsumi, 2019",258,PANSS_total,rct,individual,total_count,0,0,0,0,0,0,0,0,0,0,1,0,0,0,0,0,0,0,0,0,0,0,0,0,0,0,0,0,0,0,0,0,0,0,0,0,0,0,0,0,0,0,0,22.0,,68.18,,4.24,22.0,,66.5,,4.84,,,,,,22.0,,22.0
94,"Bryce, 2018",259,PANSS_total,rct,individual,total_count,0,0,0,0,0,0,0,0,0,0,1,0,0,0,0,0,0,0,0,0,0,0,0,0,0,0,0,0,0,0,0,0,0,0,0,0,0,0,0,0,0,0,0,21.0,,57.66,,3.33,22.0,,60.96,,3.2,,,,,,21.0,,22.0
95,"Mueller, 2017",260,PANSS_negative,rct,individual,total_count,0,0,0,0,0,0,0,0,0,0,1,0,0,0,0,0,0,0,0,0,0,0,0,0,0,0,0,0,0,0,0,0,0,0,0,0,0,0,0,0,0,0,0,31.0,,19.6,,4.5,24.0,,17.5,,4.5,,,,,,31.0,,24.0
95,"Mueller, 2017",261,PANSS_positive,rct,individual,total_count,0,0,0,0,0,0,0,0,0,0,1,0,0,0,0,0,0,0,0,0,0,0,0,0,0,0,0,0,0,0,0,0,0,0,0,0,0,0,0,0,0,0,0,31.0,,15.0,,5.3,24.0,,14.6,,3.2,,,,,,31.0,,24.0
96,"Kantrowitz, 2016",262,PANSS_negative,rct,individual,total_count,0,0,0,0,0,0,0,0,0,0,1,0,0,0,0,0,0,0,0,0,0,0,0,0,0,0,0,0,0,0,0,0,0,0,0,0,0,0,0,0,0,0,0,41.0,,16.44,,5.74,33.0,,15.64,,5.75,,,,,,41.0,,33.0
96,"Kantrowitz, 2016",263,PANSS_positive,rct,individual,total_count,0,0,0,0,0,0,0,0,0,0,1,0,0,0,0,0,0,0,0,0,0,0,0,0,0,0,0,0,0,0,0,0,0,0,0,0,0,0,0,0,0,0,0,41.0,,14.54,,5.05,33.0,,14.18,,4.87,,,,,,41.0,,33.0
96,"Kantrowitz, 2016",264,PANSS_total,rct,individual,total_count,0,0,0,0,0,0,0,0,0,0,1,0,0,0,0,0,0,0,0,0,0,0,0,0,0,0,0,0,0,0,0,0,0,0,0,0,0,0,0,0,0,0,0,41.0,,61.1,,17.29,33.0,,58.79,,14.71,,,,,,41.0,,33.0
97,"Velligan, 2015",265,BPRS_total,rct,individual,total_count,0,0,0,1,0,0,0,0,0,0,0,0,0,0,0,0,0,0,0,0,0,0,0,0,0,0,0,0,0,0,0,0,0,0,0,0,0,0,0,0,0,0,0,26.0,,3.53,,1.16,23.0,,3.38,,1.32,,,,,,26.0,,23.0
97,"Velligan, 2015",266,BPRS_total,rct,individual,total_count,0,0,0,1,0,0,0,0,0,0,0,0,0,0,0,0,0,0,0,0,0,0,0,0,0,0,0,0,0,0,0,0,0,0,0,0,0,0,0,0,0,0,0,27.0,,3.74,,1.01,23.0,,3.38,,1.32,,,,,,27.0,,23.0
97,"Velligan, 2015",267,BPRS_total,rct,individual,total_count,0,0,0,0,1,0,0,0,0,0,0,0,0,0,0,0,0,0,0,0,0,0,0,0,0,0,0,0,0,0,0,0,0,0,0,0,0,0,0,0,0,0,0,27.0,,3.74,,1.01,26.0,,3.53,,1.16,,,,,,27.0,,26.0
98,"Fernandez-Gonzalo, 2015",268,PANSS_negative,rct,individual,total_count,0,0,0,0,0,0,0,0,0,0,0,0,0,0,0,0,0,0,1,0,0,0,0,0,0,0,0,0,0,0,0,0,0,0,0,0,0,0,0,0,0,0,0,19.0,,16.79,,5.3,21.0,,14.6,,5.3,,,,,,19.0,,21.0
98,"Fernandez-Gonzalo, 2015",269,PANSS_positive,rct,individual,total_count,0,0,0,0,0,0,0,0,0,0,0,0,0,0,0,0,0,0,1,0,0,0,0,0,0,0,0,0,0,0,0,0,0,0,0,0,0,0,0,0,0,0,0,19.0,,8.89,,2.2,21.0,,7.9,,1.4,,,,,,19.0,,21.0
98,"Fernandez-Gonzalo, 2015",270,PANSS_total,rct,individual,total_count,0,0,0,0,0,0,0,0,0,0,0,0,0,0,0,0,0,0,1,0,0,0,0,0,0,0,0,0,0,0,0,0,0,0,0,0,0,0,0,0,0,0,0,19.0,,52.63,,10.0,21.0,,46.75,,10.5,,,,,,19.0,,21.0
97,"Velligan, 2015",271,BPRS_total,rct,individual,total_count,0,0,0,1,0,0,0,0,0,0,0,0,0,0,0,0,0,0,0,0,0,0,0,0,0,0,0,0,0,0,0,0,0,0,0,0,0,0,0,0,0,0,0,32.0,,3.8,,1.26,23.0,,3.38,,1.32,,,,,,32.0,,23.0
97,"Velligan, 2015",272,BPRS_total,rct,individual,total_count,0,0,0,0,1,0,0,0,0,0,0,0,0,0,0,0,0,0,0,0,0,0,0,0,0,0,0,0,0,0,0,0,0,0,0,0,0,0,0,0,0,0,0,32.0,,3.8,,1.26,26.0,,3.53,,1.16,,,,,,32.0,,26.0
97,"Velligan, 2015",273,BPRS_total,rct,individual,total_count,0,0,0,0,0,1,0,0,0,0,0,0,0,0,0,0,0,0,0,0,0,0,0,0,0,0,0,0,0,0,0,0,0,0,0,0,0,0,0,0,0,0,0,32.0,,3.8,,1.26,27.0,,3.74,,1.01,,,,,,32.0,,27.0
99,"Jørgensen, 2015",274,PANSS_negative,rct,individual,total_count,0,0,0,0,0,0,0,0,0,0,0,0,0,0,0,0,0,0,0,0,0,0,0,0,0,0,0,0,0,0,0,1,0,0,0,0,0,0,0,0,0,0,0,47.0,,17.4,,4.2,47.0,,17.2,,4.2,,,,,,47.0,,47.0
99,"Jørgensen, 2015",275,PANSS_total,rct,individual,total_count,0,0,0,0,0,0,0,0,0,0,0,0,0,0,0,0,0,0,0,0,0,0,0,0,0,0,0,0,0,0,0,1,0,0,0,0,0,0,0,0,0,0,0,47.0,,59.9,,10.3,47.0,,58.5,,9.7,,,,,,47.0,,47.0
100,"Granholm, 2014",276,PANSS_positive,rct,individual,total_count,0,0,0,0,0,0,1,0,0,0,0,0,0,0,0,0,0,0,0,0,0,0,0,0,0,0,0,0,0,0,0,0,0,0,0,0,0,0,0,0,0,0,0,45.0,,18.7,,5.8,36.0,,16.6,,4.1,,,,,,45.0,,36.0
101,"Roberts, 2014",277,PANSS_negative,rct,individual,total_count,0,0,0,0,0,0,0,0,0,0,0,0,0,0,0,0,0,0,0,0,0,0,0,0,0,0,0,0,0,0,0,0,0,0,1,0,0,0,0,0,0,0,0,31.0,,14.65,,3.79,32.0,,14.12,,4.46,,,,,,31.0,,32.0
101,"Roberts, 2014",278,PANSS_positive,rct,individual,total_count,0,0,0,0,0,0,0,0,0,0,0,0,0,0,0,0,0,0,0,0,0,0,0,0,0,0,0,0,0,0,0,0,0,0,1,0,0,0,0,0,0,0,0,31.0,,15.29,,4.22,32.0,,14.85,,4.38,,,,,,31.0,,32.0
101,"Roberts, 2014",279,PANSS_total,rct,individual,total_count,0,0,0,0,0,0,0,0,0,0,0,0,0,0,0,0,0,0,0,0,0,0,0,0,0,0,0,0,0,0,0,0,0,0,1,0,0,0,0,0,0,0,0,31.0,,63.52,,12.37,32.0,,60.39,,12.21,,,,,,31.0,,32.0
102,"Gohar, 2013",280,PANSS_negative,rct,individual,total_count,0,0,0,0,0,0,0,0,0,0,0,0,0,0,0,0,0,0,0,0,0,0,0,0,0,0,0,0,0,0,0,0,0,0,1,0,0,0,0,0,0,0,0,20.0,,20.65,,3.96,22.0,,21.86,,3.77,,,,,,20.0,,22.0
102,"Gohar, 2013",281,PANSS_positive,rct,individual,total_count,0,0,0,0,0,0,0,0,0,0,0,0,0,0,0,0,0,0,0,0,0,0,0,0,0,0,0,0,0,0,0,0,0,0,1,0,0,0,0,0,0,0,0,20.0,,17.5,,3.09,22.0,,18.77,,4.05,,,,,,20.0,,22.0
102,"Gohar, 2013",282,PANSS_total,rct,individual,total_count,0,0,0,0,0,0,0,0,0,0,0,0,0,0,0,0,0,0,0,0,0,0,0,0,0,0,0,0,0,0,0,0,0,0,1,0,0,0,0,0,0,0,0,20.0,,76.5,,7.28,22.0,,78.86,,8.38,,,,,,20.0,,22.0
103,"Rus-Calafell, 2013",283,PANSS_negative,rct,individual,total_count,0,0,0,0,0,0,0,0,0,0,0,0,0,0,0,0,0,0,0,0,0,0,0,0,0,0,0,0,0,0,0,0,0,0,1,0,0,0,0,0,0,0,0,18.0,,17.5,,4.32,13.0,,15.15,,7.44,,,,,,18.0,,13.0
103,"Rus-Calafell, 2013",284,PANSS_positive,rct,individual,total_count,0,0,0,0,0,0,0,0,0,0,0,0,0,0,0,0,0,0,0,0,0,0,0,0,0,0,0,0,0,0,0,0,0,0,1,0,0,0,0,0,0,0,0,18.0,,11.89,,4.48,13.0,,12.15,,4.39,,,,,,18.0,,13.0
103,"Rus-Calafell, 2013",285,PANSS_total,rct,individual,total_count,0,0,0,0,0,0,0,0,0,0,0,0,0,0,0,0,0,0,0,0,0,0,0,0,0,0,0,0,0,0,0,0,0,0,1,0,0,0,0,0,0,0,0,18.0,,61.61,,13.65,13.0,,58.68,,19.16,,,,,,18.0,,13.0
104,"Farreny, 2012",286,PANSS_negative,rct,individual,total_count,0,0,0,0,0,0,0,0,0,0,1,0,0,0,0,0,0,0,0,0,0,0,0,0,0,0,0,0,0,0,0,0,0,0,0,0,0,0,0,0,0,0,0,24.0,,17.5,,5.2,29.0,,16.6,,4.1,,,,,,24.0,,29.0
104,"Farreny, 2012",287,PANSS_total,rct,individual,total_count,0,0,0,0,0,0,0,0,0,0,1,0,0,0,0,0,0,0,0,0,0,0,0,0,0,0,0,0,0,0,0,0,0,0,0,0,0,0,0,0,0,0,0,24.0,,60.4,,12.3,29.0,,55.6,,10.6,,,,,,24.0,,29.0
105,"Twamley, 2012",288,PANSS_negative,rct,individual,total_count,0,0,0,0,0,0,0,0,0,0,1,0,0,0,0,0,0,0,0,0,0,0,0,0,0,0,0,0,0,0,0,0,0,0,0,0,0,0,0,0,0,0,0,28.0,,16.58,,6.36,23.0,,13.6,,5.79,,,,,,28.0,,23.0
105,"Twamley, 2012",289,PANSS_positive,rct,individual,total_count,0,0,0,0,0,0,0,0,0,0,1,0,0,0,0,0,0,0,0,0,0,0,0,0,0,0,0,0,0,0,0,0,0,0,0,0,0,0,0,0,0,0,0,28.0,,16.38,,6.21,23.0,,14.7,,5.9,,,,,,28.0,,23.0
106,"Färdig, 2011",290,PECC_negative,rct,individual,total_count,0,0,0,0,0,0,0,0,0,0,0,0,0,0,0,0,0,0,0,0,0,0,0,0,0,0,0,1,0,0,0,0,0,0,0,0,0,0,0,0,0,0,0,20.0,,12.26,,5.06,21.0,,8.45,,3.58,,,,,,20.0,,21.0
106,"Färdig, 2011",291,PECC_positive,rct,individual,total_count,0,0,0,0,0,0,0,0,0,0,0,0,0,0,0,0,0,0,0,0,0,0,0,0,0,0,0,1,0,0,0,0,0,0,0,0,0,0,0,0,0,0,0,20.0,,9.58,,5.21,21.0,,6.25,,3.19,,,,,,20.0,,21.0
106,"Färdig, 2011",292,PECC_total,rct,individual,total_count,0,0,0,0,0,0,0,0,0,0,0,0,0,0,0,0,0,0,0,0,0,0,0,0,0,0,0,1,0,0,0,0,0,0,0,0,0,0,0,0,0,0,0,20.0,,50.9,,14.67,21.0,,37.25,,10.32,,,,,,20.0,,21.0
107,"Dickinson, 2010",293,SANS_negative,rct,individual,total_count,0,0,0,0,0,0,0,0,0,0,1,0,0,0,0,0,0,0,0,0,0,0,0,0,0,0,0,0,0,0,0,0,0,0,0,0,0,0,0,0,0,0,0,27.0,,24.74,,13.4,34.0,,21.93,,10.18,,,,,,27.0,,34.0
107,"Dickinson, 2010",294,BPRS_total,rct,individual,total_count,0,0,0,0,0,0,0,0,0,0,1,0,0,0,0,0,0,0,0,0,0,0,0,0,0,0,0,0,0,0,0,0,0,0,0,0,0,0,0,0,0,0,0,27.0,,36.74,,12.2,34.0,,39.33,,13.83,,,,,,27.0,,34.0
108,"Penn, 2009",295,PANSS_negative,rct,individual,total_count,0,0,0,0,1,0,0,0,0,0,0,0,0,0,0,0,0,0,0,0,0,0,0,0,0,0,0,0,0,0,0,0,0,0,0,0,0,0,0,0,0,0,0,33.0,,13.4,,2.9,32.0,,13.5,,3.3,,,,,,33.0,,32.0
108,"Penn, 2009",296,PANSS_positive,rct,individual,total_count,0,0,0,0,1,0,0,0,0,0,0,0,0,0,0,0,0,0,0,0,0,0,0,0,0,0,0,0,0,0,0,0,0,0,0,0,0,0,0,0,0,0,0,33.0,,15.9,,4.4,32.0,,14.5,,3.7,,,,,,33.0,,32.0
108,"Penn, 2009",297,PANSS_total,rct,individual,total_count,0,0,0,0,1,0,0,0,0,0,0,0,0,0,0,0,0,0,0,0,0,0,0,0,0,0,0,0,0,0,0,0,0,0,0,0,0,0,0,0,0,0,0,33.0,,59.1,,9.6,32.0,,55.0,,8.88,,,,,,33.0,,32.0
109,"England, 2007",298,BPRS_total,rct,individual,total_count,0,0,0,0,1,0,0,0,0,0,0,0,0,0,0,0,0,0,0,0,0,0,0,0,0,0,0,0,0,0,0,0,0,0,0,0,0,0,0,0,0,0,0,21.0,,50.1,,7.8,44.0,,36.9,,9.6,,,,,,21.0,,44.0
110,"Barrowclough, 2006",299,PANSS_negative,rct,individual,total_count,0,0,0,0,1,0,0,0,0,0,0,0,0,0,0,0,0,0,0,0,0,0,0,0,0,0,0,0,0,0,0,0,0,0,0,0,0,0,0,0,0,0,0,45.0,,13.31,,5.22,54.0,,13.0,,4.81,,,,,,45.0,,54.0
110,"Barrowclough, 2006",300,PANSS_positive,rct,individual,total_count,0,0,0,0,1,0,0,0,0,0,0,0,0,0,0,0,0,0,0,0,0,0,0,0,0,0,0,0,0,0,0,0,0,0,0,0,0,0,0,0,0,0,0,45.0,,16.2,,4.34,54.0,,16.04,,5.0,,,,,,45.0,,54.0
110,"Barrowclough, 2006",301,PANSS_total,rct,individual,total_count,0,0,0,0,1,0,0,0,0,0,0,0,0,0,0,0,0,0,0,0,0,0,0,0,0,0,0,0,0,0,0,0,0,0,0,0,0,0,0,0,0,0,0,45.0,,61.44,,15.83,54.0,,57.78,,13.15,,,,,,45.0,,54.0
111,"Bark, 2003",302,PANSS_negative,rct,individual,total_count,0,0,0,0,0,0,0,0,0,0,1,0,0,0,0,0,0,0,0,0,0,0,0,0,0,0,0,0,0,0,0,0,0,0,0,0,0,0,0,0,0,0,0,18.0,,17.7,,5.0,36.0,,17.4,,4.8,,,,,,18.0,,36.0
111,"Bark, 2003",303,PANSS_positive,rct,individual,total_count,0,0,0,0,0,0,0,0,0,0,1,0,0,0,0,0,0,0,0,0,0,0,0,0,0,0,0,0,0,0,0,0,0,0,0,0,0,0,0,0,0,0,0,18.0,,21.3,,9.5,36.0,,17.2,,4.5,,,,,,18.0,,36.0
111,"Bark, 2003",304,PANSS_total,rct,individual,total_count,0,0,0,0,0,0,0,0,0,0,1,0,0,0,0,0,0,0,0,0,0,0,0,0,0,0,0,0,0,0,0,0,0,0,0,0,0,0,0,0,0,0,0,18.0,,73.0,,18.05,36.0,,71.4,,14.72,,,,,,18.0,,36.0
112,"Rector, 2003",305,PANSS_negative,rct,individual,total_count,0,0,0,0,1,0,0,0,0,0,0,0,0,0,0,0,0,0,0,0,0,0,0,0,0,0,0,0,0,0,0,0,0,0,0,0,0,0,0,0,0,0,0,18.0,,16.0,,7.2,24.0,,13.1,,4.5,,,,,,18.0,,24.0
112,"Rector, 2003",306,PANSS_positive,rct,individual,total_count,0,0,0,0,1,0,0,0,0,0,0,0,0,0,0,0,0,0,0,0,0,0,0,0,0,0,0,0,0,0,0,0,0,0,0,0,0,0,0,0,0,0,0,18.0,,13.9,,6.7,24.0,,12.0,,4.0,,,,,,18.0,,24.0
112,"Rector, 2003",307,PANSS_total,rct,individual,total_count,0,0,0,0,1,0,0,0,0,0,0,0,0,0,0,0,0,0,0,0,0,0,0,0,0,0,0,0,0,0,0,0,0,0,0,0,0,0,0,0,0,0,0,18.0,,61.5,,22.1,24.0,,50.7,,12.22,,,,,,18.0,,24.0
113,"Haddock, 1999",308,BPRS_total,rct,individual,total_count,0,0,0,0,1,0,0,0,0,0,0,0,0,0,0,0,0,0,0,0,0,0,0,0,0,0,0,0,0,0,0,0,0,0,0,0,0,0,0,0,0,0,0,11.0,,38.3,,17.4,9.0,,46.8,,8.75,,,,,,11.0,,9.0
114,"Steel, 2020",309,PANSS_negative,rct,individual,total_count,0,0,0,0,0,0,0,0,0,0,0,0,0,0,0,0,0,0,0,0,0,0,0,0,0,0,0,0,0,0,0,0,0,0,0,0,0,0,0,0,0,0,1,49.0,,18.2,,4.3,48.0,,16.4,,4.3,,,,,,49.0,,48.0
114,"Steel, 2020",310,PANSS_positive,rct,individual,total_count,0,0,0,0,0,0,0,0,0,0,0,0,0,0,0,0,0,0,0,0,0,0,0,0,0,0,0,0,0,0,0,0,0,0,0,0,0,0,0,0,0,0,1,49.0,,16.8,,6.4,48.0,,17.6,,6.1,,,,,,49.0,,48.0
114,"Steel, 2020",311,PANSS_total,rct,individual,total_count,0,0,0,0,0,0,0,0,0,0,0,0,0,0,0,0,0,0,0,0,0,0,0,0,0,0,0,0,0,0,0,0,0,0,0,0,0,0,0,0,0,0,1,49.0,,75.0,,15.0,48.0,,72.8,,17.0,,,,,,49.0,,48.0
115,"Shawyer, 2017",312,PANSS_negative,rct,individual,total_count,1,0,0,0,0,0,0,0,0,0,0,0,0,0,0,0,0,0,0,0,0,0,0,0,0,0,0,0,0,0,0,0,0,0,0,0,0,0,0,0,0,0,0,47.0,,17.6,,5.25,49.0,,16.9,,5.0,,,,,,47.0,,49.0
115,"Shawyer, 2017",313,PANSS_positive,rct,individual,total_count,1,0,0,0,0,0,0,0,0,0,0,0,0,0,0,0,0,0,0,0,0,0,0,0,0,0,0,0,0,0,0,0,0,0,0,0,0,0,0,0,0,0,0,47.0,,19.7,,6.64,49.0,,20.5,,6.07,,,,,,47.0,,49.0
115,"Shawyer, 2017",314,PANSS_total,rct,individual,total_count,1,0,0,0,0,0,0,0,0,0,0,0,0,0,0,0,0,0,0,0,0,0,0,0,0,0,0,0,0,0,0,0,0,0,0,0,0,0,0,0,0,0,0,47.0,,73.3,,15.74,49.0,,74.2,,16.07,,,,,,47.0,,49.0
116,"Liberman, 2009",315,PANSS_negative,rct,individual,total_count,0,0,0,0,0,0,0,0,0,0,0,0,0,0,0,0,0,0,0,0,1,0,0,0,0,0,0,0,0,0,0,0,0,0,0,0,0,0,0,0,0,0,0,45.0,,18.2,,6.7,39.0,,16.2,,6.4,,,,,,45.0,,39.0
116,"Liberman, 2009",316,PANSS_positive,rct,individual,total_count,0,0,0,0,0,0,0,0,0,0,0,0,0,0,0,0,0,0,0,0,1,0,0,0,0,0,0,0,0,0,0,0,0,0,0,0,0,0,0,0,0,0,0,45.0,,13.3,,5.3,39.0,,10.9,,4.9,,,,,,45.0,,39.0
116,"Liberman, 2009",317,PANSS_total,rct,individual,total_count,0,0,0,0,0,0,0,0,0,0,0,0,0,0,0,0,0,0,0,0,1,0,0,0,0,0,0,0,0,0,0,0,0,0,0,0,0,0,0,0,0,0,0,45.0,,58.2,,14.8,39.0,,51.9,,14.7,,,,,,45.0,,39.0
117,"Guo, 2010",318,PANSS_total,rct,individual,total_count,0,1,0,0,0,0,0,0,0,0,0,0,0,0,0,0,0,0,0,0,0,0,0,0,0,0,0,0,0,0,0,0,0,0,0,0,0,0,0,0,0,0,0,406.0,,34.7,,5.12,338.0,,36.4,,6.54,,,,,,406.0,,338.0
118,"Chien, 2019",319,PANSS_negative,rct,individual,total_count,0,0,0,0,0,0,0,0,0,0,0,0,0,0,0,0,0,0,0,0,0,0,0,0,0,0,1,0,0,0,0,0,0,0,0,0,0,0,0,0,0,0,0,56.0,,23.9,,8.6,56.0,,20.0,,8.1,,,,,,56.0,,56.0
118,"Chien, 2019",320,PANSS_positive,rct,individual,total_count,0,0,0,0,0,0,0,0,0,0,0,0,0,0,0,0,0,0,0,0,0,0,0,0,0,0,1,0,0,0,0,0,0,0,0,0,0,0,0,0,0,0,0,56.0,,27.8,,9.8,56.0,,24.1,,7.9,,,,,,56.0,,56.0
118,"Chien, 2019",321,PANSS_total,rct,individual,total_count,0,0,0,0,0,0,0,0,0,0,0,0,0,0,0,0,0,0,0,0,0,0,0,0,0,0,1,0,0,0,0,0,0,0,0,0,0,0,0,0,0,0,0,56.0,,98.5,,11.7,56.0,,72.1,,9.0,,,,,,56.0,,56.0
118,"Chien, 2019",322,PANSS_negative,rct,individual,total_count,0,0,0,0,0,0,0,0,0,0,0,0,0,0,0,0,0,0,0,0,0,0,0,0,0,0,0,1,0,0,0,0,0,0,0,0,0,0,0,0,0,0,0,56.0,,23.9,,8.6,56.0,,23.0,,8.2,,,,,,56.0,,56.0
118,"Chien, 2019",323,PANSS_positive,rct,individual,total_count,0,0,0,0,0,0,0,0,0,0,0,0,0,0,0,0,0,0,0,0,0,0,0,0,0,0,0,1,0,0,0,0,0,0,0,0,0,0,0,0,0,0,0,56.0,,27.8,,9.8,56.0,,25.9,,8.8,,,,,,56.0,,56.0
118,"Chien, 2019",324,PANSS_total,rct,individual,total_count,0,0,0,0,0,0,0,0,0,0,0,0,0,0,0,0,0,0,0,0,0,0,0,0,0,0,0,1,0,0,0,0,0,0,0,0,0,0,0,0,0,0,0,56.0,,98.5,,11.7,56.0,,89.1,,9.0,,,,,,56.0,,56.0
119,"Özer, 2024",325,PANSS_negative,rct,individual,total_count,1,0,0,0,0,0,0,0,0,0,0,0,0,0,0,0,0,0,0,0,0,0,0,0,0,0,0,0,0,0,0,0,0,0,0,0,0,0,0,0,0,0,0,27.0,,18.62,,2.93,26.0,,17.57,,2.48,,,,,,27.0,,26.0
119,"Özer, 2024",326,PANSS_positive,rct,individual,total_count,1,0,0,0,0,0,0,0,0,0,0,0,0,0,0,0,0,0,0,0,0,0,0,0,0,0,0,0,0,0,0,0,0,0,0,0,0,0,0,0,0,0,0,27.0,,19.62,,2.64,26.0,,16.38,,2.22,,,,,,27.0,,26.0
119,"Özer, 2024",327,PANSS_total,rct,individual,total_count,1,0,0,0,0,0,0,0,0,0,0,0,0,0,0,0,0,0,0,0,0,0,0,0,0,0,0,0,0,0,0,0,0,0,0,0,0,0,0,0,0,0,0,27.0,,80.62,,8.82,26.0,,70.5,,7.56,,,,,,27.0,,26.0
120,"Varese, 2024",328,PANSS_total,rct,individual,total_count,0,0,0,0,0,0,0,0,0,0,0,0,0,0,0,0,0,0,0,1,0,0,0,0,0,0,0,0,0,0,0,0,0,0,0,0,0,0,0,0,0,0,0,19.0,,64.1,,10.9,26.0,,56.4,,13.3,,,,,,19.0,,26.0
121,"Lee, 2023",329,PANSS_negative,rct,individual,total_count,0,0,0,0,0,0,0,0,0,0,0,0,0,0,0,0,0,0,0,0,0,0,0,0,0,0,0,0,0,0,0,0,0,0,0,0,0,0,0,1,0,0,0,28.0,,12.56,,4.73,33.0,,11.74,,3.63,,,,,,28.0,,33.0
121,"Lee, 2023",330,PANSS_positive,rct,individual,total_count,0,0,0,0,0,0,0,0,0,0,0,0,0,0,0,0,0,0,0,0,0,0,0,0,0,0,0,0,0,0,0,0,0,0,0,0,0,0,0,1,0,0,0,28.0,,11.11,,3.69,33.0,,10.58,,3.12,,,,,,28.0,,33.0
121,"Lee, 2023",331,PANSS_total,rct,individual,total_count,0,0,0,0,0,0,0,0,0,0,0,0,0,0,0,0,0,0,0,0,0,0,0,0,0,0,0,0,0,0,0,0,0,0,0,0,0,0,0,1,0,0,0,28.0,,43.33,,10.16,33.0,,43.03,,9.81,,,,,,28.0,,33.0
122,"Gaudiano, 2023",332,BPRS_total,rct,individual,total_count,1,0,0,0,0,0,0,0,0,0,0,0,0,0,0,0,0,0,0,0,0,0,0,0,0,0,0,0,0,0,0,0,0,0,0,0,0,0,0,0,0,0,0,23.0,,36.2,,9.9,23.0,,40.5,,12.7,,,,,,23.0,,23.0
123,"Longden, 2022",333,PANSS_negative,rct,individual,total_count,0,0,0,0,0,0,0,0,0,0,0,0,0,0,0,0,0,0,0,0,0,0,0,0,0,0,0,0,0,0,0,0,1,0,0,0,0,0,0,0,0,0,0,19.0,,11.7,,5.9,21.0,,12.0,,4.2,,,,,,19.0,,21.0
123,"Longden, 2022",334,PANSS_positive,rct,individual,total_count,0,0,0,0,0,0,0,0,0,0,0,0,0,0,0,0,0,0,0,0,0,0,0,0,0,0,0,0,0,0,0,0,1,0,0,0,0,0,0,0,0,0,0,19.0,,15.7,,5.0,21.0,,17.1,,5.2,,,,,,19.0,,21.0
123,"Longden, 2022",335,PANSS_total,rct,individual,total_count,0,0,0,0,0,0,0,0,0,0,0,0,0,0,0,0,0,0,0,0,0,0,0,0,0,0,0,0,0,0,0,0,1,0,0,0,0,0,0,0,0,0,0,19.0,,56.3,,15.3,21.0,,59.7,,15.6,,,,,,19.0,,21.0
124,"Husain, 2021",336,PANSS_negative,rct,individual,total_count,0,0,0,0,0,0,0,0,0,0,0,0,0,0,0,0,0,0,0,0,0,0,1,0,0,0,0,0,0,0,0,0,0,0,0,0,0,0,0,0,0,0,0,14.0,,14.36,,3.61,15.0,,14.64,,5.27,,,,,,14.0,,15.0
124,"Husain, 2021",337,PANSS_positive,rct,individual,total_count,0,0,0,0,0,0,0,0,0,0,0,0,0,0,0,0,0,0,0,0,0,0,1,0,0,0,0,0,0,0,0,0,0,0,0,0,0,0,0,0,0,0,0,14.0,,13.36,,5.92,15.0,,12.79,,4.98,,,,,,14.0,,15.0
124,"Husain, 2021",338,PANSS_total,rct,individual,total_count,0,0,0,0,0,0,0,0,0,0,0,0,0,0,0,0,0,0,0,0,0,0,1,0,0,0,0,0,0,0,0,0,0,0,0,0,0,0,0,0,0,0,0,14.0,,53.29,,11.95,15.0,,54.36,,16.71,,,,,,14.0,,15.0
125,"So, 2021",339,PANSS_negative,rct,individual,total_count,0,0,0,0,0,0,0,0,0,0,0,0,0,0,0,0,0,0,0,0,0,0,0,0,0,1,0,0,0,0,0,0,0,0,0,0,0,0,0,0,0,0,0,29.0,,12.25,,5.78,27.0,,9.35,,2.23,,,,,,29.0,,27.0
125,"So, 2021",340,PANSS_positive,rct,individual,total_count,0,0,0,0,0,0,0,0,0,0,0,0,0,0,0,0,0,0,0,0,0,0,0,0,0,1,0,0,0,0,0,0,0,0,0,0,0,0,0,0,0,0,0,29.0,,13.29,,2.88,27.0,,13.65,,3.33,,,,,,29.0,,27.0
125,"So, 2021",341,PANSS_total,rct,individual,total_count,0,0,0,0,0,0,0,0,0,0,0,0,0,0,0,0,0,0,0,0,0,0,0,0,0,1,0,0,0,0,0,0,0,0,0,0,0,0,0,0,0,0,0,29.0,,51.0,,11.01,27.0,,45.77,,7.9,,,,,,29.0,,27.0
126,"González-Ortega, 2021",342,PANSS_negative,rct,individual,total_count,0,0,0,0,1,0,0,0,0,0,0,0,0,0,0,0,0,0,0,0,0,0,0,0,0,0,0,0,0,0,0,0,0,0,0,0,0,0,0,0,0,0,0,91.0,,11.39,,5.43,86.0,,10.55,,5.71,,,,,,91.0,,86.0
126,"González-Ortega, 2021",343,PANSS_positive,rct,individual,total_count,0,0,0,0,1,0,0,0,0,0,0,0,0,0,0,0,0,0,0,0,0,0,0,0,0,0,0,0,0,0,0,0,0,0,0,0,0,0,0,0,0,0,0,91.0,,10.39,,4.9,86.0,,8.47,,3.22,,,,,,91.0,,86.0
126,"González-Ortega, 2021",344,PANSS_total,rct,individual,total_count,0,0,0,0,1,0,0,0,0,0,0,0,0,0,0,0,0,0,0,0,0,0,0,0,0,0,0,0,0,0,0,0,0,0,0,0,0,0,0,0,0,0,0,91.0,,45.11,,9.9,86.0,,40.37,,10.04,,,,,,91.0,,86.0
118,"Chien, 2019",348,PANSS_negative,rct,individual,total_count,0,0,0,0,0,0,0,0,0,0,0,0,0,0,0,0,0,0,0,0,0,0,0,0,0,0,1,0,0,0,0,0,0,0,0,0,0,0,0,0,0,0,0,56.0,,23.0,,8.2,56.0,,20.0,,8.1,,,,,,56.0,,56.0
118,"Chien, 2019",349,PANSS_positive,rct,individual,total_count,0,0,0,0,0,0,0,0,0,0,0,0,0,0,0,0,0,0,0,0,0,0,0,0,0,0,1,0,0,0,0,0,0,0,0,0,0,0,0,0,0,0,0,56.0,,25.9,,8.8,56.0,,24.1,,7.9,,,,,,56.0,,56.0
118,"Chien, 2019",350,PANSS_total,rct,individual,total_count,0,0,0,0,0,0,0,0,0,0,0,0,0,0,0,0,0,0,0,0,0,0,0,0,0,0,1,0,0,0,0,0,0,0,0,0,0,0,0,0,0,0,0,56.0,,89.1,,9.0,56.0,,72.1,,9.0,,,,,,56.0,,56.0
128,"Lee, 2019",351,PANSS_negative,rct,individual,total_count,0,0,0,0,0,0,0,0,0,0,0,0,0,0,0,0,0,0,0,0,0,0,0,0,1,0,0,0,0,0,0,0,0,0,0,0,0,0,0,0,0,0,0,30.0,,3.06,,0.88,20.0,,2.45,,0.9,,,,,,30.0,,20.0
128,"Lee, 2019",352,PANSS_positive,rct,individual,total_count,0,0,0,0,0,0,0,0,0,0,0,0,0,0,0,0,0,0,0,0,0,0,0,0,1,0,0,0,0,0,0,0,0,0,0,0,0,0,0,0,0,0,0,30.0,,3.12,,0.26,20.0,,3.1,,0.29,,,,,,30.0,,20.0
128,"Lee, 2019",353,PANSS_total,rct,individual,total_count,0,0,0,0,0,0,0,0,0,0,0,0,0,0,0,0,0,0,0,0,0,0,0,0,1,0,0,0,0,0,0,0,0,0,0,0,0,0,0,0,0,0,0,30.0,,2.98,,0.43,20.0,,2.68,,0.39,,,,,,30.0,,20.0
129,"Morrison, 2018",354,PANSS_negative,rct,individual,total_count,0,0,0,0,1,0,0,0,0,0,0,0,0,0,0,0,0,0,0,0,0,0,0,0,0,0,0,0,0,0,0,0,0,0,0,0,0,0,0,0,0,0,0,22.0,,12.41,,4.6,22.0,,14.91,,4.72,,,,,,22.0,,22.0
129,"Morrison, 2018",355,PANSS_positive,rct,individual,total_count,0,0,0,0,1,0,0,0,0,0,0,0,0,0,0,0,0,0,0,0,0,0,0,0,0,0,0,0,0,0,0,0,0,0,0,0,0,0,0,0,0,0,0,22.0,,15.23,,5.31,22.0,,18.18,,4.81,,,,,,22.0,,22.0
129,"Morrison, 2018",356,PANSS_total,rct,individual,total_count,0,0,0,0,1,0,0,0,0,0,0,0,0,0,0,0,0,0,0,0,0,0,0,0,0,0,0,0,0,0,0,0,0,0,0,0,0,0,0,0,0,0,0,22.0,,53.77,,12.54,22.0,,60.5,,8.74,,,,,,22.0,,22.0
1,"Chien, 2018",357,PANSS_negative,rct,individual,total_count,0,0,0,0,0,0,0,0,0,0,0,0,0,0,0,0,0,0,0,0,0,0,1,0,0,0,0,0,0,0,0,0,0,0,0,0,0,0,0,0,0,0,0,68.0,,20.13,,9.95,69.0,,19.79,,8.2,,,,,,68.0,,69.0
1,"Chien, 2018",358,PANSS_positive,rct,individual,total_count,0,0,0,0,0,0,0,0,0,0,0,0,0,0,0,0,0,0,0,0,0,0,1,0,0,0,0,0,0,0,0,0,0,0,0,0,0,0,0,0,0,0,0,68.0,,23.65,,8.13,69.0,,23.01,,8.92,,,,,,68.0,,69.0
1,"Chien, 2018",359,PANSS_total,rct,individual,total_count,0,0,0,0,0,0,0,0,0,0,0,0,0,0,0,0,0,0,0,0,0,0,1,0,0,0,0,0,0,0,0,0,0,0,0,0,0,0,0,0,0,0,0,68.0,,86.29,,10.33,69.0,,82.34,,14.23,,,,,,68.0,,69.0
130,"Craig, 2018",360,SANS_negative,rct,individual,total_count,0,0,0,0,0,0,0,0,0,0,0,0,0,0,0,0,0,0,0,0,0,0,0,0,0,0,0,0,0,0,0,0,0,0,0,0,0,0,0,0,0,1,0,61.0,,25.61,,17.66,63.0,,26.67,,19.79,,,,,,61.0,,63.0
130,"Craig, 2018",361,Other,rct,individual,total_count,0,0,0,0,0,0,0,0,0,0,0,0,0,0,0,0,0,0,0,0,0,0,0,0,0,0,0,0,0,0,0,0,0,0,0,0,0,0,0,0,0,1,0,61.0,,39.93,,20.75,62.0,,32.1,,20.5,,,,,,61.0,,62.0
129,"Morrison, 2018",362,PANSS_negative,rct,individual,total_count,0,0,0,0,1,0,0,0,0,0,0,0,0,0,0,0,0,0,0,0,0,0,0,0,0,0,0,0,0,0,0,0,0,0,0,0,0,0,0,0,0,0,0,22.0,,14.14,,5.47,22.0,,14.91,,4.72,,,,,,22.0,,22.0
129,"Morrison, 2018",363,PANSS_positive,rct,individual,total_count,0,0,0,0,1,0,0,0,0,0,0,0,0,0,0,0,0,0,0,0,0,0,0,0,0,0,0,0,0,0,0,0,0,0,0,0,0,0,0,0,0,0,0,22.0,,17.81,,6.85,22.0,,18.18,,4.81,,,,,,22.0,,22.0
129,"Morrison, 2018",364,PANSS_total,rct,individual,total_count,0,0,0,0,1,0,0,0,0,0,0,0,0,0,0,0,0,0,0,0,0,0,0,0,0,0,0,0,0,0,0,0,0,0,0,0,0,0,0,0,0,0,0,22.0,,61.09,,14.44,22.0,,60.5,,8.74,,,,,,22.0,,22.0
85,"Chien, 2017",365,PANSS_negative,rct,individual,total_count,0,0,0,0,0,0,0,0,0,0,0,0,0,0,0,0,0,0,0,0,0,0,0,0,0,0,1,0,0,0,0,0,0,0,0,0,0,0,0,0,0,0,0,110.0,,19.9,,8.9,111.0,,17.0,,7.0,,,,,,110.0,,111.0
85,"Chien, 2017",366,PANSS_positive,rct,individual,total_count,0,0,0,0,0,0,0,0,0,0,0,0,0,0,0,0,0,0,0,0,0,0,0,0,0,0,1,0,0,0,0,0,0,0,0,0,0,0,0,0,0,0,0,110.0,,20.3,,7.8,111.0,,17.1,,6.5,,,,,,110.0,,111.0
85,"Chien, 2017",367,PANSS_total,rct,individual,total_count,0,0,0,0,0,0,0,0,0,0,0,0,0,0,0,0,0,0,0,0,0,0,0,0,0,0,1,0,0,0,0,0,0,0,0,0,0,0,0,0,0,0,0,110.0,,82.1,,9.2,111.0,,74.8,,8.9,,,,,,110.0,,111.0
131,"Reeder, 2017",368,PANSS_negative,rct,individual,total_count,0,0,0,0,0,0,0,0,0,0,0,0,0,0,0,0,0,0,1,0,0,0,0,0,0,0,0,0,0,0,0,0,0,0,0,0,0,0,0,0,0,0,0,43.0,,10.3,,4.6,44.0,,10.8,,4.9,,,,,,43.0,,44.0
131,"Reeder, 2017",369,PANSS_positive,rct,individual,total_count,0,0,0,0,0,0,0,0,0,0,0,0,0,0,0,0,0,0,1,0,0,0,0,0,0,0,0,0,0,0,0,0,0,0,0,0,0,0,0,0,0,0,0,44.0,,8.4,,3.9,46.0,,7.6,,4.0,,,,,,44.0,,46.0
132,"Wang, 2016",370,PANSS_negative,rct,individual,total_count,0,0,0,0,0,0,0,0,0,0,0,0,0,0,0,0,0,0,0,0,0,0,0,0,0,0,1,0,0,0,0,0,0,0,0,0,0,0,0,0,0,0,0,44.0,,17.9,,8.0,44.0,,16.0,,7.5,,,,,,44.0,,44.0
132,"Wang, 2016",371,PANSS_positive,rct,individual,total_count,0,0,0,0,0,0,0,0,0,0,0,0,0,0,0,0,0,0,0,0,0,0,0,0,0,0,1,0,0,0,0,0,0,0,0,0,0,0,0,0,0,0,0,44.0,,23.8,,7.0,44.0,,20.8,,6.8,,,,,,44.0,,44.0
132,"Wang, 2016",372,PANSS_total,rct,individual,total_count,0,0,0,0,0,0,0,0,0,0,0,0,0,0,0,0,0,0,0,0,0,0,0,0,0,0,1,0,0,0,0,0,0,0,0,0,0,0,0,0,0,0,0,44.0,,83.8,,9.2,44.0,,80.0,,10.2,,,,,,44.0,,44.0
133,"Schaub, 2016",373,SANS_negative,rct,individual,total_count,0,0,0,0,1,0,0,0,0,0,0,0,0,0,0,0,0,0,0,0,0,0,0,0,0,0,0,0,0,0,0,0,0,0,0,0,0,0,0,0,0,0,0,83.0,,41.07,,24.8,85.0,,36.7,,22.8,,,,,,83.0,,85.0
133,"Schaub, 2016",374,BPRS_positive,rct,individual,total_count,0,0,0,0,1,0,0,0,0,0,0,0,0,0,0,0,0,0,0,0,0,0,0,0,0,0,0,0,0,0,0,0,0,0,0,0,0,0,0,0,0,0,0,83.0,,1.88,,0.86,85.0,,1.88,,0.82,,,,,,83.0,,85.0
133,"Schaub, 2016",375,BPRS_total,rct,individual,total_count,0,0,0,0,1,0,0,0,0,0,0,0,0,0,0,0,0,0,0,0,0,0,0,0,0,0,0,0,0,0,0,0,0,0,0,0,0,0,0,0,0,0,0,83.0,,46.08,,13.19,85.0,,43.73,,12.6,,,,,,83.0,,85.0
134,"Fiszdon, 2016",376,PANSS_negative,rct,individual,total_count,0,0,0,0,0,0,0,0,0,0,1,0,0,0,0,0,0,0,0,0,0,0,0,0,0,0,0,0,0,0,0,0,0,0,0,0,0,0,0,0,0,0,0,23.0,,14.83,,5.11,39.0,,12.56,,2.95,,,,,,23.0,,39.0
134,"Fiszdon, 2016",377,PANSS_positive,rct,individual,total_count,0,0,0,0,0,0,0,0,0,0,1,0,0,0,0,0,0,0,0,0,0,0,0,0,0,0,0,0,0,0,0,0,0,0,0,0,0,0,0,0,0,0,0,23.0,,11.52,,3.94,39.0,,10.9,,3.59,,,,,,23.0,,39.0
134,"Fiszdon, 2016",378,PANSS_total,rct,individual,total_count,0,0,0,0,0,0,0,0,0,0,1,0,0,0,0,0,0,0,0,0,0,0,0,0,0,0,0,0,0,0,0,0,0,0,0,0,0,0,0,0,0,0,0,23.0,,54.17,,12.69,39.0,,49.31,,8.58,,,,,,23.0,,39.0
132,"Wang, 2016",379,PANSS_negative,rct,individual,total_count,0,0,0,0,0,0,0,0,0,0,0,0,0,0,0,0,0,0,0,0,0,0,0,0,0,0,1,0,0,0,0,0,0,0,0,0,0,0,0,0,0,0,0,43.0,,19.5,,9.6,44.0,,16.0,,7.5,,,,,,43.0,,44.0
132,"Wang, 2016",380,PANSS_positive,rct,individual,total_count,0,0,0,0,0,0,0,0,0,0,0,0,0,0,0,0,0,0,0,0,0,0,0,0,0,0,1,0,0,0,0,0,0,0,0,0,0,0,0,0,0,0,0,43.0,,26.9,,9.0,44.0,,20.8,,6.8,,,,,,43.0,,44.0
132,"Wang, 2016",381,PANSS_total,rct,individual,total_count,0,0,0,0,0,0,0,0,0,0,0,0,0,0,0,0,0,0,0,0,0,0,0,0,0,0,1,0,0,0,0,0,0,0,0,0,0,0,0,0,0,0,0,43.0,,90.2,,10.1,44.0,,80.0,,10.2,,,,,,43.0,,44.0
132,"Wang, 2016",382,PANSS_negative,rct,individual,total_count,0,0,0,0,0,0,0,0,0,0,0,0,0,0,0,0,0,0,0,0,0,0,0,0,0,0,0,1,0,0,0,0,0,0,0,0,0,0,0,0,0,0,0,43.0,,19.5,,9.6,44.0,,17.9,,8.0,,,,,,43.0,,44.0
132,"Wang, 2016",383,PANSS_positive,rct,individual,total_count,0,0,0,0,0,0,0,0,0,0,0,0,0,0,0,0,0,0,0,0,0,0,0,0,0,0,0,1,0,0,0,0,0,0,0,0,0,0,0,0,0,0,0,43.0,,26.9,,9.0,44.0,,23.8,,7.0,,,,,,43.0,,44.0
132,"Wang, 2016",384,PANSS_total,rct,individual,total_count,0,0,0,0,0,0,0,0,0,0,0,0,0,0,0,0,0,0,0,0,0,0,0,0,0,0,0,1,0,0,0,0,0,0,0,0,0,0,0,0,0,0,0,43.0,,90.2,,10.1,44.0,,83.8,,9.2,,,,,,43.0,,44.0
137,"Husain, 2017",388,PANSS_negative,rct,individual,total_count,0,0,0,0,0,0,0,0,0,1,0,0,0,0,0,0,0,0,0,0,0,0,0,0,0,0,0,0,0,0,0,0,0,0,0,0,0,0,0,0,0,0,0,18.0,,16.38,,6.13,17.0,,13.18,,3.7,,,,,,18.0,,17.0
137,"Husain, 2017",389,PANSS_positive,rct,individual,total_count,0,0,0,0,0,0,0,0,0,1,0,0,0,0,0,0,0,0,0,0,0,0,0,0,0,0,0,0,0,0,0,0,0,0,0,0,0,0,0,0,0,0,0,16.0,,17.31,,7.34,17.0,,12.88,,4.01,,,,,,16.0,,17.0
137,"Husain, 2017",390,PANSS_total,rct,individual,total_count,0,0,0,0,0,0,0,0,0,1,0,0,0,0,0,0,0,0,0,0,0,0,0,0,0,0,0,0,0,0,0,0,0,0,0,0,0,0,0,0,0,0,0,16.0,,68.38,,19.11,17.0,,53.59,,12.46,,,,,,16.0,,17.0
139,"Freeman, 2015b",392,PANSS_total,rct,individual,total_count,0,0,0,0,1,0,0,0,0,0,0,0,0,0,0,0,0,0,0,0,0,0,0,0,0,0,0,0,0,0,0,0,0,0,0,0,0,0,0,0,0,0,0,26.0,,79.3,,14.6,24.0,,77.5,,12.1,,,,,,26.0,,24.0
140,"Freeman, 2015a",393,PANSS_total,rct,individual,total_count,0,0,0,0,1,0,0,0,0,0,0,0,0,0,0,0,0,0,0,0,0,0,0,0,0,0,0,0,0,0,0,0,0,0,0,0,0,0,0,0,0,0,0,77.0,,75.3,,16.0,73.0,,70.7,,12.4,,,,,,77.0,,73.0
141,"Rathod, 2013",394,BRAINS_negative,rct,individual,total_count,0,0,0,0,0,0,0,0,0,1,0,0,0,0,0,0,0,0,0,0,0,0,0,0,0,0,0,0,0,0,0,0,0,0,0,0,0,0,0,0,0,0,0,16.0,,3.28,,2.36,14.0,,3.3,,2.59,,,,,,16.0,,14.0
141,"Rathod, 2013",395,CPRS_total,rct,individual,total_count,0,0,0,0,0,0,0,0,0,1,0,0,0,0,0,0,0,0,0,0,0,0,0,0,0,0,0,0,0,0,0,0,0,0,0,0,0,0,0,0,0,0,0,16.0,,18.6,,14.84,14.0,,16.23,,10.77,,,,,,16.0,,14.0
142,"Durham, 2003",396,PANSS_total,rct,individual,total_count,0,0,0,0,1,0,0,0,0,0,0,0,0,0,0,0,0,0,0,0,0,0,0,0,0,0,0,0,0,0,0,0,0,0,0,0,0,0,0,0,0,0,0,19.0,,95.2,,16.2,22.0,,96.2,,17.7,,,,,,19.0,,22.0
142,"Durham, 2003",397,PANSS_total,rct,individual,total_count,0,0,0,0,0,0,0,0,0,0,0,0,0,0,0,0,0,0,0,0,0,0,0,0,0,0,0,0,0,0,0,0,0,0,0,0,0,0,1,0,0,0,0,19.0,,95.2,,16.2,19.0,,90.6,,17.5,,,,,,19.0,,19.0
142,"Durham, 2003",398,PANSS_total,rct,individual,total_count,0,0,0,0,1,0,0,0,0,0,0,0,0,0,0,0,0,0,0,0,0,0,0,0,0,0,0,0,0,0,0,0,0,0,0,0,0,0,0,0,0,0,0,19.0,,90.6,,17.5,22.0,,96.2,,17.7,,,,,,19.0,,22.0
143,"Leclerc, 2000",399,PANSS_negative,rct,individual,total_count,0,0,0,0,1,0,0,0,0,0,0,0,0,0,0,0,0,0,0,0,0,0,0,0,0,0,0,0,0,0,0,0,0,0,0,0,0,0,0,0,0,0,0,44.0,,2.08,,0.8,55.0,,2.09,,0.85,,,,,,44.0,,55.0
143,"Leclerc, 2000",400,PANSS_positive,rct,individual,total_count,0,0,0,0,1,0,0,0,0,0,0,0,0,0,0,0,0,0,0,0,0,0,0,0,0,0,0,0,0,0,0,0,0,0,0,0,0,0,0,0,0,0,0,44.0,,2.37,,1.01,55.0,,2.29,,0.89,,,,,,44.0,,55.0
143,"Leclerc, 2000",401,PANSS_total,rct,individual,total_count,0,0,0,0,1,0,0,0,0,0,0,0,0,0,0,0,0,0,0,0,0,0,0,0,0,0,0,0,0,0,0,0,0,0,0,0,0,0,0,0,0,0,0,44.0,,6.35,,1.96,55.0,,6.2,,1.95,,,,,,44.0,,55.0
144,"Horan, 2018",402,BPRS_negative,rct,individual,total_count,0,0,0,0,0,0,0,0,0,0,0,0,0,0,0,0,0,0,0,0,0,0,0,0,0,0,0,0,0,0,0,0,0,0,0,1,0,0,0,0,0,0,0,47.0,,1.82,,0.96,47.0,,2.01,,0.89,,,,,,47.0,,47.0
144,"Horan, 2018",403,BPRS_positive,rct,individual,total_count,0,0,0,0,0,0,0,0,0,0,0,0,0,0,0,0,0,0,0,0,0,0,0,0,0,0,0,0,0,0,0,0,0,0,0,1,0,0,0,0,0,0,0,47.0,,1.92,,0.96,47.0,,2.05,,0.82,,,,,,47.0,,47.0
144,"Horan, 2018",404,BPRS_total,rct,individual,total_count,0,0,0,0,0,0,0,0,0,0,0,0,0,0,0,0,0,0,0,0,0,0,0,0,0,0,0,0,0,0,0,0,0,0,0,1,0,0,0,0,0,0,0,47.0,,40.06,,11.79,47.0,,41.95,,10.63,,,,,,47.0,,47.0
144,"Horan, 2018",405,BPRS_negative,rct,individual,total_count,0,0,0,0,0,0,0,0,0,0,0,0,0,0,0,0,0,0,0,0,0,0,0,0,0,0,0,0,0,0,0,0,0,0,0,0,0,1,0,0,0,0,0,47.0,,1.82,,0.96,41.0,,1.97,,0.9,,,,,,47.0,,41.0
144,"Horan, 2018",406,BPRS_positive,rct,individual,total_count,0,0,0,0,0,0,0,0,0,0,0,0,0,0,0,0,0,0,0,0,0,0,0,0,0,0,0,0,0,0,0,0,0,0,0,0,0,1,0,0,0,0,0,47.0,,1.92,,0.96,41.0,,1.91,,0.83,,,,,,47.0,,41.0
144,"Horan, 2018",407,BPRS_total,rct,individual,total_count,0,0,0,0,0,0,0,0,0,0,0,0,0,0,0,0,0,0,0,0,0,0,0,0,0,0,0,0,0,0,0,0,0,0,0,0,0,1,0,0,0,0,0,47.0,,40.06,,11.79,41.0,,40.42,,10.69,,,,,,47.0,,41.0
144,"Horan, 2018",408,BPRS_negative,rct,individual,total_count,0,0,0,0,0,0,0,0,0,0,0,0,0,0,0,0,0,0,0,0,0,0,0,0,0,0,0,0,0,0,0,0,0,0,0,0,0,1,0,0,0,0,0,47.0,,2.01,,0.89,41.0,,1.97,,0.9,,,,,,47.0,,41.0
144,"Horan, 2018",409,BPRS_positive,rct,individual,total_count,0,0,0,0,0,0,0,0,0,0,0,0,0,0,0,0,0,0,0,0,0,0,0,0,0,0,0,0,0,0,0,0,0,0,0,0,0,1,0,0,0,0,0,47.0,,2.05,,0.82,41.0,,1.91,,0.83,,,,,,47.0,,41.0
144,"Horan, 2018",410,BPRS_total,rct,individual,total_count,0,0,0,0,0,0,0,0,0,0,0,0,0,0,0,0,0,0,0,0,0,0,0,0,0,0,0,0,0,0,0,0,0,0,0,0,0,1,0,0,0,0,0,47.0,,41.95,,10.63,41.0,,40.42,,10.69,,,,,,47.0,,41.0
147,"Steel, 2017",415,PANSS_negative,rct,individual,total_count,0,0,0,0,1,0,0,0,0,0,0,0,0,0,0,0,0,0,0,0,0,0,0,0,0,0,0,0,0,0,0,0,0,0,0,0,0,0,0,0,0,0,0,25.0,,16.4,,5.4,25.0,,15.0,,5.7,,,,,,25.0,,25.0
147,"Steel, 2017",416,PANSS_positive,rct,individual,total_count,0,0,0,0,1,0,0,0,0,0,0,0,0,0,0,0,0,0,0,0,0,0,0,0,0,0,0,0,0,0,0,0,0,0,0,0,0,0,0,0,0,0,0,25.0,,19.8,,6.6,25.0,,17.8,,5.6,,,,,,25.0,,25.0
148,"Lopez-Luengo, 2016",417,BPRS_negative,rct,individual,total_count,0,0,0,0,0,0,0,0,0,0,1,0,0,0,0,0,0,0,0,0,0,0,0,0,0,0,0,0,0,0,0,0,0,0,0,0,0,0,0,0,0,0,0,8.0,,7.38,,4.1,8.0,,5.88,,3.48,,,,,,8.0,,8.0
148,"Lopez-Luengo, 2016",418,BPRS_positive,rct,individual,total_count,0,0,0,0,0,0,0,0,0,0,1,0,0,0,0,0,0,0,0,0,0,0,0,0,0,0,0,0,0,0,0,0,0,0,0,0,0,0,0,0,0,0,0,8.0,,14.75,,7.38,8.0,,10.5,,4.04,,,,,,8.0,,8.0
148,"Lopez-Luengo, 2016",419,BPRS_total,rct,individual,total_count,0,0,0,0,0,0,0,0,0,0,1,0,0,0,0,0,0,0,0,0,0,0,0,0,0,0,0,0,0,0,0,0,0,0,0,0,0,0,0,0,0,0,0,8.0,,44.38,,13.52,8.0,,35.0,,8.96,,,,,,8.0,,8.0
149,"Penn, 2011",420,PANSS_negative,rct,individual,total_count,0,0,0,0,0,0,0,0,0,0,0,0,0,0,0,0,0,0,0,0,0,0,0,0,0,0,0,1,0,0,0,0,0,0,0,0,0,0,0,0,0,0,0,22.0,,15.41,,5.16,14.0,,14.27,,3.68,,,,,,22.0,,14.0
149,"Penn, 2011",421,PANSS_positive,rct,individual,total_count,0,0,0,0,0,0,0,0,0,0,0,0,0,0,0,0,0,0,0,0,0,0,0,0,0,0,0,1,0,0,0,0,0,0,0,0,0,0,0,0,0,0,0,22.0,,12.95,,5.28,14.0,,12.18,,5.27,,,,,,22.0,,14.0
149,"Penn, 2011",422,PANSS_total,rct,individual,total_count,0,0,0,0,0,0,0,0,0,0,0,0,0,0,0,0,0,0,0,0,0,0,0,0,0,0,0,1,0,0,0,0,0,0,0,0,0,0,0,0,0,0,0,22.0,,56.86,,14.18,14.0,,54.5,,14.55,,,,,,22.0,,14.0
150,"Bradley, 2006",423,SANS_negative,rct,individual,total_count,0,0,0,0,0,0,0,0,0,0,0,0,0,0,0,0,0,0,0,0,0,1,0,0,0,0,0,0,0,0,0,0,0,0,0,0,0,0,0,0,0,0,0,25.0,,26.94,,15.59,25.0,,32.78,,15.31,,,,,,25.0,,25.0
150,"Bradley, 2006",424,BPRS_total,rct,individual,total_count,0,0,0,0,0,0,0,0,0,0,0,0,0,0,0,0,0,0,0,0,0,1,0,0,0,0,0,0,0,0,0,0,0,0,0,0,0,0,0,0,0,0,0,25.0,,46.0,,10.44,25.0,,44.12,,8.82,,,,,,25.0,,25.0
151,"Startup, 2004",425,SANS_negative,rct,individual,total_count,0,0,0,0,0,0,0,0,0,1,0,0,0,0,0,0,0,0,0,0,0,0,0,0,0,0,0,0,0,0,0,0,0,0,0,0,0,0,0,0,0,0,0,30.0,,7.1,,4.0,33.0,,4.7,,3.5,,,,,,30.0,,33.0
151,"Startup, 2004",426,BPRS_total,rct,individual,total_count,0,0,0,0,0,0,0,0,0,1,0,0,0,0,0,0,0,0,0,0,0,0,0,0,0,0,0,0,0,0,0,0,0,0,0,0,0,0,0,0,0,0,0,30.0,,36.1,,11.0,33.0,,28.2,,9.0,,,,,,30.0,,33.0
152,"Shin, 2002",427,BPRS_negative,rct,individual,total_count,0,0,0,0,0,0,0,0,0,0,0,0,0,0,0,0,0,0,0,0,0,0,0,0,0,0,0,1,0,0,0,0,0,0,0,0,0,0,0,0,0,0,0,24.0,,11.71,,1.58,24.0,,10.88,,1.75,,,,,,24.0,,24.0
152,"Shin, 2002",428,BPRS_positive,rct,individual,total_count,0,0,0,0,0,0,0,0,0,0,0,0,0,0,0,0,0,0,0,0,0,0,0,0,0,0,0,1,0,0,0,0,0,0,0,0,0,0,0,0,0,0,0,24.0,,18.46,,1.79,24.0,,15.08,,2.75,,,,,,24.0,,24.0
152,"Shin, 2002",429,BPRS_total,rct,individual,total_count,0,0,0,0,0,0,0,0,0,0,0,0,0,0,0,0,0,0,0,0,0,0,0,0,0,0,0,1,0,0,0,0,0,0,0,0,0,0,0,0,0,0,0,24.0,,82.58,,7.62,24.0,,74.29,,7.04,,,,,,24.0,,24.0
153,"Tarrier, 1999",430,SANS_negative,rct,individual,total_count,0,0,0,0,1,0,0,0,0,0,0,0,0,0,0,0,0,0,0,0,0,0,0,0,0,0,0,0,0,0,0,0,0,0,0,0,0,0,0,0,0,0,0,21.0,,10.19,,5.48,23.0,,9.83,,4.32,,,,,,21.0,,23.0
153,"Tarrier, 1999",431,BPRS_positive,rct,individual,total_count,0,0,0,0,1,0,0,0,0,0,0,0,0,0,0,0,0,0,0,0,0,0,0,0,0,0,0,0,0,0,0,0,0,0,0,0,0,0,0,0,0,0,0,21.0,,15.81,,15.13,23.0,,10.67,,8.9,,,,,,21.0,,23.0
153,"Tarrier, 1999",432,SANS_negative,rct,individual,total_count,0,0,0,0,1,0,0,0,0,0,0,0,0,0,0,0,0,0,0,0,0,0,0,0,0,0,0,0,0,0,0,0,0,0,0,0,0,0,0,0,0,0,0,26.0,,10.73,,3.98,23.0,,9.83,,4.32,,,,,,26.0,,23.0
153,"Tarrier, 1999",433,BPRS_positive,rct,individual,total_count,0,0,0,0,1,0,0,0,0,0,0,0,0,0,0,0,0,0,0,0,0,0,0,0,0,0,0,0,0,0,0,0,0,0,0,0,0,0,0,0,0,0,0,26.0,,15.65,,13.91,23.0,,10.67,,8.9,,,,,,26.0,,23.0
153,"Tarrier, 1999",434,SANS_negative,rct,individual,total_count,0,0,0,0,0,0,0,0,0,0,0,0,0,0,0,0,0,0,0,0,0,0,0,0,0,0,0,0,0,0,0,0,0,1,0,0,0,0,0,0,0,0,0,26.0,,10.73,,3.98,21.0,,10.19,,5.48,,,,,,26.0,,21.0
153,"Tarrier, 1999",435,BPRS_positive,rct,individual,total_count,0,0,0,0,0,0,0,0,0,0,0,0,0,0,0,0,0,0,0,0,0,0,0,0,0,0,0,0,0,0,0,0,0,1,0,0,0,0,0,0,0,0,0,26.0,,15.65,,13.91,21.0,,15.81,,15.13,,,,,,26.0,,21.0
154,"Kuipers, 1997",436,BPRS_total,rct,individual,total_count,0,0,0,0,0,0,0,0,0,1,0,0,0,0,0,0,0,0,0,0,0,0,0,0,0,0,0,0,0,0,0,0,0,0,0,0,0,0,0,0,0,0,0,27.0,,22.9,,6.2,25.0,,21.2,,7.3,,,,,,27.0,,25.0
129,"Morrison, 2018",437,PANSS_negative,rct,individual,total_count,0,0,0,0,0,0,0,0,1,0,0,0,0,0,0,0,0,0,0,0,0,0,0,0,0,0,0,0,0,0,0,0,0,0,0,0,0,0,0,0,0,0,0,22.0,,14.14,,5.47,22.0,,12.41,,4.6,,,,,,22.0,,22.0
129,"Morrison, 2018",438,PANSS_positive,rct,individual,total_count,0,0,0,0,0,0,0,0,1,0,0,0,0,0,0,0,0,0,0,0,0,0,0,0,0,0,0,0,0,0,0,0,0,0,0,0,0,0,0,0,0,0,0,22.0,,17.81,,6.85,22.0,,15.23,,5.31,,,,,,22.0,,22.0
129,"Morrison, 2018",439,PANSS_total,rct,individual,total_count,0,0,0,0,0,0,0,0,1,0,0,0,0,0,0,0,0,0,0,0,0,0,0,0,0,0,0,0,0,0,0,0,0,0,0,0,0,0,0,0,0,0,0,22.0,,61.09,,14.44,22.0,,53.77,,12.54,,,,,,22.0,,22.0
155,"Morrison, 2014",440,PANSS_negative,rct,individual,total_count,0,0,0,0,1,0,0,0,0,0,0,0,0,0,0,0,0,0,0,0,0,0,0,0,0,0,0,0,0,0,0,0,0,0,0,0,0,0,0,0,0,0,0,23.0,,14.26,,4.21,22.0,,12.5,,3.38,,,,,,23.0,,22.0
155,"Morrison, 2014",441,PANSS_positive,rct,individual,total_count,0,0,0,0,1,0,0,0,0,0,0,0,0,0,0,0,0,0,0,0,0,0,0,0,0,0,0,0,0,0,0,0,0,0,0,0,0,0,0,0,0,0,0,23.0,,17.0,,4.85,22.0,,16.0,,5.94,,,,,,23.0,,22.0
155,"Morrison, 2014",442,PANSS_total,rct,individual,total_count,0,0,0,0,1,0,0,0,0,0,0,0,0,0,0,0,0,0,0,0,0,0,0,0,0,0,0,0,0,0,0,0,0,0,0,0,0,0,0,0,0,0,0,23.0,,63.26,,13.21,22.0,,57.95,,14.99,,,,,,23.0,,22.0
156,"Fisher, 2023",443,SANS_negative,rct,individual,total_count,0,0,0,0,0,0,0,0,0,0,0,0,0,0,0,0,0,0,1,0,0,0,0,0,0,0,0,0,0,0,0,0,0,0,0,0,0,0,0,0,0,0,0,43.0,,30.39,,2.95,35.0,,26.31,,3.17,,,,,,43.0,,35.0
156,"Fisher, 2023",444,Other,rct,individual,total_count,0,0,0,0,0,0,0,0,0,0,0,0,0,0,0,0,0,0,1,0,0,0,0,0,0,0,0,0,0,0,0,0,0,0,0,0,0,0,0,0,0,0,0,43.0,,18.67,,2.08,35.0,,17.92,,2.24,,,,,,43.0,,35.0
157,"Lincoln, 2012",445,PANSS_negative,rct,individual,total_count,0,0,0,0,0,0,0,0,0,1,0,0,0,0,0,0,0,0,0,0,0,0,0,0,0,0,0,0,0,0,0,0,0,0,0,0,0,0,0,0,0,0,0,40.0,,14.0,,4.5,40.0,,14.5,,5.0,,,,,,40.0,,40.0
157,"Lincoln, 2012",446,PANSS_positive,rct,individual,total_count,0,0,0,0,0,0,0,0,0,1,0,0,0,0,0,0,0,0,0,0,0,0,0,0,0,0,0,0,0,0,0,0,0,0,0,0,0,0,0,0,0,0,0,40.0,,13.5,,4.2,40.0,,11.8,,4.0,,,,,,40.0,,40.0
157,"Lincoln, 2012",447,PANSS_total,rct,individual,total_count,0,0,0,0,0,0,0,0,0,1,0,0,0,0,0,0,0,0,0,0,0,0,0,0,0,0,0,0,0,0,0,0,0,0,0,0,0,0,0,0,0,0,0,40.0,,58.6,,12.0,40.0,,54.9,,13.35,,,,,,40.0,,40.0
158,"Wykes, 2023",448,Other,rct,individual,total_count,0,0,0,0,0,0,0,0,0,0,0,0,1,0,0,0,0,0,0,0,0,0,0,0,0,0,0,0,0,0,0,0,0,0,0,0,0,0,0,0,0,0,0,27.0,,20.11,,10.21,63.0,,16.78,,9.53,,,,,,27.0,,63.0
158,"Wykes, 2023",449,Other,rct,individual,total_count,0,0,0,0,0,0,0,0,0,0,0,0,1,0,0,0,0,0,0,0,0,0,0,0,0,0,0,0,0,0,0,0,0,0,0,0,0,0,0,0,0,0,0,75.0,,17.36,,9.85,63.0,,16.78,,9.53,,,,,,75.0,,63.0
158,"Wykes, 2023",450,Other,rct,individual,total_count,0,0,0,0,0,0,0,0,0,0,0,0,0,1,0,0,0,0,0,0,0,0,0,0,0,0,0,0,0,0,0,0,0,0,0,0,0,0,0,0,0,0,0,75.0,,17.36,,9.85,27.0,,20.11,,10.21,,,,,,75.0,,27.0
158,"Wykes, 2023",451,Other,rct,individual,total_count,0,0,0,0,0,0,0,0,0,0,0,0,1,0,0,0,0,0,0,0,0,0,0,0,0,0,0,0,0,0,0,0,0,0,0,0,0,0,0,0,0,0,0,38.0,,16.61,,9.18,63.0,,16.78,,9.53,,,,,,38.0,,63.0
158,"Wykes, 2023",452,Other,rct,individual,total_count,0,0,0,0,0,0,0,0,0,0,0,0,0,1,0,0,0,0,0,0,0,0,0,0,0,0,0,0,0,0,0,0,0,0,0,0,0,0,0,0,0,0,0,38.0,,16.61,,9.18,27.0,,20.11,,10.21,,,,,,38.0,,27.0
158,"Wykes, 2023",453,Other,rct,individual,total_count,0,0,0,0,0,0,0,0,0,0,0,0,0,0,1,0,0,0,0,0,0,0,0,0,0,0,0,0,0,0,0,0,0,0,0,0,0,0,0,0,0,0,0,38.0,,16.61,,9.18,75.0,,17.36,,9.85,,,,,,38.0,,75.0
159,"Lewis, 2002",454,PANSS_positive,rct,individual,total_count,0,0,0,0,0,0,0,0,0,1,0,0,0,0,0,0,0,0,0,0,0,0,0,0,0,0,0,0,0,0,0,0,0,0,0,0,0,0,0,0,0,0,0,71.0,,12.58,,4.8,78.0,,13.03,,5.06,,,,,,71.0,,78.0
159,"Lewis, 2002",455,PANSS_total,rct,individual,total_count,0,0,0,0,0,0,0,0,0,1,0,0,0,0,0,0,0,0,0,0,0,0,0,0,0,0,0,0,0,0,0,0,0,0,0,0,0,0,0,0,0,0,0,71.0,,59.96,,16.39,78.0,,61.73,,19.69,,,,,,71.0,,78.0
159,"Lewis, 2002",456,PANSS_positive,rct,individual,total_count,0,0,0,0,0,0,0,0,0,1,0,0,0,0,0,0,0,0,0,0,0,0,0,0,0,0,0,0,0,0,0,0,0,0,0,0,0,0,0,0,0,0,0,60.0,,13.67,,5.33,78.0,,13.03,,5.06,,,,,,60.0,,78.0
159,"Lewis, 2002",457,PANSS_total,rct,individual,total_count,0,0,0,0,0,0,0,0,0,1,0,0,0,0,0,0,0,0,0,0,0,0,0,0,0,0,0,0,0,0,0,0,0,0,0,0,0,0,0,0,0,0,0,60.0,,64.38,,16.79,78.0,,61.73,,19.69,,,,,,60.0,,78.0
160,"Vohs, 2018",458,PANSS_total,rct,individual,total_count,0,0,0,0,0,0,0,0,0,0,0,0,0,0,0,0,0,0,0,0,0,0,0,0,0,1,0,0,0,0,0,0,0,0,0,0,0,0,0,0,0,0,0,10.0,,66.1,,18.2,8.0,,59.6,,11.2,,,,,,10.0,,8.0
161,"Tarrier, 2014",459,PANSS_negative,rct,individual,total_count,0,0,0,0,1,0,0,0,0,0,0,0,0,0,0,0,0,0,0,0,0,0,0,0,0,0,0,0,0,0,0,0,0,0,0,0,0,0,0,0,0,0,0,16.0,,14.0,,5.6,19.0,,11.6,,2.9,,,,,,16.0,,19.0
161,"Tarrier, 2014",460,PANSS_positive,rct,individual,total_count,0,0,0,0,1,0,0,0,0,0,0,0,0,0,0,0,0,0,0,0,0,0,0,0,0,0,0,0,0,0,0,0,0,0,0,0,0,0,0,0,0,0,0,16.0,,15.2,,5.5,19.0,,14.0,,5.9,,,,,,16.0,,19.0
161,"Tarrier, 2014",461,PANSS_total,rct,individual,total_count,0,0,0,0,1,0,0,0,0,0,0,0,0,0,0,0,0,0,0,0,0,0,0,0,0,0,0,0,0,0,0,0,0,0,0,0,0,0,0,0,0,0,0,16.0,,58.1,,17.1,19.0,,49.8,,12.3,,,,,,16.0,,19.0
163,"Ishikawa, 2020",465,PANSS_positive,rct,individual,total_count,0,0,0,0,0,0,0,0,0,0,0,0,0,0,0,0,0,0,0,0,0,0,0,0,0,1,0,0,0,0,0,0,0,0,0,0,0,0,0,0,0,0,0,26.0,,22.76,,5.92,24.0,,19.42,,5.21,,,,,,26.0,,24.0
