study_id,Study_Reference,Intervention_ID,Indicator,design,randomisation,randomisation_source,Covariate_cbt_without_trauma_focus,Covariate_emdr,Covariate_exposure_therapy,Covariate_mixed_psychotherapy,Covariate_net,Covariate_other_non_trauma_focused,Covariate_pe,Covariate_tf_cbt,Covariate_tf_cognitive_therapy,Covariate_tf_other,n_control,mean_pre_control,mean_post_control,sd_pre_control,sd_post_control,n_treatment,mean_pre_treatment,mean_post_treatment,sd_pre_treatment,sd_post_treatment,mean_change_control,sd_change_control,mean_change_treatment,sd_change_treatment,n_pre_control,n_post_control,n_pre_treatment,n_post_treatment
3,"Aldahadha, 2012",2,TSI,did,individual,per_arm_count,0,1,0,0,0,0,0,0,0,0,22.0,59.31,58.08,6.9,6.62,25.0,58.48,43.76,6.66,5.11,-1.230000000000004,,-14.72,,26.0,22.0,25.0,25.0
5,"Alsheikh Ali, 2020",3,PCL,did,individual,per_arm_count,0,0,0,0,0,1,0,0,0,0,20.0,59.45,58.0,8.01,8.16,20.0,57.65,41.55,11.19,7.11,-1.450000000000003,,-16.1,,20.0,20.0,20.0,20.0
7,"Asukai, 2010",4,CAPS,did,individual,per_arm_count,0,0,0,0,0,0,1,0,0,0,12.0,84.33,84.81,26.951,27.574,12.0,84.58,43.76,26.951,29.202,0.480000000000004,,-40.82,,12.0,12.0,12.0,12.0
8,"Basoglu, 2005",5,CAPS,did,individual,per_arm_count,0,0,0,0,0,0,0,1,0,0,28.0,60.5,54.7,14.1,21.4,31.0,67.8,44.4,16.5,25.0,-5.799999999999997,,-23.4,,28.0,28.0,31.0,31.0
9,"Basoglu, 2007",6,CAPS,did,individual,per_arm_count,0,0,1,0,0,0,0,0,0,0,15.0,62.3,54.5,14.5,16.9,15.0,63.1,38.7,10.1,18.7,-7.799999999999997,,-24.4,,15.0,15.0,16.0,15.0
10,"Beck, 2009",7,CAPS,did,individual,per_arm_count,0,0,0,0,0,0,0,1,0,0,16.0,57.8,49.4,14.9,27.0,17.0,57.3,28.9,15.5,19.9,-8.399999999999999,,-28.4,,16.0,16.0,17.0,17.0
12,"Blanchard, 2003",8,CAPS,did,individual,per_arm_count,0,0,0,0,0,0,0,1,0,0,24.0,65.8,54.0,26.6,25.9,27.0,68.2,23.7,22.7,26.2,-11.8,,-44.5,,24.0,24.0,27.0,27.0
12,"Blanchard, 2003",9,CAPS,did,individual,per_arm_count,0,0,0,0,0,1,0,0,0,0,24.0,65.8,54.0,26.6,25.9,27.0,65.0,40.1,25.9,25.7,-11.8,,-24.9,,24.0,24.0,36.0,27.0
13,"Bohus, 2013",10,CAPS,did,individual,per_arm_count,0,0,0,1,0,0,0,0,0,0,34.0,82.63,83.53,18.2,16.5,34.0,87.92,60.31,14.2,26.79,0.9000000000000057,,-27.61,,38.0,34.0,36.0,34.0
14,"Bradshaw, 2014",11,CAPS,did,individual,per_arm_count,0,0,0,0,0,0,0,0,0,1,5.0,87.4,85.2,16.21,27.67,5.0,71.4,21.0,18.24,7.38,-2.200000000000003,,-50.40000000000001,,5.0,5.0,5.0,5.0
15,"Brom, 1989",12,IES,did,individual,per_arm_count,0,0,1,0,0,0,0,0,0,0,23.0,51.1,46.5,14.1,15.2,31.0,47.4,28.0,12.0,19.5,-4.600000000000001,,-19.4,,23.0,23.0,31.0,31.0
15,"Brom, 1989",13,IES,did,individual,per_arm_count,0,0,0,0,0,1,0,0,0,0,23.0,51.1,46.5,14.1,15.2,29.0,46.3,32.7,13.5,16.5,-4.600000000000001,,-13.59999999999999,,23.0,23.0,29.0,29.0
17,"Buhmann, 2016",16,HTQ,did,individual,per_arm_count,0,0,0,0,0,0,0,1,0,0,48.0,3.3,3.2,0.5,0.5,52.0,3.3,3.3,0.5,0.7,-0.09999999999999964,,0.0,,68.0,48.0,70.0,52.0
18,"Butler, 2018",17,PDS,did,individual,per_arm_count,0,0,0,1,0,0,0,0,0,0,7.0,31.2,24.0,14.1,14.5,9.0,34.4,28.1,7.28,12.0,-7.199999999999999,,-6.299999999999997,,7.0,7.0,9.0,9.0
19,"Carlson, 1998",18,IES,did,individual,per_arm_count,0,1,0,0,0,0,0,0,0,0,12.0,52.8,38.7,11.5,16.2,10.0,52.5,35.2,9.0,22.0,-14.09999999999999,,-17.3,,12.0,12.0,10.0,10.0
19,"Carlson, 1998",19,M-PTSD,did,individual,per_arm_count,0,1,0,0,0,0,0,0,0,0,12.0,117.9,112.9,17.6,21.7,10.0,117.5,92.8,14.3,20.8,-5.0,,-24.7,,12.0,12.0,10.0,10.0
19,"Carlson, 1998",20,PSS-SR,did,individual,per_arm_count,0,1,0,0,0,0,0,0,0,0,12.0,7.5,6.2,1.7,2.4,10.0,7.3,3.0,2.1,2.4,-1.3,,-4.3,,12.0,12.0,10.0,10.0
20,"Chard, 2005",21,CAPS,did,individual,per_arm_count,0,0,0,0,0,0,0,0,1,0,27.0,68.3,62.96,23.67,30.68,28.0,65.46,9.0,26.39,11.04,-5.339999999999996,,-56.45999999999999,,35.0,27.0,36.0,28.0
21,"Cloitre, 2002",22,CAPS,did,individual,per_arm_count,0,0,0,1,0,0,0,0,0,0,24.0,69.0,62.0,16.6,22.7,22.0,69.0,31.0,16.3,25.2,-7.0,,-38.0,,24.0,24.0,22.0,22.0
22,"Duffy, 2007",23,PDS,did,individual,per_arm_count,0,0,0,0,0,0,0,0,1,0,29.0,36.8,33.4,6.8,11.6,29.0,34.7,21.8,7.8,14.4,-3.399999999999999,,-12.9,,29.0,29.0,29.0,29.0
23,"Dunne, 2012",24,PDS,did,individual,per_arm_count,0,0,0,0,0,0,0,1,0,0,12.0,23.31,23.31,7.75,7.97,12.0,21.39,15.62,8.93,8.16,0.0,,-5.770000000000001,,13.0,12.0,13.0,12.0
25,"Ehlers, 2003",25,CAPS,did,individual,per_arm_count,0,0,0,0,0,0,0,0,1,0,27.0,25.9,22.4,10.4,11.9,28.0,26.7,10.2,7.4,9.4,-3.5,,-16.5,,27.0,27.0,28.0,28.0
26,"Ehlers, 2005",26,PDS,did,individual,per_arm_count,0,0,0,0,0,0,0,0,1,0,14.0,31.2,29.8,6.3,8.4,14.0,32.4,10.3,6.5,8.9,-1.399999999999999,,-22.1,,14.0,14.0,14.0,14.0
27,"Ehlers, 2014",27,CAPS,did,individual,per_arm_count,0,0,0,0,0,0,0,0,1,0,30.0,69.95,65.28,14.17,20.64,30.0,78.72,32.22,19.8,27.2,-4.670000000000002,,-46.5,,30.0,30.0,30.0,30.0
27,"Ehlers, 2014",28,CAPS,did,individual,per_arm_count,0,0,0,0,0,0,0,0,1,0,30.0,69.95,65.28,14.17,20.64,31.0,70.6,26.97,13.45,28.68,-4.670000000000002,,-43.63,,30.0,30.0,31.0,31.0
27,"Ehlers, 2014",29,CAPS,did,individual,per_arm_count,0,0,0,0,0,1,0,0,0,0,30.0,69.95,65.28,14.17,20.64,30.0,74.6,47.88,15.39,31.77,-4.670000000000002,,-26.71999999999999,,30.0,30.0,30.0,30.0
28,"ElBarazi, 2022",30,CAPS,did,individual,per_arm_count,0,0,0,0,0,0,0,0,1,0,39.0,67.0,62.1,3.1,5.3,50.0,67.2,24.4,2.8,11.8,-4.899999999999999,,-42.8,,50.0,39.0,50.0,50.0
29,"Engel, 2015",31,PCL,did,individual,per_arm_count,0,0,0,0,0,1,0,0,0,0,29.0,54.48,48.52,11.23,13.97,29.0,58.0,50.72,9.95,18.76,-5.959999999999994,,-7.280000000000001,,33.0,29.0,40.0,29.0
30,"Falsetti, 2008",32,MPSS,did,individual,per_arm_count,0,0,1,0,0,0,0,0,0,0,23.0,73.79,67.32,19.63,26.43,14.0,62.08,43.71,21.39,29.34,-6.470000000000013,,-18.37,,31.0,23.0,29.0,14.0
31,"Fecteau, 1999",33,CAPS,did,individual,per_arm_count,0,0,0,0,0,0,0,1,0,0,10.0,77.3,74.6,22.7,24.7,10.0,70.9,37.5,16.2,30.4,-2.700000000000003,,-33.40000000000001,,10.0,10.0,10.0,10.0
32,"Foa, 1991",34,PSS-I,did,individual,per_arm_count,1,0,0,0,0,0,0,0,0,0,10.0,24.43,19.5,4.64,7.18,14.0,24.48,11.07,6.62,3.97,-4.93,,-13.41,,10.0,10.0,14.0,14.0
32,"Foa, 1991",35,PSS-I,did,individual,per_arm_count,0,0,0,0,0,0,1,0,0,0,10.0,24.43,19.5,4.64,7.18,10.0,25.78,15.4,5.01,11.09,-4.93,,-10.38,,10.0,10.0,10.0,10.0
32,"Foa, 1991",36,PSS-I,did,individual,per_arm_count,0,0,0,0,0,1,0,0,0,0,10.0,24.43,19.5,4.64,7.18,11.0,24.39,18.09,6.62,7.13,-4.93,,-6.300000000000001,,10.0,10.0,11.0,11.0
33,"Foa, 1999",37,PSS-I,rct,individual,per_arm_count,0,0,0,0,0,0,1,0,0,0,15.0,,26.93,,8.47,23.0,29.48,11.7,9.94,7.32,,,-17.78,,,15.0,23.0,23.0
33,"Foa, 1999",38,PSS-I,rct,individual,per_arm_count,1,0,0,0,0,0,0,0,0,0,15.0,,26.93,,8.47,19.0,29.42,12.89,8.69,8.96,,,-16.53,,,15.0,19.0,19.0
33,"Foa, 1999",39,PSS-I,rct,individual,per_arm_count,0,0,0,1,0,0,0,0,0,0,15.0,,26.93,,8.47,22.0,29.95,13.55,6.97,9.35,,,-16.4,,,15.0,22.0,22.0
34,"Foa, 2005",40,PSS-I,did,individual,per_arm_count,0,0,0,0,0,0,0,1,0,0,26.0,33.3,26.8,6.2,9.6,74.0,31.1,16.8,8.1,13.2,-6.499999999999996,,-14.3,,26.0,26.0,74.0,74.0
34,"Foa, 2005",41,PSS-I,did,individual,per_arm_count,0,0,0,0,0,0,1,0,0,0,26.0,33.3,26.8,6.2,9.6,79.0,34.0,17.9,5.9,14.5,-6.499999999999996,,-16.1,,26.0,26.0,79.0,79.0
35,"Foa, 2018",42,PSS-I,did,individual,per_arm_count,0,0,0,0,0,0,1,0,0,0,40.0,24.83,23.06,5.722,5.722,93.0,25.2,18.8,7.356,6.264,-1.77,,-6.399999999999999,,40.0,40.0,110.0,93.0
36,"Fonzo, 2017",43,CAPS,did,individual,per_arm_count,0,0,0,0,0,0,1,0,0,0,26.0,71.37,64.23,14.99,21.77,25.0,66.33,29.6,15.17,21.26,-7.140000000000001,,-36.73,,30.0,26.0,36.0,25.0
37,"Franklin, 2017",44,CAPS,did,individual,per_arm_count,0,0,0,0,0,0,1,0,0,0,7.0,61.1,61.4,9.4,16.8,3.0,69.7,38.3,14.3,17.9,0.2999999999999972,,-31.40000000000001,,8.0,7.0,12.0,3.0
37,"Franklin, 2017",45,CAPS,did,individual,per_arm_count,0,0,0,0,0,0,1,0,0,0,7.0,61.1,61.4,9.4,16.8,3.0,74.3,49.3,14.7,20.8,0.2999999999999972,,-25.0,,8.0,7.0,7.0,3.0
39,"Gray, 2019a",46,PSS-I,did,individual,per_arm_count,0,0,0,0,0,0,0,0,0,1,37.0,39.7,37.1,6.9,9.3,37.0,37.3,12.9,6.6,12.9,-2.600000000000001,,-24.4,,37.0,37.0,37.0,37.0
40,"Hinton, 2009",47,CAPS,did,individual,per_arm_count,1,0,0,0,0,0,0,0,0,0,12.0,77.25,74.25,11.47,9.43,12.0,75.41,46.83,13.47,17.17,-3.0,,-28.58,,12.0,12.0,12.0,12.0
41,"Hogberg, 2007",48,IES,did,individual,per_arm_count,0,1,0,0,0,0,0,0,0,0,9.0,39.1,34.0,12.6,16.2,12.0,39.3,23.2,17.2,17.4,-5.100000000000001,,-16.1,,8.0,9.0,12.0,12.0
42,"Hollifield, 2007",49,PSS-SR,did,individual,per_arm_count,0,0,0,0,0,0,0,1,0,0,24.0,30.79,27.92,9.54,12.33,25.0,32.52,20.02,6.63,10.56,-2.869999999999997,,-12.5,,24.0,24.0,25.0,25.0
43,"Ivarsson, 2014",50,PDS,did,individual,per_arm_count,0,0,0,0,0,1,0,0,0,0,26.0,29.84,25.04,8.77,11.14,28.0,31.9,17.32,6.52,9.86,-4.800000000000001,,-14.58,,31.0,26.0,31.0,28.0
44,"Jacob, 2014",51,CAPS,did,individual,per_arm_count,0,0,0,1,0,0,0,0,0,0,36.0,72.32,66.68,15.02,16.51,37.0,75.16,61.47,18.02,23.72,-5.639999999999986,,-13.69,,38.0,36.0,38.0,37.0
45,"Jain, 2020",52,PCL,did,individual,per_arm_count,0,0,0,0,0,1,0,0,0,0,12.0,42.1,39.6,15.6,17.8,13.0,48.9,34.1,13.6,15.8,-2.5,,-14.8,,13.0,12.0,13.0,13.0
46,"Jarero, 2019",53,PCL,did,individual,per_arm_count,0,1,0,0,0,0,0,0,0,0,30.0,38.27,32.7,6.22,7.13,30.0,39.2,3.3,8.02,3.98,-5.57,,-35.90000000000001,,30.0,30.0,30.0,30.0
47,"Jensen, 1994",54,SI-PTSD,did,individual,per_arm_count,0,1,0,0,0,0,0,0,0,0,12.0,37.08,46.92,9.22,10.22,13.0,29.92,35.69,11.14,12.0,9.840000000000003,,5.769999999999996,,12.0,12.0,13.0,13.0
48,"Johnson, 2011",55,CAPS,did,individual,per_arm_count,1,0,0,0,0,0,0,0,0,0,34.0,62.69,42.38,25.38,29.33,34.0,53.34,24.76,24.29,18.47,-20.31,,-28.58,,35.0,34.0,35.0,34.0
49,"Karatzias, 2019",56,PCL,did,individual,per_arm_count,0,1,0,0,0,0,0,0,0,0,13.0,45.14,35.14,13.31,13.0,12.0,49.29,28.5,12.66,18.77,-10.0,,-20.79,,14.0,13.0,15.0,12.0
50,"Keane, 1989",57,MMPI,did,individual,per_arm_count,0,0,1,0,0,0,0,0,0,0,13.0,36.5,31.9,6.7,12.0,11.0,36.4,28.8,10.6,15.0,-4.600000000000001,,-7.599999999999998,,13.0,13.0,11.0,11.0
51,"Kent, 2011",58,PDS,did,individual,per_arm_count,0,0,0,0,0,1,0,0,0,0,19.0,37.53,36.9,9.77,9.65,20.0,35.9,23.0,9.49,12.23,-0.6300000000000026,,-12.9,,19.0,19.0,20.0,20.0
53,"Knaevelsrud, 2015",60,PDS,did,individual,per_arm_count,0,0,0,0,0,1,0,0,0,0,80.0,30.65,30.17,8.1,8.7,79.0,30.35,20.29,8.16,12.45,-0.4799999999999969,,-10.06,,80.0,80.0,79.0,79.0
54,"Knaevelsrud, 2017",61,PDS,did,individual,per_arm_count,0,0,0,0,0,1,0,0,0,0,44.0,21.87,19.02,8.844,8.889,41.0,22.75,15.19,8.844,8.644,-2.850000000000001,,-7.56,,47.0,44.0,47.0,41.0
55,"Koch, 2020",62,PCL,did,individual,per_arm_count,0,0,0,0,0,1,0,0,0,0,21.0,42.47,46.0,10.84,14.664,15.0,48.49,38.53,11.163,13.09,3.530000000000001,,-9.96,,22.0,21.0,22.0,15.0
56,"Koochaki, 2018",63,PSS,did,individual,per_arm_count,1,0,0,0,0,0,0,0,0,0,39.0,6.82,6.564,4.297,4.29,42.0,8.095,4.547,5.202,2.297,-0.2560000000000002,,-3.548000000000001,,39.0,39.0,42.0,42.0
57,"Krakow, 2000",64,PSS,did,individual,per_arm_count,0,0,0,0,0,0,0,1,0,0,41.0,29.19,25.71,12.09,12.64,39.0,27.6,15.0,10.64,10.29,-3.48,,-12.6,,48.0,41.0,43.0,39.0
59,"Krupnick, 2017",66,PCL,did,individual,per_arm_count,0,0,0,0,0,1,0,0,0,0,12.0,3.9,3.91,0.4,0.4,6.0,3.6,3.58,0.3,0.4,0.01000000000000023,,-0.02000000000000002,,15.0,12.0,16.0,6.0
60,"Kubany, 2004",67,CAPS,did,individual,per_arm_count,0,0,0,0,0,0,0,1,0,0,62.0,78.0,74.1,20.5,21.9,63.0,74.4,33.3,19.9,32.8,-3.900000000000006,,-41.10000000000001,,62.0,62.0,63.0,63.0
61,"Latif, 2021",68,IES,did,individual,per_arm_count,0,0,0,0,0,0,0,1,0,0,25.0,35.0,16.3,1.6,3.4,25.0,35.8,11.4,1.5,1.5,-18.7,,-24.4,,25.0,25.0,25.0,25.0
62,"Lehavot, 2021",69,PCL,did,individual,per_arm_count,0,0,0,0,0,1,0,0,0,0,48.0,45.0,36.4,11.7,13.6,43.0,45.8,32.1,10.6,14.9,-8.600000000000001,,-13.7,,51.0,48.0,51.0,43.0
63,"Lewis, 2017",70,CAPS,did,individual,per_arm_count,0,0,0,0,0,1,0,0,0,0,17.0,37.12,36.53,6.95,7.1,15.0,35.99,17.93,6.29,12.25,-0.5899999999999963,,-18.06,,21.0,17.0,21.0,15.0
65,"Maguen, 2017",71,PCL,did,individual,per_arm_count,0,0,0,0,0,0,0,1,0,0,15.0,52.9,50.7,11.3,10.6,15.0,48.6,41.3,14.5,11.2,-2.199999999999996,,-7.300000000000004,,16.0,15.0,17.0,15.0
66,"Margolies, 2013",72,PSS-SR,did,individual,per_arm_count,0,0,0,1,0,0,0,0,0,0,12.0,33.5,47.1,13.7,9.7,15.0,41.8,39.8,14.2,11.4,13.6,,-2.0,,12.0,12.0,15.0,15.0
67,"McDonagh, 2005",73,CAPS,did,individual,per_arm_count,0,0,0,0,0,0,0,1,0,0,23.0,72.0,65.5,17.6,18.6,29.0,69.9,53.1,16.8,28.8,-6.5,,-16.8,,23.0,23.0,29.0,29.0
67,"McDonagh, 2005",74,CAPS,did,individual,per_arm_count,0,0,0,0,0,1,0,0,0,0,23.0,72.0,65.5,17.6,18.6,22.0,67.7,47.2,14.6,22.4,-6.5,,-20.5,,23.0,23.0,22.0,22.0
68,"McGeary, 2022",75,PCL,did,individual,per_arm_count,1,0,0,0,0,0,0,0,0,0,48.0,49.0,41.6,13.3,17.1,33.0,47.7,36.5,14.7,19.7,-7.399999999999999,,-11.2,,64.0,48.0,65.0,33.0
68,"McGeary, 2022",76,PCL,did,individual,per_arm_count,0,0,0,0,0,0,0,0,1,0,48.0,49.0,41.6,13.3,17.1,23.0,48.6,30.0,14.6,20.9,-7.399999999999999,,-18.6,,64.0,48.0,64.0,23.0
69,"McLay, 2011",77,CAPS,did,individual,per_arm_count,0,0,1,0,0,0,0,0,0,0,9.0,82.8,72.3,13.6,33.8,10.0,83.5,48.1,18.1,36.9,-10.5,,-35.4,,10.0,9.0,10.0,10.0
70,"Miyahira, 2012",78,CAPS,did,individual,per_arm_count,0,0,1,0,0,0,0,0,0,0,12.0,75.0,71.17,19.29,25.41,10.0,72.2,58.9,17.07,23.29,-3.829999999999998,,-13.3,,12.0,12.0,10.0,10.0
72,"Monson, 2012a",79,CAPS,did,individual,per_arm_count,0,0,0,0,0,0,0,1,0,0,19.0,73.03,60.82,14.391,22.729,16.0,68.87,33.45,14.241,21.431,-12.21,,-35.42,,20.0,19.0,20.0,16.0
73,"Morath, 2014",80,CAPS,did,individual,per_arm_count,0,0,0,0,1,0,0,0,0,0,17.0,76.88,74.59,15.95,20.42,17.0,92.41,58.65,14.95,24.93,-2.289999999999992,,-33.76,,17.0,17.0,17.0,17.0
74,"Mueser, 2008",81,CAPS,did,individual,per_arm_count,0,0,0,0,0,0,0,1,0,0,54.0,76.15,67.78,17.07,26.84,54.0,74.46,55.53,17.56,27.92,-8.370000000000005,,-18.92999999999999,,54.0,54.0,54.0,54.0
75,"Neuner, 2010",82,PDS,did,individual,per_arm_count,0,0,0,0,1,0,0,0,0,0,16.0,36.9,34.1,8.0,6.1,14.0,38.9,26.0,6.4,9.2,-2.799999999999997,,-12.9,,16.0,16.0,16.0,14.0
76,"Power, 2002",83,SI-PTSD,did,individual,per_arm_count,0,1,0,0,0,0,0,0,0,0,24.0,47.9,45.5,10.0,16.1,27.0,50.6,16.8,8.4,17.2,-2.399999999999999,,-33.8,,29.0,24.0,39.0,27.0
76,"Power, 2002",84,SI-PTSD,did,individual,per_arm_count,0,0,0,0,0,0,0,1,0,0,24.0,47.9,45.5,10.0,16.1,21.0,46.6,25.9,9.9,17.9,-2.399999999999999,,-20.7,,29.0,24.0,37.0,21.0
77,"Raabe, 2022",85,CAPS,did,individual,per_arm_count,0,0,0,0,0,1,0,0,0,0,20.0,70.5,63.7,19.0,24.22,19.0,75.6,64.1,14.6,26.49,-6.799999999999997,,-11.5,,20.0,20.0,20.0,19.0
77,"Raabe, 2022",86,PDS,did,individual,per_arm_count,0,0,0,0,0,1,0,0,0,0,19.0,36.4,31.2,10.21,11.08,19.0,40.6,32.7,9.06,15.71,-5.199999999999999,,-7.899999999999999,,20.0,19.0,20.0,19.0
77,"Raabe, 2022",87,CAPS,did,individual,per_arm_count,0,0,0,0,0,0,0,0,0,1,20.0,70.5,63.7,19.0,24.22,17.0,78.2,45.6,14.6,32.03,-6.799999999999997,,-32.6,,20.0,20.0,21.0,17.0
77,"Raabe, 2022",88,PDS,did,individual,per_arm_count,0,0,0,0,0,0,0,0,0,1,19.0,36.4,31.2,10.21,11.08,17.0,41.0,21.4,9.64,17.14,-5.199999999999999,,-19.6,,20.0,19.0,21.0,17.0
78,"Reger, 2016",89,CAPS,did,individual,per_arm_count,0,0,1,0,0,0,0,0,0,0,47.0,78.89,68.06,16.87,24.27,30.0,80.44,57.07,16.23,32.32,-10.83,,-23.37,,54.0,47.0,54.0,30.0
78,"Reger, 2016",90,CAPS,did,individual,per_arm_count,0,0,0,0,0,0,1,0,0,0,47.0,78.89,68.06,16.87,24.27,32.0,78.28,44.28,16.35,33.73,-10.83,,-34.0,,54.0,47.0,54.0,32.0
79,"Resick, 2002",91,CAPS,did,individual,per_arm_count,0,0,0,0,0,0,0,0,1,0,47.0,69.85,69.26,19.57,18.55,62.0,74.76,39.08,18.77,31.12,-0.5899999999999892,,-35.68000000000001,,47.0,47.0,62.0,62.0
79,"Resick, 2002",92,CAPS,did,individual,per_arm_count,0,0,0,0,0,0,1,0,0,0,47.0,69.85,69.26,19.57,18.55,62.0,76.6,44.89,19.72,33.52,-0.5899999999999892,,-31.70999999999999,,47.0,47.0,62.0,62.0
80,"Rothbaum, 1997",93,PSS-I,did,individual,per_arm_count,0,1,0,0,0,0,0,0,0,0,8.0,39.0,35.0,8.2,5.9,10.0,33.3,14.3,8.7,8.4,-4.0,,-19.0,,8.0,8.0,10.0,10.0
82,"Shapiro, 2015",94,IES,did,individual,per_arm_count,0,1,0,0,0,0,0,0,0,0,9.0,44.28,42.61,17.54,14.84,8.0,41.63,21.25,11.46,15.53,-1.670000000000002,,-20.38,,9.0,9.0,8.0,8.0
83,"Simpson, 2022",95,CAPS,did,individual,per_arm_count,0,0,0,0,0,0,0,0,1,0,21.0,32.09,25.9,8.12,11.32,28.0,33.51,17.43,7.64,11.26,-6.190000000000005,,-16.08,,22.0,21.0,41.0,28.0
85,"Spence, 2011",96,PCL,did,individual,per_arm_count,0,0,0,0,0,1,0,0,0,0,19.0,57.0,51.79,9.69,12.51,21.0,60.78,44.78,10.03,17.29,-5.210000000000001,,-16.0,,19.0,19.0,23.0,21.0
86,"Steinert, 2016",97,HTQ,rct,individual,per_arm_count,0,0,0,0,0,1,0,0,0,0,32.0,,2.86,,0.555,52.0,,1.39,,0.557,,,,,,32.0,,52.0
87,"Tylee, 2017",98,PSS-I,did,individual,per_arm_count,0,0,0,0,0,0,0,0,0,1,15.0,38.7,38.9,6.7,8.1,15.0,37.3,9.7,6.5,8.3,0.1999999999999957,,-27.6,,15.0,15.0,15.0,15.0
88,"Ulmer, 2011",99,PCL,did,individual,per_arm_count,0,0,0,1,0,0,0,0,0,0,9.0,63.44,66.08,11.66,8.97,9.0,63.08,45.25,12.47,10.53,2.640000000000001,,-17.83,,9.0,9.0,13.0,9.0
89,"van den Berg, 2015",100,CAPS,did,individual,per_arm_count,0,0,0,0,0,0,1,0,0,0,47.0,68.1,56.5,15.9,24.011,53.0,69.6,37.8,14.9,23.763,-11.59999999999999,,-31.8,,47.0,47.0,53.0,53.0
89,"van den Berg, 2015",101,CAPS,did,individual,per_arm_count,0,1,0,0,0,0,0,0,0,0,47.0,68.1,56.5,15.9,24.011,55.0,72.1,40.3,17.6,24.969,-11.59999999999999,,-31.8,,47.0,47.0,55.0,55.0
90,"van Denderen, 2018",102,IES,did,individual,per_arm_count,0,0,0,1,0,0,0,0,0,0,43.0,46.3,25.32,13.38,20.29,20.0,47.95,31.51,9.41,17.36,-20.98,,-16.44,,43.0,43.0,20.0,20.0
90,"van Denderen, 2018",103,IES,did,individual,per_arm_count,0,0,0,1,0,0,0,0,0,0,43.0,46.3,25.32,13.38,20.29,22.0,44.77,21.51,13.54,15.7,-20.98,,-23.26,,43.0,43.0,22.0,22.0
91,"Van der Kolk, 2007",104,CAPS,did,individual,per_arm_count,0,1,0,0,0,0,0,0,0,0,29.0,74.5,43.55,12.5,22.6,29.0,71.7,32.55,11.9,22.5,-30.95,,-39.15000000000001,,29.0,29.0,29.0,29.0
92,"Vera, 2011",105,CAPS,did,individual,per_arm_count,0,0,0,0,0,0,1,0,0,0,7.0,73.29,76.14,18.42,22.2,5.0,53.2,36.2,8.81,23.61,2.849999999999994,,-17.0,,7.0,7.0,5.0,5.0
93,"Wagner, 2007",106,PCL,did,individual,per_arm_count,1,0,0,0,0,0,0,0,0,0,4.0,55.5,57.7,11.9,21.3,4.0,54.2,36.5,17.2,13.5,2.200000000000003,,-17.7,,4.0,4.0,4.0,4.0
94,"Wagner, 2019",107,CAPS,did,individual,per_arm_count,1,0,0,0,0,0,0,0,0,0,24.0,82.0,70.13,15.72,25.68,30.0,75.88,54.4,15.15,22.98,-11.87,,-21.48,,38.0,24.0,42.0,30.0
95,"Wells, 2012",108,PDS,did,individual,per_arm_count,1,0,0,0,0,0,0,0,0,0,10.0,37.3,34.1,5.6,4.7,9.0,32.7,16.8,7.4,16.4,-3.199999999999996,,-15.9,,10.0,10.0,10.0,9.0
96,"Wells, 2015",109,IES,did,individual,per_arm_count,1,0,0,0,0,0,0,0,0,0,10.0,52.3,51.3,12.98,13.43,10.0,53.3,9.9,8.87,9.69,-1.0,,-43.4,,10.0,10.0,10.0,10.0
96,"Wells, 2015",110,PDS,did,individual,per_arm_count,1,0,0,0,0,0,0,0,0,0,10.0,38.3,39.2,8.74,8.85,10.0,37.2,10.4,8.93,6.98,0.9000000000000057,,-26.8,,10.0,10.0,11.0,10.0
96,"Wells, 2015",111,IES,did,individual,per_arm_count,0,0,0,0,0,0,1,0,0,0,10.0,52.3,51.3,12.98,13.43,10.0,51.2,23.7,8.16,16.28,-1.0,,-27.5,,10.0,10.0,10.0,10.0
96,"Wells, 2015",112,PDS,did,individual,per_arm_count,0,0,0,0,0,0,1,0,0,0,10.0,38.3,39.2,8.74,8.85,10.0,32.8,18.3,8.85,13.31,0.9000000000000057,,-14.5,,10.0,10.0,11.0,10.0
98,"Yurtsever, 2018",113,IES,did,individual,per_arm_count,0,1,0,0,0,0,0,0,0,0,29.0,62.45,59.1,1.227,17.37,18.0,62.44,48.22,9.05,17.34,-3.350000000000001,,-14.22,,32.0,29.0,28.0,18.0
99,"Zang, 2014",114,IES,did,individual,per_arm_count,0,0,0,0,1,0,0,0,0,0,10.0,56.8,54.7,10.91,10.81,10.0,50.9,17.0,10.65,6.72,-2.099999999999994,,-33.9,,10.0,10.0,10.0,10.0
99,"Zang, 2014",115,IES,did,individual,per_arm_count,0,0,0,0,1,0,0,0,0,0,10.0,56.8,54.7,10.91,10.81,10.0,52.1,16.9,9.06,4.93,-2.099999999999994,,-35.2,,10.0,10.0,10.0,10.0
100,"Zemestani, 2022",116,PCL,did,individual,per_arm_count,0,0,0,0,0,0,0,1,0,0,24.0,53.95,55.25,6.06,5.48,24.0,53.25,37.04,6.31,4.52,1.299999999999997,,-16.21,,24.0,24.0,24.0,24.0
101,"Zlotnick, 1997",117,DTS,did,individual,per_arm_count,0,0,0,0,0,1,0,0,0,0,17.0,74.69,73.06,25.83,29.86,16.0,66.88,45.76,22.0,34.12,-1.629999999999995,,-21.12,,17.0,17.0,16.0,16.0
