study_id,Study_Reference,Intervention_ID,Indicator,design,randomisation,randomisation_source,Covariate_3rd,Covariate_cbt,Covariate_exposure,Covariate_other_psy,n_control,mean_pre_control,mean_post_control,sd_pre_control,sd_post_control,n_treatment,mean_pre_treatment,mean_post_treatment,sd_pre_treatment,sd_post_treatment,mean_change_control,sd_change_control,mean_change_treatment,sd_change_treatment,n_pre_control,n_post_control,n_pre_treatment,n_post_treatment
1,"Abramowitz, 2009",1,BSPS,did,individual,per_arm_count,0,1,0,0,10,32.2,28.6,8.8,3.56,11,33.18,21.72,9.11,7.32,-3.600000000000001,,-11.46,,10.0,10,11,11
1,"Abramowitz, 2009",2,SIAS,did,individual,per_arm_count,0,1,0,0,10,52.6,52.2,10.29,12.74,11,58.81,40.81,12.44,16.34,-0.3999999999999986,,-18.0,,10.0,10,11,11
1,"Abramowitz, 2009",3,STAI,did,individual,per_arm_count,0,1,0,0,10,53.0,50.0,5.05,5.89,11,56.9,49.63,8.64,13.72,-3.0,,-7.269999999999996,,10.0,10,11,11
2,"Anderson, 2013",4,FNE,did,individual,per_arm_count,0,1,0,0,28,42.64,42.45,9.74,10.07,39,44.67,38.68,8.35,9.31,-0.1899999999999977,,-5.990000000000002,,28.0,28,39,39
2,"Anderson, 2013",5,FNE,did,individual,per_arm_count,0,1,0,0,28,42.64,42.45,9.74,10.07,30,41.73,39.47,10.22,10.7,-0.1899999999999977,,-2.259999999999998,,28.0,28,30,30
2,"Anderson, 2013",6,PRCS,did,individual,per_arm_count,0,1,0,0,28,24.53,23.57,2.73,4.28,39,25.59,14.79,2.59,8.53,-0.9600000000000009,,-10.8,,28.0,28,39,39
2,"Anderson, 2013",7,PRCS,did,individual,per_arm_count,0,1,0,0,28,24.53,23.57,2.73,4.28,30,24.37,16.23,2.54,7.61,-0.9600000000000009,,-8.14,,28.0,28,30,30
3,"Andersson, 2006",8,BAI,did,individual,per_arm_count,0,1,0,0,32,13.2,13.6,6.6,10.3,32,13.6,8.7,7.3,5.8,0.4000000000000004,,-4.9,,32.0,32,32,32
3,"Andersson, 2006",9,LSAS,did,individual,per_arm_count,0,1,0,0,32,66.7,62.8,20.9,21.7,32,68.5,45.6,22.5,25.1,-3.900000000000006,,-22.9,,32.0,32,32,32
3,"Andersson, 2006",10,PRCS,did,individual,per_arm_count,0,1,0,0,32,25.9,25.5,3.5,4.8,32,25.5,22.7,4.2,5.4,-0.3999999999999986,,-2.800000000000001,,32.0,32,32,32
3,"Andersson, 2006",11,SIAS,did,individual,per_arm_count,0,1,0,0,32,44.8,33.9,12.8,12.6,32,44.4,27.3,16.1,13.4,-10.9,,-17.1,,32.0,32,32,32
3,"Andersson, 2006",12,SPS,did,individual,per_arm_count,0,1,0,0,32,32.5,31.0,13.1,15.9,32,35.8,20.7,16.7,14.8,-1.5,,-15.1,,32.0,32,32,32
3,"Andersson, 2006",13,SPSQ,did,individual,per_arm_count,0,1,0,0,32,30.2,28.9,7.6,7.9,32,30.4,20.0,8.7,8.5,-1.300000000000001,,-10.4,,32.0,32,32,32
4,"Andersson, 2012",14,BAI,did,individual,per_arm_count,0,1,0,0,102,16.47,14.0,9.14,8.35,102,15.73,9.46,7.98,6.42,-2.469999999999999,,-6.27,,102.0,102,102,102
4,"Andersson, 2012",15,LSAS,did,individual,per_arm_count,0,1,0,0,102,66.65,63.85,21.72,23.69,102,68.23,43.74,23.33,24.33,-2.800000000000004,,-24.49,,102.0,102,102,102
4,"Andersson, 2012",16,SIAS,did,individual,per_arm_count,0,1,0,0,102,48.88,46.02,15.28,14.67,102,49.96,33.77,15.88,15.33,-2.859999999999999,,-16.19,,102.0,102,102,102
4,"Andersson, 2012",17,SPS,did,individual,per_arm_count,0,1,0,0,102,37.25,32.9,14.98,14.76,102,38.81,23.31,15.59,14.33,-4.350000000000001,,-15.5,,102.0,102,102,102
4,"Andersson, 2012",18,SPSQ,did,individual,per_arm_count,0,1,0,0,102,30.54,26.76,9.07,9.65,102,30.77,18.93,8.94,10.42,-3.779999999999998,,-11.84,,102.0,102,102,102
5,"Beidel, 2014",19,BSPS,did,individual,per_arm_count,0,0,1,0,19,45.26,37.52,11.159,14.21,41,43.46,22.44,11.39756,10.31,-7.739999999999995,,-21.02,,19.0,19,41,41
5,"Beidel, 2014",20,BSPS,did,individual,per_arm_count,0,0,1,0,19,45.26,37.52,11.159,14.21,46,42.79,17.07,10.377,8.82,-7.739999999999995,,-25.72,,19.0,19,46,46
5,"Beidel, 2014",21,HAMA,did,individual,per_arm_count,0,0,1,0,19,18.42,12.92,5.492,6.49,41,16.27,6.89,7.684,4.74,-5.500000000000002,,-9.379999999999999,,19.0,19,41,41
5,"Beidel, 2014",22,HAMA,did,individual,per_arm_count,0,0,1,0,19,18.42,12.92,5.492,6.49,46,15.53,5.06,7.121,4.07,-5.500000000000002,,-10.47,,19.0,19,46,46
5,"Beidel, 2014",23,SPAI,did,individual,per_arm_count,0,0,1,0,19,104.67,93.65,25.369,25.8,41,104.46,70.77,28.174,21.64,-11.02,,-33.69,,19.0,19,41,41
5,"Beidel, 2014",24,SPAI,did,individual,per_arm_count,0,0,1,0,19,104.67,93.65,25.369,25.8,46,107.85,67.6,21.229,18.18,-11.02,,-40.25,,19.0,19,46,46
6,"Berger, 2009",25,LSAS,did,individual,per_arm_count,0,1,0,0,21,75.0,70.7,17.4,17.2,31,68.7,52.7,16.9,21.9,-4.299999999999997,,-16.0,,21.0,21,31,31
6,"Berger, 2009",26,SIAS,did,individual,per_arm_count,0,1,0,0,21,47.4,44.0,11.3,10.1,31,43.2,34.1,10.9,12.9,-3.399999999999999,,-9.100000000000001,,21.0,21,31,31
6,"Berger, 2009",27,SPS,did,individual,per_arm_count,0,1,0,0,21,35.1,30.3,10.8,10.8,31,35.6,23.5,14.2,13.2,-4.800000000000001,,-12.1,,21.0,21,31,31
7,"Blanco, 2010",28,Other,did,individual,per_arm_count,0,1,0,0,27,5.96,4.7,0.85,1.31,34,6.03,4.7,0.95,1.16,-1.26,,-1.33,,27.0,27,34,34
7,"Blanco, 2010",29,FQ,did,individual,per_arm_count,0,1,0,0,27,6.07,19.24,4.6,9.57,34,6.75,15.39,4.52,8.64,13.17,,8.64,,27.0,27,34,34
7,"Blanco, 2010",30,LSAS,did,individual,per_arm_count,0,1,0,0,27,75.96,63.29,24.8,27.51,34,77.12,62.71,27.34,24.78,-12.66999999999999,,-14.41,,27.0,27,34,34
7,"Blanco, 2010",31,SIAS,did,individual,per_arm_count,0,1,0,0,27,41.42,34.52,12.46,14.72,34,42.87,29.94,13.09,15.43,-6.899999999999999,,-12.93,,27.0,27,34,34
7,"Blanco, 2010",32,SPS,did,individual,per_arm_count,0,1,0,0,27,35.96,28.95,11.11,14.66,34,35.38,21.22,17.84,13.0,-7.010000000000002,,-14.16,,27.0,27,34,34
8,"Botella, 2010",33,Other,did,individual,per_arm_count,0,1,0,0,25,5.95,5.85,2.44,1.84,22,5.64,3.5,1.94,1.95,-0.1000000000000005,,-2.14,,25.0,25,22,22
8,"Botella, 2010",34,Other,did,individual,per_arm_count,0,1,0,0,25,5.95,5.85,2.44,1.84,30,6.83,4.17,2.25,2.33,-0.1000000000000005,,-2.66,,25.0,25,30,30
8,"Botella, 2010",35,Other,did,individual,per_arm_count,0,1,0,0,25,7.16,6.37,1.98,1.3,22,7.23,4.73,1.38,1.28,-0.79,,-2.5,,25.0,25,22,22
8,"Botella, 2010",36,Other,did,individual,per_arm_count,0,1,0,0,25,7.16,6.37,1.98,1.3,30,7.88,5.04,1.19,1.6,-0.79,,-2.84,,25.0,25,30,30
8,"Botella, 2010",37,Other,did,individual,per_arm_count,0,1,0,0,25,8.08,7.48,1.93,2.02,22,7.95,3.36,2.66,2.4,-0.5999999999999996,,-4.59,,25.0,25,22,22
8,"Botella, 2010",38,Other,did,individual,per_arm_count,0,1,0,0,25,8.08,7.48,1.93,2.02,30,8.57,2.97,2.03,2.22,-0.5999999999999996,,-5.6,,25.0,25,30,30
8,"Botella, 2010",39,Other,did,individual,per_arm_count,0,1,0,0,25,8.24,8.04,1.69,1.21,22,8.95,4.82,1.21,2.04,-0.2000000000000011,,-4.129999999999999,,25.0,25,22,22
8,"Botella, 2010",40,Other,did,individual,per_arm_count,0,1,0,0,25,8.24,8.04,1.69,1.21,30,8.6,5.0,1.43,1.84,-0.2000000000000011,,-3.6,,25.0,25,30,30
8,"Botella, 2010",41,FNE,did,individual,per_arm_count,0,1,0,0,25,44.42,45.33,9.99,8.63,22,44.14,40.18,8.97,11.24,0.9099999999999966,,-3.960000000000001,,25.0,25,22,22
8,"Botella, 2010",42,FNE,did,individual,per_arm_count,0,1,0,0,25,44.42,45.33,9.99,8.63,30,42.8,39.88,9.32,10.8,0.9099999999999966,,-2.919999999999995,,25.0,25,30,30
8,"Botella, 2010",43,FPSQ,did,individual,per_arm_count,0,1,0,0,25,56.64,56.8,14.48,13.72,22,50.45,39.32,11.86,12.97,0.1599999999999966,,-11.13,,25.0,25,22,22
8,"Botella, 2010",44,FPSQ,did,individual,per_arm_count,0,1,0,0,25,56.64,56.8,14.48,13.72,30,53.27,39.7,14.34,15.45,0.1599999999999966,,-13.57,,25.0,25,30,30
8,"Botella, 2010",45,SADS,did,individual,per_arm_count,0,1,0,0,25,12.71,11.28,7.5,7.45,22,11.66,8.29,6.35,5.14,-1.430000000000001,,-3.370000000000001,,25.0,25,22,22
8,"Botella, 2010",46,SADS,did,individual,per_arm_count,0,1,0,0,25,12.71,11.28,7.5,7.45,30,12.17,7.67,6.86,5.81,-1.430000000000001,,-4.5,,25.0,25,30,30
9,"Bouchard, 2017",47,FNE,did,individual,per_arm_count,0,1,0,0,20,24.5,25.2,4.8,4.5,22,23.6,18.9,6.0,7.2,0.6999999999999993,,-4.700000000000003,,20.0,20,22,22
9,"Bouchard, 2017",48,FNE,did,individual,per_arm_count,0,1,0,0,20,24.5,25.2,4.8,4.5,17,25.6,18.1,5.5,8.5,0.6999999999999993,,-7.5,,20.0,20,17,17
9,"Bouchard, 2017",49,LSAS,did,individual,per_arm_count,0,1,0,0,20,79.6,79.3,24.9,22.0,22,74.9,56.0,24.5,26.9,-0.2999999999999972,,-18.90000000000001,,20.0,20,22,22
9,"Bouchard, 2017",50,LSAS,did,individual,per_arm_count,0,1,0,0,20,79.6,79.3,24.9,22.0,17,85.1,51.8,29.5,23.3,-0.2999999999999972,,-33.3,,20.0,20,17,17
9,"Bouchard, 2017",51,SIAS,did,individual,per_arm_count,0,1,0,0,20,48.6,49.6,13.4,10.2,22,45.8,35.4,16.9,17.4,1.0,,-10.4,,20.0,20,22,22
9,"Bouchard, 2017",52,SIAS,did,individual,per_arm_count,0,1,0,0,20,48.6,49.6,13.4,10.2,17,49.2,29.8,17.6,13.9,1.0,,-19.4,,20.0,20,17,17
9,"Bouchard, 2017",53,SPS,did,individual,per_arm_count,0,1,0,0,20,33.4,38.9,13.9,14.6,22,30.9,22.4,17.5,15.7,5.5,,-8.5,,20.0,20,22,22
9,"Bouchard, 2017",54,SPS,did,individual,per_arm_count,0,1,0,0,20,33.4,38.9,13.9,14.6,17,39.0,19.2,16.1,12.5,5.5,,-19.8,,20.0,20,17,17
10,"Carlbring, 2007",55,BAI,did,individual,per_arm_count,0,1,0,0,28,15.1,14.5,8.8,9.0,29,14.5,8.2,8.1,7.9,-0.5999999999999996,,-6.300000000000001,,28.0,28,29,29
10,"Carlbring, 2007",56,LSAS,did,individual,per_arm_count,0,1,0,0,28,33.8,33.3,11.0,11.9,29,35.2,21.6,12.9,12.8,-0.5,,-13.6,,28.0,28,29,29
10,"Carlbring, 2007",57,LSAS,did,individual,per_arm_count,0,1,0,0,28,34.2,36.1,10.6,12.3,29,36.0,24.2,11.7,12.0,1.899999999999999,,-11.8,,28.0,28,29,29
10,"Carlbring, 2007",58,SIAS,did,individual,per_arm_count,0,1,0,0,28,42.9,43.6,12.1,14.0,29,41.3,27.1,13.2,11.1,0.7000000000000028,,-14.2,,28.0,28,29,29
10,"Carlbring, 2007",59,SPS,did,individual,per_arm_count,0,1,0,0,28,37.8,37.7,16.5,16.4,29,36.2,20.0,15.2,15.0,-0.09999999999999432,,-16.2,,28.0,28,29,29
10,"Carlbring, 2007",60,SPSQ,did,individual,per_arm_count,0,1,0,0,28,31.4,32.3,9.4,8.9,29,29.7,20.3,7.8,9.1,0.8999999999999986,,-9.399999999999999,,28.0,28,29,29
11,"Clark, 2006",61,Other,did,individual,per_arm_count,0,1,0,0,20,4.09,3.68,1.24,0.85,21,3.59,1.27,1.53,0.98,-0.4099999999999997,,-2.32,,20.0,20,21,21
11,"Clark, 2006",62,Other,did,individual,per_arm_count,0,0,1,0,20,4.09,3.68,1.24,0.85,21,3.91,2.15,1.19,1.4,-0.4099999999999997,,-1.76,,20.0,20,21,21
11,"Clark, 2006",63,BAI,did,individual,per_arm_count,0,1,0,0,20,16.8,13.5,8.69,7.05,21,19.0,3.19,8.6,3.93,-3.300000000000001,,-15.81,,20.0,20,21,21
11,"Clark, 2006",64,BAI,did,individual,per_arm_count,0,0,1,0,20,16.8,13.5,8.69,7.05,21,17.95,7.48,8.56,5.5,-3.300000000000001,,-10.47,,20.0,20,21,21
11,"Clark, 2006",65,FNE,did,individual,per_arm_count,0,1,0,0,20,24.4,24.4,5.57,5.12,21,23.14,12.9,7.02,8.88,0.0,,-10.24,,20.0,20,21,21
11,"Clark, 2006",66,FNE,did,individual,per_arm_count,0,0,1,0,20,24.4,24.4,5.57,5.12,21,25.14,18.95,6.1,8.91,0.0,,-6.190000000000001,,20.0,20,21,21
11,"Clark, 2006",67,LSAS,did,individual,per_arm_count,0,1,0,0,20,77.19,77.21,22.48,21.36,21,74.83,28.0,24.1,17.71,0.01999999999999602,,-46.83,,20.0,20,21,21
11,"Clark, 2006",68,LSAS,did,individual,per_arm_count,0,0,1,0,20,77.19,77.21,22.48,21.36,21,78.7,52.32,23.7,33.89,0.01999999999999602,,-26.38,,20.0,20,21,21
11,"Clark, 2006",69,SIAS,did,individual,per_arm_count,0,1,0,0,20,47.65,46.25,11.03,13.23,21,43.57,18.19,17.8,10.01,-1.399999999999999,,-25.38,,20.0,20,21,21
11,"Clark, 2006",70,SIAS,did,individual,per_arm_count,0,0,1,0,20,47.65,46.25,11.03,13.23,21,50.61,32.57,17.18,16.08,-1.399999999999999,,-18.04,,20.0,20,21,21
11,"Clark, 2006",71,SPAI,did,individual,per_arm_count,0,1,0,0,20,127.8,122.81,22.33,27.26,21,118.98,56.53,33.76,34.92,-4.989999999999995,,-62.45,,20.0,20,21,21
11,"Clark, 2006",72,SPAI,did,individual,per_arm_count,0,0,1,0,20,127.8,122.81,22.33,27.26,21,131.0,96.11,32.05,45.14,-4.989999999999995,,-34.89,,20.0,20,21,21
11,"Clark, 2006",73,SPS,did,individual,per_arm_count,0,1,0,0,20,32.3,32.4,12.55,15.12,21,29.33,8.95,13.49,6.03,0.1000000000000014,,-20.38,,20.0,20,21,21
11,"Clark, 2006",74,SPS,did,individual,per_arm_count,0,0,1,0,20,32.3,32.4,12.55,15.12,21,34.26,20.24,15.89,16.1,0.1000000000000014,,-14.02,,20.0,20,21,21
11,"Clark, 2006",75,SPWSS,did,individual,per_arm_count,0,1,0,0,20,4.58,4.45,1.16,0.94,21,5.1,1.8,0.94,1.41,-0.1299999999999999,,-3.3,,20.0,20,21,21
11,"Clark, 2006",76,SPWSS,did,individual,per_arm_count,0,0,1,0,20,4.58,4.45,1.16,0.94,21,4.69,3.08,1.15,1.16,-0.1299999999999999,,-1.61,,20.0,20,21,21
12,"Clark, 2023",77,Other,did,individual,per_arm_count,0,1,0,0,34,0.69,0.64,0.67,0.92,34,0.82,-1.24,0.58,0.84,-0.04999999999999993,,-2.06,,34.0,34,34,34
12,"Clark, 2023",78,Other,did,individual,per_arm_count,0,1,0,0,34,0.69,0.64,0.67,0.92,34,0.71,-1.71,0.89,1.01,-0.04999999999999993,,-2.42,,34.0,34,34,34
13,"Craske, 2014",79,Other,did,individual,per_arm_count,1,0,0,0,25,-0.1,-0.3,1.02040816326531,1.02040816326531,29,0.1,-1.0,1.09901322594582,1.09901322594582,-0.2,,-1.1,,25.0,25,29,29
13,"Craske, 2014",80,Other,did,individual,per_arm_count,0,1,0,0,25,-0.1,-0.3,1.02040816326531,1.02040816326531,33,-0.1,-1.1,0.879269792837454,0.879269792837453,-0.2,,-1.0,,25.0,25,33,33
13,"Craske, 2014",81,Other,did,individual,per_arm_count,1,0,0,0,25,103.3,99.5,27.55102,34.18,29,99.2,77.4,27.47533,34.61892,-3.799999999999997,,-21.8,,25.0,25,29,29
13,"Craske, 2014",82,Other,did,individual,per_arm_count,0,1,0,0,25,103.3,99.5,27.55102,34.18,33,97.1,64.5,27.25736,36.64,-3.799999999999997,,-32.59999999999999,,25.0,25,33,33
14,"Davidson, 2004",83,BSPS,did,individual,per_arm_count,0,1,0,0,36,37.3,26.7,8.5,13.5,48,39.2,20.6,10.4,9.9,-10.6,,-18.6,,60.0,36,60,48
14,"Davidson, 2004",84,SPAI,did,individual,per_arm_count,0,1,0,0,36,112.0,94.8,21.0,28.0,48,106.1,77.1,21.3,28.7,-17.2,,-29.0,,60.0,36,60,48
15,"Furmark, 2009",85,LSAS,did,individual,per_arm_count,0,1,0,0,40,71.28,70.25,24.93,27.25,40,68.68,48.5,23.87,27.46,-1.030000000000001,,-20.18000000000001,,40.0,40,40,40
15,"Furmark, 2009",86,LSAS,did,individual,per_arm_count,0,1,0,0,40,71.28,70.25,24.93,27.25,40,71.3,50.98,22.49,21.12,-1.030000000000001,,-20.32,,40.0,40,40,40
15,"Furmark, 2009",87,SIAS,did,individual,per_arm_count,0,1,0,0,40,46.45,46.58,17.9,18.45,40,48.15,38.25,14.61,15.84,0.1299999999999955,,-9.899999999999999,,40.0,40,40,40
15,"Furmark, 2009",88,SIAS,did,individual,per_arm_count,0,1,0,0,40,46.45,46.58,17.9,18.45,40,50.98,39.03,14.21,14.03,0.1299999999999955,,-11.95,,40.0,40,40,40
15,"Furmark, 2009",89,SPS,did,individual,per_arm_count,0,1,0,0,40,36.35,35.6,17.1,16.16,40,36.58,25.9,15.43,16.32,-0.75,,-10.68,,40.0,40,40,40
15,"Furmark, 2009",90,SPS,did,individual,per_arm_count,0,1,0,0,40,36.35,35.6,17.1,16.16,40,39.15,25.6,15.35,12.22,-0.75,,-13.55,,40.0,40,40,40
15,"Furmark, 2009",91,SPSQ,did,individual,per_arm_count,0,1,0,0,40,30.28,29.73,10.33,11.83,40,30.63,21.93,7.99,11.32,-0.5500000000000007,,-8.7,,40.0,40,40,40
15,"Furmark, 2009",92,SPSQ,did,individual,per_arm_count,0,1,0,0,40,30.28,29.73,10.33,11.83,40,32.18,22.1,7.16,8.47,-0.5500000000000007,,-10.08,,40.0,40,40,40
16,"Gallego, 2011",93,FNE,did,individual,per_arm_count,0,1,0,0,11,41.0,38.09,9.72,9.32,12,39.41,34.75,9.69,7.44,-2.909999999999997,,-4.659999999999997,,11.0,11,12,12
16,"Gallego, 2011",94,PRCS,did,individual,per_arm_count,0,1,0,0,11,132.09,127.36,23.57,18.81,13,133.92,106.38,20.37,20.99,-4.730000000000004,,-27.53999999999999,,11.0,11,13,13
16,"Gallego, 2011",95,PSSEQ,did,individual,per_arm_count,0,1,0,0,8,31.75,37.5,8.78,9.18,12,33.67,43.0,8.13,8.94,5.75,,9.329999999999998,,8.0,8,12,12
16,"Gallego, 2011",96,SADS,did,individual,per_arm_count,0,1,0,0,10,8.2,11.4,5.94,3.2,10,9.8,12.3,5.14,2.26,3.200000000000001,,2.5,,10.0,10,10,10
17,"Goldin, 2012",97,LSAS,did,individual,per_arm_count,0,1,0,0,37,77.6,69.4,17.0,19.2,38,88.3,58.7,18.7,26.7,-8.199999999999989,,-29.59999999999999,,37.0,37,38,38
18,"Goldin, 2016",98,LSAS,did,individual,per_arm_count,1,0,0,0,36,88.3,76.2,16.1,22.8,36,91.9,54.8,19.9,18.6,-12.09999999999999,,-37.10000000000001,,36.0,36,36,36
18,"Goldin, 2016",99,LSAS,did,individual,per_arm_count,0,1,0,0,36,88.3,76.2,16.1,22.8,36,91.8,49.0,17.9,16.3,-12.09999999999999,,-42.8,,36.0,36,36,36
19,"Gruber, 2001",100,FNE,did,individual,per_arm_count,0,1,0,0,17,53.8,51.8,4.6,8.0,15,48.8,45.4,9.0,8.4,-2.0,,-3.399999999999999,,18.0,17,18,15
19,"Gruber, 2001",101,FNE,did,individual,per_arm_count,0,1,0,0,17,53.8,51.8,4.6,8.0,14,52.7,40.7,8.0,11.8,-2.0,,-12.0,,18.0,17,18,14
19,"Gruber, 2001",102,SPAI,did,individual,per_arm_count,0,1,0,0,17,109.1,111.3,27.0,25.8,15,102.8,96.2,19.6,18.8,2.200000000000003,,-6.599999999999994,,18.0,17,18,15
19,"Gruber, 2001",103,SPAI,did,individual,per_arm_count,0,1,0,0,17,109.1,111.3,27.0,25.8,14,96.9,75.6,25.7,29.9,2.200000000000003,,-21.30000000000001,,18.0,17,18,14
19,"Gruber, 2001",104,SPS,did,individual,per_arm_count,0,1,0,0,17,32.9,31.5,13.5,12.7,15,28.0,22.1,15.8,14.7,-1.399999999999999,,-5.899999999999999,,18.0,17,18,15
19,"Gruber, 2001",105,SPS,did,individual,per_arm_count,0,1,0,0,17,32.9,31.5,13.5,12.7,14,29.0,17.7,13.6,11.8,-1.399999999999999,,-11.3,,18.0,17,18,14
20,"He, 2021",106,LSAS,did,individual,per_arm_count,1,0,0,0,42,78.928571428571,81.428571428571,14.547471253129,14.008956816271,43,82.232558139535,54.627906976744,13.014345947568,15.255012066006,2.5,,-27.604651162791,,42.0,42,43,43
21,"Heimberg, 1998",107,Other,did,individual,per_arm_count,0,1,0,0,27,5.45,4.32,1.23,0.94,28,5.56,3.4,1.05,0.88,-1.13,,-2.16,,27.0,27,28,28
21,"Heimberg, 1998",108,FNE,did,individual,per_arm_count,0,1,0,0,27,23.0,23.91,7.19,4.75,28,22.3,21.41,7.63,4.32,0.9100000000000001,,-0.8900000000000006,,27.0,27,28,28
21,"Heimberg, 1998",109,FQ,did,individual,per_arm_count,0,1,0,0,27,21.37,16.32,7.61,4.07,28,19.0,14.65,7.2,3.99,-5.050000000000001,,-4.35,,27.0,27,28,28
21,"Heimberg, 1998",110,FQ,did,individual,per_arm_count,0,1,0,0,27,5.07,4.42,1.94,0.42,28,4.76,3.37,1.86,0.35,-0.6500000000000004,,-1.39,,27.0,27,28,28
21,"Heimberg, 1998",111,LSAS,did,individual,per_arm_count,0,1,0,0,27,15.3,11.3,7.61,4.34,28,13.75,10.92,5.96,4.33,-4.0,,-2.83,,27.0,27,28,28
21,"Heimberg, 1998",112,LSAS,did,individual,per_arm_count,0,1,0,0,27,18.15,14.53,7.06,4.21,28,17.03,13.41,5.55,3.78,-3.619999999999999,,-3.620000000000001,,27.0,27,28,28
21,"Heimberg, 1998",113,LSAS,did,individual,per_arm_count,0,1,0,0,27,15.12,11.72,8.2,5.11,28,13.14,9.93,7.68,4.83,-3.399999999999999,,-3.210000000000001,,27.0,27,28,28
21,"Heimberg, 1998",114,LSAS,did,individual,per_arm_count,0,1,0,0,27,16.52,13.27,7.55,5.5,28,15.08,11.98,7.01,4.85,-3.25,,-3.1,,27.0,27,28,28
21,"Heimberg, 1998",115,SADS,did,individual,per_arm_count,0,1,0,0,27,17.77,17.31,8.02,4.65,28,16.79,15.28,8.81,5.24,-0.4600000000000009,,-1.51,,27.0,27,28,28
21,"Heimberg, 1998",116,SCL-90,did,individual,per_arm_count,0,1,0,0,27,5.8,1.04,7.07,0.7,28,5.19,1.1,6.24,0.44,-4.76,,-4.09,,27.0,27,28,28
21,"Heimberg, 1998",117,SCL-90,did,individual,per_arm_count,0,1,0,0,27,2.58,0.59,4.43,0.63,28,1.82,0.59,2.32,0.46,-1.99,,-1.23,,27.0,27,28,28
21,"Heimberg, 1998",118,Other,did,individual,per_arm_count,0,1,0,0,27,4.97,4.05,0.92,0.76,28,4.75,3.78,0.91,0.66,-0.9199999999999999,,-0.9700000000000002,,27.0,27,28,28
21,"Heimberg, 1998",119,SIAS,did,individual,per_arm_count,0,1,0,0,27,45.87,40.49,17.8,13.39,28,41.76,39.35,18.4,13.18,-5.379999999999995,,-2.409999999999997,,27.0,27,28,28
21,"Heimberg, 1998",120,SPS,did,individual,per_arm_count,0,1,0,0,27,30.23,24.33,18.02,7.55,28,27.29,25.84,17.01,10.0,-5.900000000000002,,-1.449999999999999,,27.0,27,28,28
22,"Himle, 2014",121,BAI,did,individual,per_arm_count,0,1,0,0,29,22.9,24.72,14.73,17.1,29,17.69,11.34,12.83,9.54,1.82,,-6.350000000000001,,29.0,29,29,29
22,"Himle, 2014",122,FNE,did,individual,per_arm_count,0,1,0,0,29,45.0,43.07,13.19,14.48,29,46.59,39.01,12.83,13.57,-1.93,,-7.580000000000005,,29.0,29,29,29
22,"Himle, 2014",123,LSAS,did,individual,per_arm_count,0,1,0,0,29,87.59,90.62,26.33,36.67,29,84.31,66.72,31.51,29.02,3.030000000000001,,-17.59,,29.0,29,29,29
22,"Himle, 2014",124,SPIN,did,individual,per_arm_count,0,1,0,0,29,7.52,9.66,2.87,2.58,29,6.72,7.79,2.2,2.81,2.140000000000001,,1.07,,29.0,29,29,29
22,"Himle, 2014",125,Other,did,individual,per_arm_count,0,1,0,0,29,2.1,2.17,0.62,0.66,29,2.07,1.31,0.65,0.81,0.06999999999999984,,-0.7599999999999998,,29.0,29,29,29
22,"Himle, 2014",126,WRSA,did,individual,per_arm_count,0,1,0,0,29,19.72,19.76,6.53,7.83,29,18.72,13.21,7.42,7.1,0.0400000000000027,,-5.509999999999998,,29.0,29,29,29
23,"Hope, 1995",127,FAH,did,individual,per_arm_count,0,1,0,0,10,55.0,51.2,19.9,18.1,13,58.6,35.5,13.0,12.7,-3.799999999999997,,-23.1,,10.0,10,13,13
23,"Hope, 1995",128,FAH,did,individual,per_arm_count,0,0,1,0,10,55.0,51.2,19.9,18.1,10,58.6,33.1,11.7,14.1,-3.799999999999997,,-25.5,,10.0,10,10,10
23,"Hope, 1995",129,FAH,did,individual,per_arm_count,0,1,0,0,10,63.7,60.9,12.1,13.2,13,63.8,44.9,8.3,12.4,-2.800000000000004,,-18.9,,10.0,10,13,13
23,"Hope, 1995",130,FAH,did,individual,per_arm_count,0,0,1,0,10,63.7,60.9,12.1,13.2,10,60.5,33.4,13.3,13.4,-2.800000000000004,,-27.1,,10.0,10,10,10
23,"Hope, 1995",131,FNE,did,individual,per_arm_count,0,1,0,0,10,26.3,27.3,2.6,2.9,13,21.5,18.7,6.2,7.4,1.0,,-2.800000000000001,,10.0,10,13,13
23,"Hope, 1995",132,FNE,did,individual,per_arm_count,0,0,1,0,10,26.3,27.3,2.6,2.9,10,24.6,17.8,6.8,6.1,1.0,,-6.800000000000001,,10.0,10,10,10
23,"Hope, 1995",133,FQ,did,individual,per_arm_count,0,1,0,0,10,21.5,22.9,6.3,7.1,13,18.8,13.5,6.2,6.3,1.399999999999999,,-5.300000000000001,,10.0,10,13,13
23,"Hope, 1995",134,FQ,did,individual,per_arm_count,0,0,1,0,10,21.5,22.9,6.3,7.1,10,22.6,15.6,4.4,6.4,1.399999999999999,,-7.000000000000002,,10.0,10,10,10
23,"Hope, 1995",135,SADS,did,individual,per_arm_count,0,1,0,0,10,23.1,23.8,4.7,3.1,13,19.4,18.5,7.4,12.0,0.6999999999999993,,-0.8999999999999986,,10.0,10,13,13
23,"Hope, 1995",136,SADS,did,individual,per_arm_count,0,0,1,0,10,23.1,23.8,4.7,3.1,10,21.7,15.7,5.6,8.2,0.6999999999999993,,-6.0,,10.0,10,10,10
24,"Iavaonia, 2016",137,LSAS,did,individual,per_arm_count,1,0,0,0,39,69.62,68.98,21.92,22.73,37,68.27,51.04,21.9,22.45,-0.6400000000000006,,-17.23,,39.0,39,37,37
24,"Iavaonia, 2016",138,LSAS,did,individual,per_arm_count,1,0,0,0,39,69.62,68.98,21.92,22.73,37,70.19,54.87,21.9,23.24,-0.6400000000000006,,-15.32,,39.0,39,37,37
25,"Johansson, 2017",139,LSAS,did,individual,per_arm_count,0,0,0,1,36,63.25,55.2,16.88,24.0,36,69.5,43.29,21.0,23.69,-8.049999999999997,,-26.21,,36.0,36,36,36
26,"Kählke, 2019",140,LSAS,did,individual,per_arm_count,0,1,0,0,100,76.96,72.51,19.57,22.17,100,77.61,58.82,16.87,20.45,-4.449999999999989,,-18.79,,100.0,100,100,100
26,"Kählke, 2019",141,SIAS,did,individual,per_arm_count,0,1,0,0,100,48.71,44.36,12.92,14.05,100,51.47,36.72,11.23,13.86,-4.350000000000001,,-14.75,,100.0,100,100,100
26,"Kählke, 2019",142,SPS,did,individual,per_arm_count,0,1,0,0,100,35.71,30.63,13.54,13.72,100,34.36,21.03,11.79,11.54,-5.080000000000002,,-13.33,,100.0,100,100,100
27,"Kampmann, 2016",143,DASS,did,individual,per_arm_count,0,0,1,0,18,6.3,5.33,5.09,4.09,18,7.0,3.61,5.24,3.47,-0.9699999999999998,,-3.39,,20.0,18,20,18
27,"Kampmann, 2016",144,DASS,did,individual,per_arm_count,0,0,1,0,18,6.3,5.33,5.09,4.09,19,9.7,7.21,4.32,4.26,-0.9699999999999998,,-2.489999999999999,,20.0,18,20,19
27,"Kampmann, 2016",145,FNE,did,individual,per_arm_count,0,0,1,0,18,37.4,36.44,9.42,8.77,18,38.5,24.72,6.24,12.1,-0.9600000000000009,,-13.78,,20.0,18,20,18
27,"Kampmann, 2016",146,FNE,did,individual,per_arm_count,0,0,1,0,18,37.4,36.44,9.42,8.77,19,41.05,36.05,7.48,8.37,-0.9600000000000009,,-5.0,,20.0,18,20,19
27,"Kampmann, 2016",147,LSAS,did,individual,per_arm_count,0,0,1,0,18,64.35,58.0,21.87,16.01,18,69.15,39.22,19.44,25.01,-6.349999999999994,,-29.93000000000001,,20.0,18,20,18
27,"Kampmann, 2016",148,LSAS,did,individual,per_arm_count,0,0,1,0,18,64.35,58.0,21.87,16.01,19,73.0,55.74,17.25,18.65,-6.349999999999994,,-17.26,,20.0,18,20,19
28,"Khoramnia, 2020",149,SPIN,did,individual,per_arm_count,1,0,0,0,11,59.95,61.45,15.62,10.89,11,63.27,46.6,9.28,59.45,1.5,,-16.67,,12.0,11,12,11
29,"Kim, 2022",150,FNE,did,individual,per_arm_count,0,0,1,0,24,45.107,43.1,7.83,7.39,28,45.63,38.62,5.76,8.46,-2.006999999999998,,-7.010000000000005,,24.0,24,28,28
29,"Kim, 2022",151,HADS,did,individual,per_arm_count,0,0,1,0,24,8.82,8.25,2.89,3.01,28,10.21,8.29,4.22,3.95,-0.5700000000000003,,-1.920000000000002,,24.0,24,28,28
29,"Kim, 2022",152,LSAS,did,individual,per_arm_count,0,0,1,0,24,68.11,68.85,18.94,20.25,28,73.5,53.0,22.4,23.61,0.7399999999999949,,-20.5,,24.0,24,28,28
29,"Kim, 2022",153,SIAS,did,individual,per_arm_count,0,0,1,0,24,43.0,40.75,13.28,13.21,28,47.71,35.48,11.06,15.46,-2.25,,-12.23,,24.0,24,28,28
30,"Kocovski, 2013",154,SPIN,did,individual,per_arm_count,1,0,0,0,31,46.71,43.82,8.92,9.9,53,42.43,33.91,12.84,14.79,-2.890000000000001,,-8.520000000000003,,31.0,31,53,53
30,"Kocovski, 2013",155,SPIN,did,individual,per_arm_count,0,1,0,0,31,46.71,43.82,8.92,9.9,53,43.68,33.72,12.16,14.04,-2.890000000000001,,-9.96,,31.0,31,53,53
31,"Koszycki, 2016",156,LSAS,did,individual,per_arm_count,1,0,0,0,16,75.74,74.47,15.6,17.3,17,67.48,42.16,18.6,18.1,-1.269999999999996,,-25.32000000000001,,18.0,16,21,17
31,"Koszycki, 2016",157,SPIN,did,individual,per_arm_count,1,0,0,0,16,44.11,41.0,9.1,9.6,17,40.9,23.22,10.8,7.8,-3.109999999999999,,-17.68,,18.0,16,21,17
32,"Ledley, 2009",158,Other,rct,individual,per_arm_count,0,1,0,0,19,,5.24,,1.18,15,5.61,3.92,0.95,1.12,,,-1.69,,,19,15,15
32,"Ledley, 2009",159,FNE,rct,individual,per_arm_count,0,1,0,0,19,,31.23,,5.8,15,32.47,21.3,6.42,5.69,,,-11.17,,,19,15,15
32,"Ledley, 2009",160,LSAS,rct,individual,per_arm_count,0,1,0,0,19,,62.98,,20.53,15,68.19,46.81,22.95,20.26,,,-21.38,,,19,15,15
32,"Ledley, 2009",161,SIAS,rct,individual,per_arm_count,0,1,0,0,19,,45.89,,7.19,15,43.16,27.63,12.6,6.86,,,-15.53,,,19,15,15
32,"Ledley, 2009",162,SPS,rct,individual,per_arm_count,0,1,0,0,19,,32.71,,9.98,15,32.89,14.64,15.29,9.76,,,-18.25,,,19,15,15
33,"Leichsenring, 2013",163,LSAS,did,individual,per_arm_count,0,1,0,0,79,73.32,68.13,20.93,25.34,209,72.06,42.94,22.39,25.41,-5.189999999999998,,-29.12,,79.0,79,209,209
33,"Leichsenring, 2013",164,LSAS,did,individual,per_arm_count,0,0,0,1,79,73.32,68.13,20.93,25.34,207,73.26,50.71,22.13,27.49,-5.189999999999998,,-22.55,,79.0,79,207,207
33,"Leichsenring, 2013",165,SPAI,did,individual,per_arm_count,0,1,0,0,79,89.91,85.7,18.09,22.17,209,90.19,66.28,19.26,26.86,-4.209999999999994,,-23.91,,79.0,79,209,209
33,"Leichsenring, 2013",166,SPAI,did,individual,per_arm_count,0,0,0,1,79,89.91,85.7,18.09,22.17,207,90.09,76.67,19.88,24.89,-4.209999999999994,,-13.42,,79.0,79,207,207
34,"Mattick, 1989",167,BAT,did,,,0,1,0,0,10,23.3,31.4,13.7,19.1,11,18.8,79.9,8.3,24.9,8.099999999999998,,61.10000000000001,,10.0,10,11,11
34,"Mattick, 1989",168,BAT,did,,,0,0,0,1,10,23.3,31.4,13.7,19.1,11,24.3,44.2,13.5,26.2,8.099999999999998,,19.9,,10.0,10,11,11
34,"Mattick, 1989",169,BAT,did,,,0,0,1,0,10,23.3,31.4,13.7,19.1,11,23.2,72.5,12.3,21.3,8.099999999999998,,49.3,,10.0,10,11,11
34,"Mattick, 1989",170,FNE,did,,,0,1,0,0,10,20.5,21.0,9.8,10.0,11,25.9,18.1,4.9,10.2,0.5,,-7.799999999999997,,10.0,10,11,11
34,"Mattick, 1989",171,FNE,did,,,0,0,0,1,10,20.5,21.0,9.8,10.0,11,24.2,20.6,6.3,8.7,0.5,,-3.599999999999998,,10.0,10,11,11
34,"Mattick, 1989",172,FNE,did,,,0,0,1,0,10,20.5,21.0,9.8,10.0,11,23.2,21.6,5.3,5.8,0.5,,-1.599999999999998,,10.0,10,11,11
34,"Mattick, 1989",173,FQ,did,,,0,1,0,0,10,6.1,6.9,1.1,1.0,11,7.1,3.5,0.9,2.0,0.8000000000000007,,-3.6,,10.0,10,11,11
34,"Mattick, 1989",174,FQ,did,,,0,0,0,1,10,6.1,6.9,1.1,1.0,11,7.2,5.1,1.3,2.1,0.8000000000000007,,-2.100000000000001,,10.0,10,11,11
34,"Mattick, 1989",175,FQ,did,,,0,0,1,0,10,6.1,6.9,1.1,1.0,11,6.4,4.2,1.4,2.4,0.8000000000000007,,-2.2,,10.0,10,11,11
34,"Mattick, 1989",176,FQ,did,,,0,1,0,0,10,6.0,6.0,1.4,1.8,11,6.4,3.1,2.0,1.8,0.0,,-3.3,,10.0,10,11,11
34,"Mattick, 1989",177,FQ,did,,,0,0,0,1,10,6.0,6.0,1.4,1.8,11,7.0,4.2,1.6,1.5,0.0,,-2.8,,10.0,10,11,11
34,"Mattick, 1989",178,FQ,did,,,0,0,1,0,10,6.0,6.0,1.4,1.8,11,4.7,3.4,1.7,1.9,0.0,,-1.3,,10.0,10,11,11
34,"Mattick, 1989",179,FQ,did,,,0,1,0,0,10,16.4,19.3,8.0,8.0,11,22.3,11.9,7.8,6.3,2.900000000000002,,-10.4,,10.0,10,11,11
34,"Mattick, 1989",180,FQ,did,,,0,0,0,1,10,16.4,19.3,8.0,8.0,11,26.9,15.0,8.5,6.0,2.900000000000002,,-11.9,,10.0,10,11,11
34,"Mattick, 1989",181,FQ,did,,,0,0,1,0,10,16.4,19.3,8.0,8.0,11,16.2,12.0,5.5,5.7,2.900000000000002,,-4.199999999999999,,10.0,10,11,11
34,"Mattick, 1989",182,SIAS,did,,,0,1,0,0,10,33.0,29.8,16.9,16.0,11,42.6,28.4,12.3,11.9,-3.199999999999999,,-14.2,,10.0,10,11,11
34,"Mattick, 1989",183,SIAS,did,,,0,0,0,1,10,33.0,29.8,16.9,16.0,11,30.1,22.1,16.3,9.3,-3.199999999999999,,-8.0,,10.0,10,11,11
34,"Mattick, 1989",184,SIAS,did,,,0,0,1,0,10,33.0,29.8,16.9,16.0,11,29.8,25.8,14.8,10.1,-3.199999999999999,,-4.0,,10.0,10,11,11
34,"Mattick, 1989",185,SPS,did,,,0,1,0,0,10,37.0,37.6,16.9,16.5,11,41.9,24.0,6.2,12.4,0.6000000000000014,,-17.9,,10.0,10,11,11
34,"Mattick, 1989",186,SPS,did,,,0,0,0,1,10,37.0,37.6,16.9,16.5,11,42.7,26.6,19.1,10.7,0.6000000000000014,,-16.1,,10.0,10,11,11
34,"Mattick, 1989",187,SPS,did,,,0,0,1,0,10,37.0,37.6,16.9,16.5,11,31.4,26.1,9.5,7.7,0.6000000000000014,,-5.299999999999997,,10.0,10,11,11
35,"Mersch, 1995",188,FNE,did,individual,per_arm_count,0,0,0,1,10,42.93,42.14,9.97,9.06,20,47.64,39.17,9.22,8.4,-0.7899999999999991,,-8.469999999999999,,10.0,10,24,20
35,"Mersch, 1995",189,FQ,did,individual,per_arm_count,0,0,0,1,10,23.07,22.27,5.74,4.89,20,21.94,17.28,6.48,5.33,-0.8000000000000007,,-4.66,,10.0,10,24,20
35,"Mersch, 1995",190,SASSI,did,individual,per_arm_count,0,0,0,1,10,49.12,45.73,16.09,20.58,20,49.57,33.96,14.65,11.19,-3.390000000000001,,-15.61,,10.0,10,24,20
37,"Mörtberg, 2007",191,FNE,did,individual,per_arm_count,0,1,0,0,33,22.7,21.9,8.0,8.7,35,22.5,21.5,6.5,7.2,-0.8000000000000007,,-1.0,,33.0,33,35,35
37,"Mörtberg, 2007",192,FNE,did,individual,per_arm_count,0,1,0,0,33,22.7,21.9,8.0,8.7,32,22.3,18.5,4.8,7.4,-0.8000000000000007,,-3.800000000000001,,33.0,33,32,32
37,"Mörtberg, 2007",193,FQ,did,individual,per_arm_count,0,1,0,0,33,21.5,18.7,7.3,8.4,35,20.7,15.5,6.7,7.1,-2.800000000000001,,-5.199999999999999,,33.0,33,35,35
37,"Mörtberg, 2007",194,FQ,did,individual,per_arm_count,0,1,0,0,33,21.5,18.7,7.3,8.4,32,22.3,14.6,8.6,7.6,-2.800000000000001,,-7.700000000000001,,33.0,33,32,32
37,"Mörtberg, 2007",195,LSAS,did,individual,per_arm_count,0,1,0,0,33,71.8,65.5,23.5,25.7,35,68.1,52.5,20.9,19.4,-6.299999999999997,,-15.59999999999999,,33.0,33,35,35
37,"Mörtberg, 2007",196,LSAS,did,individual,per_arm_count,0,1,0,0,33,71.8,65.5,23.5,25.7,32,81.8,51.3,21.1,27.9,-6.299999999999997,,-30.5,,33.0,33,32,32
37,"Mörtberg, 2007",197,SIAS,did,individual,per_arm_count,0,1,0,0,33,46.5,40.8,14.4,17.6,35,44.5,36.7,16.1,14.7,-5.700000000000003,,-7.799999999999997,,33.0,33,35,35
37,"Mörtberg, 2007",198,SIAS,did,individual,per_arm_count,0,1,0,0,33,46.5,40.8,14.4,17.6,32,51.6,37.8,15.5,17.7,-5.700000000000003,,-13.8,,33.0,33,32,32
37,"Mörtberg, 2007",199,SPS,did,individual,per_arm_count,0,1,0,0,33,35.8,28.1,16.1,17.9,35,36.5,27.7,13.8,11.5,-7.699999999999996,,-8.8,,33.0,33,35,35
37,"Mörtberg, 2007",200,SPS,did,individual,per_arm_count,0,1,0,0,33,35.8,28.1,16.1,17.9,32,37.9,21.5,12.5,13.8,-7.699999999999996,,-16.4,,33.0,33,32,32
37,"Mörtberg, 2007",201,SPWSS,did,individual,per_arm_count,0,1,0,0,33,4.6,3.7,2.1,2.2,35,4.9,4.0,1.4,1.9,-0.8999999999999995,,-0.9000000000000004,,33.0,33,35,35
37,"Mörtberg, 2007",202,SPWSS,did,individual,per_arm_count,0,1,0,0,33,4.6,3.7,2.1,2.2,32,5.4,2.7,1.7,2.3,-0.8999999999999995,,-2.7,,33.0,33,32,32
38,"Mulkens, 2001",203,BRC,did,individual,per_arm_count,0,0,0,1,14,2.24,2.22,0.41,0.4,12,1.96,1.56,0.42,0.55,-0.02000000000000002,,-0.3999999999999999,,14.0,14,12,12
38,"Mulkens, 2001",204,BTS-Q,did,individual,per_arm_count,0,0,0,1,14,63.11,56.44,19.18,20.18,12,60.74,42.64,12.78,20.28,-6.670000000000002,,-18.1,,14.0,14,12,12
39,"Newman, 1994",205,PRCS,did,individual,per_arm_count,0,0,1,0,16,22.13,20.44,4.57,7.93,16,21.75,12.5,4.36,7.84,-1.689999999999998,,-9.25,,16.0,16,16,16
39,"Newman, 1994",206,SADS,did,individual,per_arm_count,0,0,1,0,13,12.6,13.0,9.3,9.1,14,11.4,10.1,8.6,8.5,0.4000000000000004,,-1.300000000000001,,13.0,13,14,14
39,"Newman, 1994",207,SPAI,did,individual,per_arm_count,0,0,1,0,12,74.52,77.56,28.32,31.45,15,69.51,55.94,25.81,27.44,3.040000000000006,,-13.57000000000001,,12.0,12,15,15
39,"Newman, 1994",208,STAI,did,individual,per_arm_count,0,0,1,0,14,45.8,42.0,13.5,12.7,16,42.9,36.2,12.4,9.5,-3.799999999999997,,-6.699999999999996,,14.0,14,16,16
39,"Newman, 1994",209,STAI,did,individual,per_arm_count,0,0,1,0,13,41.4,42.8,8.8,9.6,14,39.1,36.2,9.5,7.9,1.399999999999999,,-2.899999999999999,,13.0,13,14,14
40,"Nilsson, 2012",210,FNE,did,individual,per_arm_count,0,0,0,1,7,22.14,22.71,5.01,4.79,7,22.71,13.43,6.02,10.05,0.5700000000000003,,-9.280000000000001,,7.0,7,7,7
40,"Nilsson, 2012",211,SIAS,did,individual,per_arm_count,0,0,0,1,7,36.86,37.14,12.03,11.51,7,36.71,27.14,21.96,19.23,0.2800000000000011,,-9.57,,7.0,7,7,7
41,"Olivares-Olivares, 2016",212,PRCS,did,individual,per_arm_count,0,1,0,0,30,7.53,8.07,1.7,1.48,30,7.07,1.7,2.3,1.51,0.54,,-5.37,,30.0,30,30,30
41,"Olivares-Olivares, 2016",213,PRCS,did,individual,per_arm_count,0,0,0,1,30,7.53,8.07,1.7,1.48,31,8.71,2.0,1.9,1.79,0.54,,-6.710000000000001,,30.0,30,31,31
42,"Oosterbaan, 2001",214,ADS,did,individual,per_arm_count,0,1,0,0,19,29.8,18.4,6.3,7.9,24,29.1,15.9,4.5,6.6,-11.4,,-13.2,,19.0,19,24,24
42,"Oosterbaan, 2001",215,ADS,did,individual,per_arm_count,0,1,0,0,19,29.0,19.2,6.5,8.6,24,28.9,15.1,6.6,8.9,-9.8,,-13.8,,19.0,19,24,24
42,"Oosterbaan, 2001",216,FQ,did,individual,per_arm_count,0,1,0,0,19,21.3,18.4,8.5,7.6,24,24.0,16.0,6.2,8.6,-2.900000000000002,,-8.0,,19.0,19,24,24
42,"Oosterbaan, 2001",217,IIS,did,individual,per_arm_count,0,1,0,0,19,96.6,87.5,25.8,23.6,24,95.7,77.5,18.4,22.7,-9.099999999999994,,-18.2,,19.0,19,24,24
42,"Oosterbaan, 2001",218,IIS,did,individual,per_arm_count,0,1,0,0,19,94.2,99.6,17.7,18.1,24,94.3,105.2,11.6,17.7,5.399999999999991,,10.90000000000001,,19.0,19,24,24
42,"Oosterbaan, 2001",219,LSAS,did,individual,per_arm_count,0,1,0,0,19,37.7,29.6,11.6,11.9,24,36.8,27.3,8.0,12.6,-8.100000000000001,,-9.499999999999996,,19.0,19,24,24
42,"Oosterbaan, 2001",220,LSAS,did,individual,per_arm_count,0,1,0,0,19,31.1,24.8,12.1,13.4,24,30.3,19.9,8.6,13.6,-6.300000000000001,,-10.4,,19.0,19,24,24
43,"Pishyar, 2008",221,FNE,did,individual,per_arm_count,0,1,0,0,16,25.9,26.7,3.01,2.9,16,25.4,7.6,4.5,2.3,0.8000000000000007,,-17.8,,16.0,16,16,16
43,"Pishyar, 2008",222,SIAS,did,individual,per_arm_count,0,1,0,0,16,52.1,53.0,10.6,8.6,16,43.1,22.9,15.7,8.9,0.8999999999999986,,-20.2,,16.0,16,16,16
43,"Pishyar, 2008",223,SPS,did,individual,per_arm_count,0,1,0,0,16,51.3,53.4,7.3,12.9,16,46.4,22.3,16.8,9.9,2.100000000000001,,-24.1,,16.0,16,16,16
44,"Price, 2011",224,FNE,did,individual,per_arm_count,0,1,0,0,25,42.88,42.36,9.68,10.16,25,43.97,35.13,7.64,6.66,-0.5200000000000031,,-8.839999999999996,,25.0,25,25,25
44,"Price, 2011",225,FNE,did,individual,per_arm_count,0,1,0,0,25,42.88,42.36,9.68,10.16,25,41.72,37.78,10.65,9.31,-0.5200000000000031,,-3.939999999999998,,25.0,25,25,25
45,"Rahmani, 2020",226,LSAS,did,individual,per_arm_count,0,0,0,1,13,34.69,33.54,9.42,7.85,14,35.36,21.79,10.82,10.1,-1.149999999999999,,-13.57,,13.0,13,14,14
45,"Rahmani, 2020",227,LSAS,did,individual,per_arm_count,0,0,0,1,13,34.69,33.54,9.42,7.85,14,34.71,18.64,11.86,9.86,-1.149999999999999,,-16.07,,13.0,13,14,14
45,"Rahmani, 2020",228,LSAS,did,individual,per_arm_count,0,0,0,1,13,38.85,38.92,9.37,10.63,14,43.07,26.0,9.51,11.01,0.07000000000000028,,-17.07,,13.0,13,14,14
45,"Rahmani, 2020",229,LSAS,did,individual,per_arm_count,0,0,0,1,13,38.85,38.92,9.37,10.63,14,42.36,23.43,9.04,10.23,0.07000000000000028,,-18.93,,13.0,13,14,14
46,"Rapee, 2007",230,FNE,did,individual,per_arm_count,0,1,0,0,52,49.823,48.843,7.543,7.528,56,50.125,45.755,8.594,9.589,-0.9799999999999969,,-4.369999999999997,,52.0,52,56,56
46,"Rapee, 2007",231,FNE,did,individual,per_arm_count,0,1,0,0,52,49.823,48.843,7.543,7.528,59,51.254,45.0,6.997,8.795,-0.9799999999999969,,-6.253999999999998,,52.0,52,59,59
46,"Rapee, 2007",232,FNE,did,individual,per_arm_count,0,1,0,0,52,49.823,48.843,7.543,7.528,57,51.125,44.625,6.735,9.316,-0.9799999999999969,,-6.5,,52.0,52,57,57
46,"Rapee, 2007",233,SIAS,did,individual,per_arm_count,0,1,0,0,52,54.686,54.417,13.679,13.508,59,54.237,44.333,12.343,15.047,-0.2689999999999984,,-9.904000000000003,,52.0,52,59,59
46,"Rapee, 2007",234,SIAS,did,individual,per_arm_count,0,1,0,0,52,54.686,54.417,13.679,13.508,57,55.789,43.236,13.227,16.65,-0.2689999999999984,,-12.553,,52.0,52,57,57
46,"Rapee, 2007",235,SIAS,did,individual,per_arm_count,0,1,0,0,52,54.686,54.417,13.679,13.508,56,51.125,46.057,13.339,17.421,-0.2689999999999984,,-5.067999999999998,,52.0,52,56,56
46,"Rapee, 2007",236,SPS,did,individual,per_arm_count,0,1,0,0,52,37.529,35.337,15.142,15.83,59,38.475,28.63,14.536,15.01,-2.192,,-9.845000000000002,,52.0,52,59,59
46,"Rapee, 2007",237,SPS,did,individual,per_arm_count,0,1,0,0,52,37.529,35.337,15.142,15.83,57,34.456,24.429,16.25,16.867,-2.192,,-10.027,,52.0,52,57,57
46,"Rapee, 2007",238,SPS,did,individual,per_arm_count,0,1,0,0,52,37.529,35.337,15.142,15.83,56,36.429,30.962,17.173,17.679,-2.192,,-5.467000000000002,,52.0,52,56,56
47,"Reimer, 2015",239,LSAS,did,individual,per_arm_count,0,0,0,1,12,72.25,67.83,20.33,28.38,13,76.62,50.38,19.15,17.6,-4.420000000000002,,-26.24,,12.0,12,13,13
47,"Reimer, 2015",240,SPIN,did,individual,per_arm_count,0,0,0,1,12,37.5,40.0,8.01,11.39,13,41.77,31.23,9.66,9.85,2.5,,-10.54,,12.0,12,13,13
48,"Robillard, 2010",241,FNE,did,individual,per_arm_count,0,1,0,0,15,24.27,24.73,4.51,4.51,16,23.69,18.5,6.23,7.66,0.4600000000000009,,-5.190000000000001,,15.0,15,16,16
48,"Robillard, 2010",242,FNE,did,individual,per_arm_count,0,1,0,0,15,24.27,24.73,4.51,4.51,14,25.64,18.0,6.13,8.21,0.4600000000000009,,-7.640000000000001,,15.0,15,14,14
48,"Robillard, 2010",243,LSAS,did,individual,per_arm_count,0,1,0,0,15,79.6,77.93,25.9,22.23,16,72.44,50.38,23.91,23.87,-1.669999999999987,,-22.06,,15.0,15,16,16
48,"Robillard, 2010",244,LSAS,did,individual,per_arm_count,0,1,0,0,15,79.6,77.93,25.9,22.23,14,82.93,47.5,32.23,17.83,-1.669999999999987,,-35.43000000000001,,15.0,15,14,14
48,"Robillard, 2010",245,SPS,did,individual,per_arm_count,0,1,0,0,15,33.53,37.47,13.4,15.28,16,30.25,20.19,14.84,10.51,3.939999999999998,,-10.06,,15.0,15,16,16
48,"Robillard, 2010",246,SPS,did,individual,per_arm_count,0,1,0,0,15,33.53,37.47,13.4,15.28,14,38.29,18.07,16.65,10.87,3.939999999999998,,-20.22,,15.0,15,14,14
48,"Robillard, 2010",247,STAI,did,individual,per_arm_count,0,1,0,0,15,49.33,50.07,9.19,9.96,16,49.4,43.33,10.78,10.71,0.740000000000002,,-6.07,,15.0,15,16,16
48,"Robillard, 2010",248,STAI,did,individual,per_arm_count,0,1,0,0,15,49.33,50.07,9.19,9.96,14,53.71,42.43,9.55,11.22,0.740000000000002,,-11.28,,15.0,15,14,14
49,"Salaberria, 1998",249,FNE,did,individual,per_arm_count,0,1,0,0,20,25.5,24.4,3.39,5.36,17,25.4,16.8,3.31,7.49,-1.100000000000001,,-8.599999999999998,,20.0,20,17,17
49,"Salaberria, 1998",250,FNE,did,individual,per_arm_count,0,0,1,0,20,25.5,24.4,3.39,5.36,17,25.7,16.2,4.06,9.1,-1.100000000000001,,-9.5,,20.0,20,17,17
49,"Salaberria, 1998",251,SADS,did,individual,per_arm_count,0,1,0,0,20,23.9,23.0,3.71,4.0,17,23.2,13.5,2.92,7.37,-0.8999999999999986,,-9.7,,20.0,20,17,17
49,"Salaberria, 1998",252,SADS,did,individual,per_arm_count,0,0,1,0,20,23.9,23.0,3.71,4.0,17,24.7,12.8,3.38,7.66,-0.8999999999999986,,-11.9,,20.0,20,17,17
49,"Salaberria, 1998",253,STAI,did,individual,per_arm_count,0,1,0,0,20,35.5,34.0,11.1,13.9,17,34.0,26.2,9.2,11.9,-1.5,,-7.800000000000001,,20.0,20,17,17
49,"Salaberria, 1998",254,STAI,did,individual,per_arm_count,0,0,1,0,20,35.5,34.0,11.1,13.9,17,32.2,20.3,13.8,14.8,-1.5,,-11.9,,20.0,20,17,17
50,"Schulz, 2016",255,SIAS,did,individual,per_arm_count,0,1,0,0,29,50.97,47.44,13.58,15.24002,60,50.93,36.66,14.0,15.80177,-3.530000000000001,,-14.27,,29.0,29,60,60
50,"Schulz, 2016",256,SIAS,did,individual,per_arm_count,0,1,0,0,29,50.97,47.44,13.58,15.24002,60,50.48,34.82,14.48,15.64685,-3.530000000000001,,-15.66,,29.0,29,60,60
50,"Schulz, 2016",257,SPS,did,individual,per_arm_count,0,1,0,0,29,37.35,35.63,12.45,13.40906,60,38.9,24.88,14.04,13.94274,-1.719999999999999,,-14.02,,29.0,29,60,60
50,"Schulz, 2016",258,SPS,did,individual,per_arm_count,0,1,0,0,29,37.35,35.63,12.45,13.40906,60,39.32,21.69,11.64,13.78782,-1.719999999999999,,-17.63,,29.0,29,60,60
51,"Schweden, 2016",259,LSAS,did,individual,per_arm_count,0,1,0,0,20,59.9,63.35,18.65,20.69,20,71.7,42.8,18.63,15.2,3.450000000000003,,-28.90000000000001,,20.0,20,20,20
52,"Schwob, 2023",260,SIAS,did,individual,per_arm_count,0,0,1,0,43,50.61,47.5,13.59,13.27,39,51.77,31.04,12.22,10.03,-3.109999999999999,,-20.73,,43.0,43,39,39
52,"Schwob, 2023",261,SPDQ,did,individual,per_arm_count,0,0,1,0,43,19.03,18.41,3.21,3.66,39,19.03,11.55,3.21,3.4,-0.620000000000001,,-7.48,,43.0,43,39,39
53,"Soltani, 2023",262,SPAI,did,individual,per_arm_count,1,0,0,0,12,95.73,108.0,19.47,32.24,12,118.82,29.61,30.85,23.32,12.27,,-89.21,,15.0,12,15,12
53,"Soltani, 2023",263,FNE,did,individual,per_arm_count,1,0,0,0,12,34.08,33.5,6.12,6.47,12,34.91,16.83,8.06,6.96,-0.5799999999999983,,-18.08,,15.0,12,15,12
54,"Stangier, 2003",264,BAI,did,individual,per_arm_count,0,1,0,0,21,18.1,16.8,10.2,9.7,22,19.2,14.3,11.1,8.1,-1.300000000000001,,-4.899999999999999,,21.0,21,22,22
54,"Stangier, 2003",265,BAI,did,individual,per_arm_count,0,1,0,0,21,18.1,16.8,10.2,9.7,22,16.9,11.6,10.8,6.4,-1.300000000000001,,-5.299999999999999,,21.0,21,22,22
54,"Stangier, 2003",266,SIAS,did,individual,per_arm_count,0,1,0,0,21,37.2,36.0,9.8,7.9,22,45.8,38.4,14.0,12.4,-1.200000000000003,,-7.399999999999999,,21.0,21,22,22
54,"Stangier, 2003",267,SIAS,did,individual,per_arm_count,0,1,0,0,21,37.2,36.0,9.8,7.9,22,44.9,36.1,10.8,14.8,-1.200000000000003,,-8.799999999999997,,21.0,21,22,22
54,"Stangier, 2003",268,SPAI,did,individual,per_arm_count,0,1,0,0,21,64.4,68.0,14.8,16.3,22,77.6,67.5,16.9,16.8,3.599999999999994,,-10.09999999999999,,21.0,21,22,22
54,"Stangier, 2003",269,SPAI,did,individual,per_arm_count,0,1,0,0,21,64.4,68.0,14.8,16.3,22,80.9,59.7,12.0,20.3,3.599999999999994,,-21.2,,21.0,21,22,22
54,"Stangier, 2003",270,SPS,did,individual,per_arm_count,0,1,0,0,21,28.3,26.4,11.0,9.0,22,33.6,25.5,15.3,15.3,-1.900000000000002,,-8.100000000000001,,21.0,21,22,22
54,"Stangier, 2003",271,SPS,did,individual,per_arm_count,0,1,0,0,21,28.3,26.4,11.0,9.0,22,30.7,21.5,10.2,12.6,-1.900000000000002,,-9.2,,21.0,21,22,22
55,"Stangier, 2011",272,LSAS,did,individual,per_arm_count,0,1,0,0,41,62.75,59.9,26.76,29.05,38,69.17,39.49,23.36,21.09,-2.850000000000001,,-29.68,,41.0,41,38,38
55,"Stangier, 2011",273,LSAS,did,individual,per_arm_count,0,0,0,1,41,62.75,59.9,26.76,29.05,38,68.35,48.16,22.6,22.36,-2.850000000000001,,-20.19,,41.0,41,38,38
55,"Stangier, 2011",274,SPAI,did,individual,per_arm_count,0,1,0,0,41,73.14,69.19,23.52,28.26,38,76.14,51.2,16.98,20.61,-3.950000000000003,,-24.94,,41.0,41,38,38
55,"Stangier, 2011",275,SPAI,did,individual,per_arm_count,0,0,0,1,41,73.14,69.19,23.52,28.26,38,77.94,59.75,15.44,18.38,-3.950000000000003,,-18.19,,41.0,41,38,38
56,"Stolz, 2018",276,LSAS,did,individual,per_arm_count,0,1,0,0,30,82.6,74.0,20.7,24.64752,60,87.3,53.5,19.6,25.56169,-8.599999999999994,,-33.8,,30.0,30,60,60
56,"Stolz, 2018",277,LSAS,did,individual,per_arm_count,0,1,0,0,30,82.6,74.0,20.7,24.64752,60,81.5,54.6,22.1,24.78709,-8.599999999999994,,-26.9,,30.0,30,60,60
56,"Stolz, 2018",278,SIAS,did,individual,per_arm_count,0,1,0,0,30,46.6,41.6,13.9,15.33623,60,52.3,33.0,10.4,16.26653,-5.0,,-19.3,,30.0,30,60,60
56,"Stolz, 2018",279,SIAS,did,individual,per_arm_count,0,1,0,0,30,46.6,41.6,13.9,15.33623,60,51.3,36.0,15.0,15.49193,-5.0,,-15.3,,30.0,30,60,60
56,"Stolz, 2018",280,SPS,did,individual,per_arm_count,0,1,0,0,30,38.9,33.5,12.4,14.24079,60,41.1,22.6,13.8,14.71734,-5.399999999999999,,-18.5,,30.0,30,60,60
56,"Stolz, 2018",281,SPS,did,individual,per_arm_count,0,1,0,0,30,38.9,33.5,12.4,14.24079,60,37.1,21.7,13.2,13.94274,-5.399999999999999,,-15.4,,30.0,30,60,60
57,"Teale Sapach, 2022",282,FNE,did,individual,per_arm_count,1,0,0,0,18,27.76,27.33,5.0,4.45,19,27.36,19.58,5.11,6.79,-0.4300000000000033,,-7.780000000000001,,21.0,18,33,19
57,"Teale Sapach, 2022",283,FNE,did,individual,per_arm_count,0,0,0,1,18,27.76,27.33,5.0,4.45,15,27.15,21.0,5.65,8.11,-0.4300000000000033,,-6.149999999999999,,21.0,18,19,15
57,"Teale Sapach, 2022",284,LSAS,did,individual,per_arm_count,1,0,0,0,18,88.14,87.11,21.27,26.82,19,84.6,69.79,22.96,27.26,-1.030000000000001,,-14.80999999999999,,21.0,18,33,19
57,"Teale Sapach, 2022",285,LSAS,did,individual,per_arm_count,0,0,0,1,18,88.14,87.11,21.27,26.82,15,90.6,75.33,24.22,28.98,-1.030000000000001,,-15.27,,21.0,18,19,15
57,"Teale Sapach, 2022",286,SIPS,did,individual,per_arm_count,1,0,0,0,18,38.14,35.89,8.14,9.42,19,35.27,25.95,8.3,10.07,-2.25,,-9.320000000000004,,21.0,18,33,19
57,"Teale Sapach, 2022",287,SIPS,did,individual,per_arm_count,0,0,0,1,18,38.14,35.89,8.14,9.42,15,38.25,29.07,8.61,11.7,-2.25,,-9.18,,21.0,18,19,15
58,"Thew, 2022",288,FNE,did,individual,per_arm_count,0,1,0,0,22,23.68,24.29,5.06,5.05,22,26.41,20.9,2.63,6.84,0.6099999999999994,,-5.510000000000002,,22.0,22,22,22
58,"Thew, 2022",289,LSAS,did,individual,per_arm_count,0,1,0,0,22,73.0,74.86,18.9,23.81,22,76.05,21.05,19.72,21.03,1.859999999999999,,-55.0,,22.0,22,22,22
58,"Thew, 2022",290,SIAS,did,individual,per_arm_count,0,1,0,0,22,48.91,47.57,10.75,12.56,22,44.5,25.67,12.81,10.71,-1.339999999999996,,-18.83,,22.0,22,22,22
58,"Thew, 2022",291,SPIN,did,individual,per_arm_count,0,1,0,0,22,40.36,38.9,12.84,12.18,22,42.09,15.67,10.54,11.38,-1.460000000000001,,-26.42,,22.0,22,22,22
58,"Thew, 2022",292,SPS,did,individual,per_arm_count,0,1,0,0,22,22.5,23.86,13.53,14.46,22,27.18,9.57,14.32,7.83,1.359999999999999,,-17.61,,22.0,22,22,22
58,"Thew, 2022",293,SPWSS,did,individual,per_arm_count,0,1,0,0,22,27.55,27.43,7.29,7.86,22,27.05,13.0,4.99,6.89,-0.120000000000001,,-14.05,,22.0,22,22,22
59,"Titov, 2008a",294,SIAS,did,individual,per_arm_count,0,1,0,0,49,54.67,50.59,12.41,14.15,50,53.82,39.24,11.29,12.18,-4.079999999999998,,-14.58,,49.0,49,50,50
59,"Titov, 2008a",295,SPS,did,individual,per_arm_count,0,1,0,0,49,36.08,33.92,16.63,14.7,50,34.02,20.64,14.42,10.46,-2.159999999999997,,-13.38,,49.0,49,50,50
60,"Titov, 2008b",296,SIAS,did,individual,per_arm_count,0,1,0,0,40,57.9,56.8,10.19,11.25,41,57.1,39.9,13.81,14.67,-1.100000000000001,,-17.2,,40.0,40,41,41
60,"Titov, 2008b",297,SPS,did,individual,per_arm_count,0,1,0,0,40,36.68,32.78,14.62,14.23,41,34.15,18.12,15.55,12.46,-3.899999999999999,,-16.03,,40.0,40,41,41
61,"Titov, 2008c",298,SIAS,did,individual,per_arm_count,0,1,0,0,34,52.09,53.06,13.6,15.53,31,54.71,40.87,10.59,8.0,0.9699999999999989,,-13.84,,34.0,34,31,31
61,"Titov, 2008c",299,SIAS,did,individual,per_arm_count,0,1,0,0,34,52.09,53.06,13.6,15.53,30,52.5,48.03,9.3,13.59,0.9699999999999989,,-4.469999999999999,,34.0,34,30,30
61,"Titov, 2008c",300,SPS,did,individual,per_arm_count,0,1,0,0,34,34.38,35.44,18.77,18.42,31,34.71,18.65,15.04,12.2,1.059999999999995,,-16.06,,34.0,34,31,31
61,"Titov, 2008c",301,SPS,did,individual,per_arm_count,0,1,0,0,34,34.38,35.44,18.77,18.42,30,32.87,28.27,17.02,16.27,1.059999999999995,,-4.599999999999998,,34.0,34,30,30
63,"Wang, 2020",302,SIAS,did,individual,per_arm_count,0,1,0,0,24,66.04,66.5,10.61,13.11,33,70.67,51.21,9.36,13.25,0.4599999999999937,,-19.46,,24.0,24,33,33
63,"Wang, 2020",303,SIAS,did,individual,per_arm_count,0,1,0,0,24,66.04,66.5,10.61,13.11,47,66.62,53.91,10.62,14.8,0.4599999999999937,,-12.71000000000001,,24.0,24,47,47
63,"Wang, 2020",304,SPS,did,individual,per_arm_count,0,1,0,0,24,55.42,56.29,13.74,16.9,33,53.48,40.03,13.87,14.99,0.8699999999999974,,-13.45,,24.0,24,33,33
63,"Wang, 2020",305,SPS,did,individual,per_arm_count,0,1,0,0,24,55.42,56.29,13.74,16.9,47,56.02,44.89,14.16,17.54,0.8699999999999974,,-11.13,,24.0,24,47,47
64,"Ye, 2017",306,LSAS,did,individual,per_arm_count,1,0,0,0,13,3.07,3.31,0.22,0.94,14,3.11,2.79,0.38,0.36,0.2400000000000002,,-0.3199999999999998,,13.0,13,14,14
64,"Ye, 2017",307,LSAS,did,individual,per_arm_count,1,0,0,0,13,4.18,4.42,0.37,0.62,14,4.14,3.78,0.11,0.65,0.2400000000000002,,-0.3599999999999999,,13.0,13,14,14
65,"Yoshinaga, 2016",308,LSAS,did,individual,per_arm_count,0,1,0,0,21,82.4,80.9,17.5,20.1,21,82.2,39.2,20.4,21.8,-1.5,,-43.0,,21.0,21,21,21
65,"Yoshinaga, 2016",309,SPAI,did,individual,per_arm_count,0,1,0,0,21,115.1,115.4,22.0,23.0,21,110.0,81.8,24.6,31.6,0.3000000000000114,,-28.2,,21.0,21,21,21
66,"Zainal, 2021",310,SIAS,did,individual,per_arm_count,0,0,1,0,18,46.45,29.8,14.54,13.28,26,53.48,25.29,9.53,9.5,-16.65,,-28.19,,18.0,18,26,26
66,"Zainal, 2021",311,SPDQ,did,individual,per_arm_count,0,0,1,0,18,16.99,12.53,4.42,4.92,26,19.12,9.52,3.5,3.51,-4.459999999999999,,-9.600000000000001,,18.0,18,26,26
